nohup: ignoring input
2026-04-26 18:26:29,329 INFO __main__ — Demand file SHA-256: c9b26afdbfd551f4f88f72eb119292a3ed0e9c2619c787a26b29d63250539c4e
2026-04-26 18:26:29,329 INFO __main__ — Derived S = 43609  (mean=38548.0, std=3067.2)
2026-04-26 18:26:29,329 INFO __main__ — Derived base safety stock = 5061  (mean_demand=38548, S=43609)
2026-04-26 18:26:29,329 INFO __main__ — === Starting experiment: baselines ===
2026-04-26 18:26:29,329 INFO __main__ — Running condition: exp_smoothing
2026-04-26 18:26:29,330 INFO __main__ — Condition exp_smoothing: completed 1/1 (attempt 1, replacements: 0)
2026-04-26 18:26:29,330 INFO __main__ — Condition exp_smoothing: finished — 1 valid runs in 1 attempts (0 replacement(s))
2026-04-26 18:26:29,338 INFO __main__ — Checkpoint written (75 records)
2026-04-26 18:26:29,338 INFO __main__ — Running condition: hybrid_control
2026-04-26 18:26:29,339 INFO __main__ — Condition hybrid_control: completed 1/1 (attempt 1, replacements: 0)
2026-04-26 18:26:29,339 INFO __main__ — Condition hybrid_control: finished — 1 valid runs in 1 attempts (0 replacement(s))
2026-04-26 18:26:29,341 INFO __main__ — Checkpoint written (150 records)
2026-04-26 18:26:29,375 INFO __main__ — Results saved to ../results/baselines/20260426T125629
2026-04-26 18:26:29,375 INFO __main__ — === baselines complete — results at ../results/baselines/20260426T125629 ===
2026-04-26 18:26:29,375 INFO __main__ — === Starting experiment: H1_IC ===
2026-04-26 18:26:29,375 INFO __main__ — Skipping condition ic_blind_azure (backend=azure, active=local)
2026-04-26 18:26:29,375 INFO __main__ — Running condition: ic_blind_local
2026-04-26 18:26:43,568 INFO httpx — HTTP Request: POST http://localhost:11434/v1/chat/completions "HTTP/1.1 200 OK"
2026-04-26 18:26:55,224 INFO httpx — HTTP Request: POST http://localhost:11434/v1/chat/completions "HTTP/1.1 200 OK"
2026-04-26 18:27:04,024 INFO httpx — HTTP Request: POST http://localhost:11434/v1/chat/completions "HTTP/1.1 200 OK"
2026-04-26 18:27:12,125 INFO httpx — HTTP Request: POST http://localhost:11434/v1/chat/completions "HTTP/1.1 200 OK"
2026-04-26 18:27:22,235 INFO httpx — HTTP Request: POST http://localhost:11434/v1/chat/completions "HTTP/1.1 200 OK"
2026-04-26 18:27:33,471 INFO httpx — HTTP Request: POST http://localhost:11434/v1/chat/completions "HTTP/1.1 200 OK"
2026-04-26 18:27:45,790 INFO httpx — HTTP Request: POST http://localhost:11434/v1/chat/completions "HTTP/1.1 200 OK"
2026-04-26 18:27:56,444 INFO httpx — HTTP Request: POST http://localhost:11434/v1/chat/completions "HTTP/1.1 200 OK"
2026-04-26 18:28:09,958 INFO httpx — HTTP Request: POST http://localhost:11434/v1/chat/completions "HTTP/1.1 200 OK"
2026-04-26 18:28:20,152 INFO httpx — HTTP Request: POST http://localhost:11434/v1/chat/completions "HTTP/1.1 200 OK"
2026-04-26 18:28:33,998 INFO httpx — HTTP Request: POST http://localhost:11434/v1/chat/completions "HTTP/1.1 200 OK"
2026-04-26 18:28:45,927 INFO httpx — HTTP Request: POST http://localhost:11434/v1/chat/completions "HTTP/1.1 200 OK"
2026-04-26 18:29:02,837 INFO httpx — HTTP Request: POST http://localhost:11434/v1/chat/completions "HTTP/1.1 200 OK"
2026-04-26 18:29:19,570 INFO httpx — HTTP Request: POST http://localhost:11434/v1/chat/completions "HTTP/1.1 200 OK"
2026-04-26 18:29:30,669 INFO httpx — HTTP Request: POST http://localhost:11434/v1/chat/completions "HTTP/1.1 200 OK"
2026-04-26 18:29:42,169 INFO httpx — HTTP Request: POST http://localhost:11434/v1/chat/completions "HTTP/1.1 200 OK"
2026-04-26 18:29:56,239 INFO httpx — HTTP Request: POST http://localhost:11434/v1/chat/completions "HTTP/1.1 200 OK"
2026-04-26 18:30:18,912 INFO httpx — HTTP Request: POST http://localhost:11434/v1/chat/completions "HTTP/1.1 200 OK"
2026-04-26 18:30:30,843 INFO httpx — HTTP Request: POST http://localhost:11434/v1/chat/completions "HTTP/1.1 200 OK"
2026-04-26 18:30:44,025 INFO httpx — HTTP Request: POST http://localhost:11434/v1/chat/completions "HTTP/1.1 200 OK"
2026-04-26 18:30:57,847 INFO httpx — HTTP Request: POST http://localhost:11434/v1/chat/completions "HTTP/1.1 200 OK"
2026-04-26 18:31:15,210 INFO httpx — HTTP Request: POST http://localhost:11434/v1/chat/completions "HTTP/1.1 200 OK"
2026-04-26 18:31:28,109 INFO httpx — HTTP Request: POST http://localhost:11434/v1/chat/completions "HTTP/1.1 200 OK"
2026-04-26 18:31:39,051 INFO httpx — HTTP Request: POST http://localhost:11434/v1/chat/completions "HTTP/1.1 200 OK"
2026-04-26 18:31:48,944 INFO httpx — HTTP Request: POST http://localhost:11434/v1/chat/completions "HTTP/1.1 200 OK"
2026-04-26 18:32:02,244 INFO httpx — HTTP Request: POST http://localhost:11434/v1/chat/completions "HTTP/1.1 200 OK"
2026-04-26 18:32:10,272 INFO httpx — HTTP Request: POST http://localhost:11434/v1/chat/completions "HTTP/1.1 200 OK"
2026-04-26 18:32:20,939 INFO httpx — HTTP Request: POST http://localhost:11434/v1/chat/completions "HTTP/1.1 200 OK"
2026-04-26 18:32:30,709 INFO httpx — HTTP Request: POST http://localhost:11434/v1/chat/completions "HTTP/1.1 200 OK"
2026-04-26 18:32:41,042 INFO httpx — HTTP Request: POST http://localhost:11434/v1/chat/completions "HTTP/1.1 200 OK"
2026-04-26 18:32:53,264 INFO httpx — HTTP Request: POST http://localhost:11434/v1/chat/completions "HTTP/1.1 200 OK"
2026-04-26 18:33:02,154 INFO httpx — HTTP Request: POST http://localhost:11434/v1/chat/completions "HTTP/1.1 200 OK"
2026-04-26 18:33:16,630 INFO httpx — HTTP Request: POST http://localhost:11434/v1/chat/completions "HTTP/1.1 200 OK"
2026-04-26 18:33:29,186 INFO httpx — HTTP Request: POST http://localhost:11434/v1/chat/completions "HTTP/1.1 200 OK"
2026-04-26 18:33:40,947 INFO httpx — HTTP Request: POST http://localhost:11434/v1/chat/completions "HTTP/1.1 200 OK"
2026-04-26 18:33:50,419 INFO httpx — HTTP Request: POST http://localhost:11434/v1/chat/completions "HTTP/1.1 200 OK"
2026-04-26 18:34:01,510 INFO httpx — HTTP Request: POST http://localhost:11434/v1/chat/completions "HTTP/1.1 200 OK"
2026-04-26 18:34:11,481 INFO httpx — HTTP Request: POST http://localhost:11434/v1/chat/completions "HTTP/1.1 200 OK"
2026-04-26 18:34:22,195 INFO httpx — HTTP Request: POST http://localhost:11434/v1/chat/completions "HTTP/1.1 200 OK"
2026-04-26 18:34:32,101 INFO httpx — HTTP Request: POST http://localhost:11434/v1/chat/completions "HTTP/1.1 200 OK"
2026-04-26 18:34:42,843 INFO httpx — HTTP Request: POST http://localhost:11434/v1/chat/completions "HTTP/1.1 200 OK"
2026-04-26 18:34:55,287 INFO httpx — HTTP Request: POST http://localhost:11434/v1/chat/completions "HTTP/1.1 200 OK"
2026-04-26 18:35:06,706 INFO httpx — HTTP Request: POST http://localhost:11434/v1/chat/completions "HTTP/1.1 200 OK"
2026-04-26 18:35:14,920 INFO httpx — HTTP Request: POST http://localhost:11434/v1/chat/completions "HTTP/1.1 200 OK"
2026-04-26 18:35:26,211 INFO httpx — HTTP Request: POST http://localhost:11434/v1/chat/completions "HTTP/1.1 200 OK"
2026-04-26 18:35:36,071 INFO httpx — HTTP Request: POST http://localhost:11434/v1/chat/completions "HTTP/1.1 200 OK"
2026-04-26 18:35:47,557 INFO httpx — HTTP Request: POST http://localhost:11434/v1/chat/completions "HTTP/1.1 200 OK"
2026-04-26 18:35:59,640 INFO httpx — HTTP Request: POST http://localhost:11434/v1/chat/completions "HTTP/1.1 200 OK"
2026-04-26 18:36:16,577 INFO httpx — HTTP Request: POST http://localhost:11434/v1/chat/completions "HTTP/1.1 200 OK"
2026-04-26 18:36:31,071 INFO httpx — HTTP Request: POST http://localhost:11434/v1/chat/completions "HTTP/1.1 200 OK"
2026-04-26 18:36:41,230 INFO httpx — HTTP Request: POST http://localhost:11434/v1/chat/completions "HTTP/1.1 200 OK"
2026-04-26 18:36:53,297 INFO httpx — HTTP Request: POST http://localhost:11434/v1/chat/completions "HTTP/1.1 200 OK"
2026-04-26 18:37:02,699 INFO httpx — HTTP Request: POST http://localhost:11434/v1/chat/completions "HTTP/1.1 200 OK"
2026-04-26 18:37:15,587 INFO httpx — HTTP Request: POST http://localhost:11434/v1/chat/completions "HTTP/1.1 200 OK"
2026-04-26 18:37:25,644 INFO httpx — HTTP Request: POST http://localhost:11434/v1/chat/completions "HTTP/1.1 200 OK"
2026-04-26 18:37:36,623 INFO httpx — HTTP Request: POST http://localhost:11434/v1/chat/completions "HTTP/1.1 200 OK"
2026-04-26 18:37:49,853 INFO httpx — HTTP Request: POST http://localhost:11434/v1/chat/completions "HTTP/1.1 200 OK"
2026-04-26 18:38:02,473 INFO httpx — HTTP Request: POST http://localhost:11434/v1/chat/completions "HTTP/1.1 200 OK"
2026-04-26 18:38:11,917 INFO httpx — HTTP Request: POST http://localhost:11434/v1/chat/completions "HTTP/1.1 200 OK"
2026-04-26 18:38:22,097 INFO httpx — HTTP Request: POST http://localhost:11434/v1/chat/completions "HTTP/1.1 200 OK"
2026-04-26 18:38:38,541 INFO httpx — HTTP Request: POST http://localhost:11434/v1/chat/completions "HTTP/1.1 200 OK"
2026-04-26 18:38:51,460 INFO httpx — HTTP Request: POST http://localhost:11434/v1/chat/completions "HTTP/1.1 200 OK"
2026-04-26 18:39:03,345 INFO httpx — HTTP Request: POST http://localhost:11434/v1/chat/completions "HTTP/1.1 200 OK"
2026-04-26 18:39:18,076 INFO httpx — HTTP Request: POST http://localhost:11434/v1/chat/completions "HTTP/1.1 200 OK"
2026-04-26 18:39:33,271 INFO httpx — HTTP Request: POST http://localhost:11434/v1/chat/completions "HTTP/1.1 200 OK"
2026-04-26 18:39:44,874 INFO httpx — HTTP Request: POST http://localhost:11434/v1/chat/completions "HTTP/1.1 200 OK"
2026-04-26 18:39:53,994 INFO httpx — HTTP Request: POST http://localhost:11434/v1/chat/completions "HTTP/1.1 200 OK"
2026-04-26 18:40:03,741 INFO httpx — HTTP Request: POST http://localhost:11434/v1/chat/completions "HTTP/1.1 200 OK"
2026-04-26 18:40:10,932 INFO httpx — HTTP Request: POST http://localhost:11434/v1/chat/completions "HTTP/1.1 200 OK"
2026-04-26 18:40:17,865 INFO httpx — HTTP Request: POST http://localhost:11434/v1/chat/completions "HTTP/1.1 200 OK"
2026-04-26 18:40:25,777 INFO httpx — HTTP Request: POST http://localhost:11434/v1/chat/completions "HTTP/1.1 200 OK"
2026-04-26 18:40:38,646 INFO httpx — HTTP Request: POST http://localhost:11434/v1/chat/completions "HTTP/1.1 200 OK"
2026-04-26 18:40:55,697 INFO __main__ — Condition ic_blind_local: completed 1/5 (attempt 1, replacements: 0)
2026-04-26 18:40:56,715 INFO httpx — HTTP Request: POST http://localhost:11434/v1/chat/completions "HTTP/1.1 200 OK"
2026-04-26 18:41:13,331 INFO httpx — HTTP Request: POST http://localhost:11434/v1/chat/completions "HTTP/1.1 200 OK"
2026-04-26 18:41:25,625 INFO httpx — HTTP Request: POST http://localhost:11434/v1/chat/completions "HTTP/1.1 200 OK"
2026-04-26 18:41:33,627 INFO httpx — HTTP Request: POST http://localhost:11434/v1/chat/completions "HTTP/1.1 200 OK"
2026-04-26 18:41:42,535 INFO httpx — HTTP Request: POST http://localhost:11434/v1/chat/completions "HTTP/1.1 200 OK"
2026-04-26 18:41:51,728 INFO httpx — HTTP Request: POST http://localhost:11434/v1/chat/completions "HTTP/1.1 200 OK"
2026-04-26 18:42:10,214 INFO httpx — HTTP Request: POST http://localhost:11434/v1/chat/completions "HTTP/1.1 200 OK"
2026-04-26 18:42:18,344 INFO httpx — HTTP Request: POST http://localhost:11434/v1/chat/completions "HTTP/1.1 200 OK"
2026-04-26 18:42:28,709 INFO httpx — HTTP Request: POST http://localhost:11434/v1/chat/completions "HTTP/1.1 200 OK"
2026-04-26 18:42:38,107 INFO httpx — HTTP Request: POST http://localhost:11434/v1/chat/completions "HTTP/1.1 200 OK"
2026-04-26 18:42:51,419 INFO httpx — HTTP Request: POST http://localhost:11434/v1/chat/completions "HTTP/1.1 200 OK"
2026-04-26 18:43:04,958 INFO httpx — HTTP Request: POST http://localhost:11434/v1/chat/completions "HTTP/1.1 200 OK"
2026-04-26 18:43:25,921 INFO httpx — HTTP Request: POST http://localhost:11434/v1/chat/completions "HTTP/1.1 200 OK"
2026-04-26 18:43:38,024 INFO httpx — HTTP Request: POST http://localhost:11434/v1/chat/completions "HTTP/1.1 200 OK"
2026-04-26 18:43:53,742 INFO httpx — HTTP Request: POST http://localhost:11434/v1/chat/completions "HTTP/1.1 200 OK"
2026-04-26 18:44:13,053 INFO httpx — HTTP Request: POST http://localhost:11434/v1/chat/completions "HTTP/1.1 200 OK"
2026-04-26 18:44:25,126 INFO httpx — HTTP Request: POST http://localhost:11434/v1/chat/completions "HTTP/1.1 200 OK"
2026-04-26 18:44:37,884 INFO httpx — HTTP Request: POST http://localhost:11434/v1/chat/completions "HTTP/1.1 200 OK"
2026-04-26 18:45:05,918 INFO httpx — HTTP Request: POST http://localhost:11434/v1/chat/completions "HTTP/1.1 200 OK"
2026-04-26 18:45:19,484 INFO httpx — HTTP Request: POST http://localhost:11434/v1/chat/completions "HTTP/1.1 200 OK"
2026-04-26 18:45:31,014 INFO httpx — HTTP Request: POST http://localhost:11434/v1/chat/completions "HTTP/1.1 200 OK"
2026-04-26 18:45:40,868 INFO httpx — HTTP Request: POST http://localhost:11434/v1/chat/completions "HTTP/1.1 200 OK"
2026-04-26 18:45:55,211 INFO httpx — HTTP Request: POST http://localhost:11434/v1/chat/completions "HTTP/1.1 200 OK"
2026-04-26 18:46:05,481 INFO httpx — HTTP Request: POST http://localhost:11434/v1/chat/completions "HTTP/1.1 200 OK"
2026-04-26 18:46:14,317 INFO httpx — HTTP Request: POST http://localhost:11434/v1/chat/completions "HTTP/1.1 200 OK"
2026-04-26 18:46:28,393 INFO httpx — HTTP Request: POST http://localhost:11434/v1/chat/completions "HTTP/1.1 200 OK"
2026-04-26 18:46:38,728 INFO httpx — HTTP Request: POST http://localhost:11434/v1/chat/completions "HTTP/1.1 200 OK"
2026-04-26 18:46:52,899 INFO httpx — HTTP Request: POST http://localhost:11434/v1/chat/completions "HTTP/1.1 200 OK"
2026-04-26 18:47:01,503 INFO httpx — HTTP Request: POST http://localhost:11434/v1/chat/completions "HTTP/1.1 200 OK"
2026-04-26 18:47:13,136 INFO httpx — HTTP Request: POST http://localhost:11434/v1/chat/completions "HTTP/1.1 200 OK"
2026-04-26 18:47:27,165 INFO httpx — HTTP Request: POST http://localhost:11434/v1/chat/completions "HTTP/1.1 200 OK"
2026-04-26 18:47:40,153 INFO httpx — HTTP Request: POST http://localhost:11434/v1/chat/completions "HTTP/1.1 200 OK"
2026-04-26 18:47:55,192 INFO httpx — HTTP Request: POST http://localhost:11434/v1/chat/completions "HTTP/1.1 200 OK"
2026-04-26 18:48:05,443 INFO httpx — HTTP Request: POST http://localhost:11434/v1/chat/completions "HTTP/1.1 200 OK"
2026-04-26 18:48:15,572 INFO httpx — HTTP Request: POST http://localhost:11434/v1/chat/completions "HTTP/1.1 200 OK"
2026-04-26 18:48:25,549 INFO httpx — HTTP Request: POST http://localhost:11434/v1/chat/completions "HTTP/1.1 200 OK"
2026-04-26 18:48:35,373 INFO httpx — HTTP Request: POST http://localhost:11434/v1/chat/completions "HTTP/1.1 200 OK"
2026-04-26 18:48:46,760 INFO httpx — HTTP Request: POST http://localhost:11434/v1/chat/completions "HTTP/1.1 200 OK"
2026-04-26 18:49:00,373 INFO httpx — HTTP Request: POST http://localhost:11434/v1/chat/completions "HTTP/1.1 200 OK"
2026-04-26 18:49:14,246 INFO httpx — HTTP Request: POST http://localhost:11434/v1/chat/completions "HTTP/1.1 200 OK"
2026-04-26 18:49:27,357 INFO httpx — HTTP Request: POST http://localhost:11434/v1/chat/completions "HTTP/1.1 200 OK"
2026-04-26 18:49:37,117 INFO httpx — HTTP Request: POST http://localhost:11434/v1/chat/completions "HTTP/1.1 200 OK"
2026-04-26 18:49:48,568 INFO httpx — HTTP Request: POST http://localhost:11434/v1/chat/completions "HTTP/1.1 200 OK"
2026-04-26 18:50:11,042 INFO httpx — HTTP Request: POST http://localhost:11434/v1/chat/completions "HTTP/1.1 200 OK"
2026-04-26 18:50:18,855 INFO httpx — HTTP Request: POST http://localhost:11434/v1/chat/completions "HTTP/1.1 200 OK"
2026-04-26 18:50:28,679 INFO httpx — HTTP Request: POST http://localhost:11434/v1/chat/completions "HTTP/1.1 200 OK"
2026-04-26 18:50:39,642 INFO httpx — HTTP Request: POST http://localhost:11434/v1/chat/completions "HTTP/1.1 200 OK"
2026-04-26 18:50:51,925 INFO httpx — HTTP Request: POST http://localhost:11434/v1/chat/completions "HTTP/1.1 200 OK"
2026-04-26 18:51:03,347 INFO httpx — HTTP Request: POST http://localhost:11434/v1/chat/completions "HTTP/1.1 200 OK"
2026-04-26 18:51:14,561 INFO httpx — HTTP Request: POST http://localhost:11434/v1/chat/completions "HTTP/1.1 200 OK"
2026-04-26 18:51:29,623 INFO httpx — HTTP Request: POST http://localhost:11434/v1/chat/completions "HTTP/1.1 200 OK"
2026-04-26 18:51:41,822 INFO httpx — HTTP Request: POST http://localhost:11434/v1/chat/completions "HTTP/1.1 200 OK"
2026-04-26 18:52:04,563 INFO httpx — HTTP Request: POST http://localhost:11434/v1/chat/completions "HTTP/1.1 200 OK"
2026-04-26 18:52:15,003 INFO httpx — HTTP Request: POST http://localhost:11434/v1/chat/completions "HTTP/1.1 200 OK"
2026-04-26 18:52:28,501 INFO httpx — HTTP Request: POST http://localhost:11434/v1/chat/completions "HTTP/1.1 200 OK"
2026-04-26 18:52:41,461 INFO httpx — HTTP Request: POST http://localhost:11434/v1/chat/completions "HTTP/1.1 200 OK"
2026-04-26 18:52:52,393 INFO httpx — HTTP Request: POST http://localhost:11434/v1/chat/completions "HTTP/1.1 200 OK"
2026-04-26 18:53:07,634 INFO httpx — HTTP Request: POST http://localhost:11434/v1/chat/completions "HTTP/1.1 200 OK"
2026-04-26 18:53:18,128 INFO httpx — HTTP Request: POST http://localhost:11434/v1/chat/completions "HTTP/1.1 200 OK"
2026-04-26 18:53:30,528 INFO httpx — HTTP Request: POST http://localhost:11434/v1/chat/completions "HTTP/1.1 200 OK"
2026-04-26 18:53:43,516 INFO httpx — HTTP Request: POST http://localhost:11434/v1/chat/completions "HTTP/1.1 200 OK"
2026-04-26 18:53:52,994 INFO httpx — HTTP Request: POST http://localhost:11434/v1/chat/completions "HTTP/1.1 200 OK"
2026-04-26 18:54:06,241 INFO httpx — HTTP Request: POST http://localhost:11434/v1/chat/completions "HTTP/1.1 200 OK"
2026-04-26 18:54:16,350 INFO httpx — HTTP Request: POST http://localhost:11434/v1/chat/completions "HTTP/1.1 200 OK"
2026-04-26 18:54:25,610 INFO httpx — HTTP Request: POST http://localhost:11434/v1/chat/completions "HTTP/1.1 200 OK"
2026-04-26 18:54:43,603 INFO httpx — HTTP Request: POST http://localhost:11434/v1/chat/completions "HTTP/1.1 200 OK"
2026-04-26 18:54:52,444 INFO httpx — HTTP Request: POST http://localhost:11434/v1/chat/completions "HTTP/1.1 200 OK"
2026-04-26 18:55:02,255 INFO httpx — HTTP Request: POST http://localhost:11434/v1/chat/completions "HTTP/1.1 200 OK"
2026-04-26 18:55:10,426 INFO httpx — HTTP Request: POST http://localhost:11434/v1/chat/completions "HTTP/1.1 200 OK"
2026-04-26 18:55:19,174 INFO httpx — HTTP Request: POST http://localhost:11434/v1/chat/completions "HTTP/1.1 200 OK"
2026-04-26 18:55:33,219 INFO httpx — HTTP Request: POST http://localhost:11434/v1/chat/completions "HTTP/1.1 200 OK"
2026-04-26 18:55:48,654 INFO httpx — HTTP Request: POST http://localhost:11434/v1/chat/completions "HTTP/1.1 200 OK"
2026-04-26 18:56:01,418 INFO __main__ — Condition ic_blind_local: completed 2/5 (attempt 2, replacements: 0)
2026-04-26 18:56:02,399 INFO httpx — HTTP Request: POST http://localhost:11434/v1/chat/completions "HTTP/1.1 200 OK"
2026-04-26 18:56:18,992 INFO httpx — HTTP Request: POST http://localhost:11434/v1/chat/completions "HTTP/1.1 200 OK"
2026-04-26 18:56:27,715 INFO httpx — HTTP Request: POST http://localhost:11434/v1/chat/completions "HTTP/1.1 200 OK"
2026-04-26 18:56:35,758 INFO httpx — HTTP Request: POST http://localhost:11434/v1/chat/completions "HTTP/1.1 200 OK"
2026-04-26 18:56:44,521 INFO httpx — HTTP Request: POST http://localhost:11434/v1/chat/completions "HTTP/1.1 200 OK"
2026-04-26 18:56:57,207 INFO httpx — HTTP Request: POST http://localhost:11434/v1/chat/completions "HTTP/1.1 200 OK"
2026-04-26 18:57:20,241 INFO httpx — HTTP Request: POST http://localhost:11434/v1/chat/completions "HTTP/1.1 200 OK"
2026-04-26 18:57:31,513 INFO httpx — HTTP Request: POST http://localhost:11434/v1/chat/completions "HTTP/1.1 200 OK"
2026-04-26 18:57:41,020 INFO httpx — HTTP Request: POST http://localhost:11434/v1/chat/completions "HTTP/1.1 200 OK"
2026-04-26 18:57:49,206 INFO httpx — HTTP Request: POST http://localhost:11434/v1/chat/completions "HTTP/1.1 200 OK"
2026-04-26 18:58:00,518 INFO httpx — HTTP Request: POST http://localhost:11434/v1/chat/completions "HTTP/1.1 200 OK"
2026-04-26 18:58:16,426 INFO httpx — HTTP Request: POST http://localhost:11434/v1/chat/completions "HTTP/1.1 200 OK"
2026-04-26 18:58:26,984 INFO httpx — HTTP Request: POST http://localhost:11434/v1/chat/completions "HTTP/1.1 200 OK"
2026-04-26 18:58:41,412 INFO httpx — HTTP Request: POST http://localhost:11434/v1/chat/completions "HTTP/1.1 200 OK"
2026-04-26 18:58:52,945 INFO httpx — HTTP Request: POST http://localhost:11434/v1/chat/completions "HTTP/1.1 200 OK"
2026-04-26 18:59:03,864 INFO httpx — HTTP Request: POST http://localhost:11434/v1/chat/completions "HTTP/1.1 200 OK"
2026-04-26 18:59:15,340 INFO httpx — HTTP Request: POST http://localhost:11434/v1/chat/completions "HTTP/1.1 200 OK"
2026-04-26 18:59:28,435 INFO httpx — HTTP Request: POST http://localhost:11434/v1/chat/completions "HTTP/1.1 200 OK"
2026-04-26 18:59:44,068 INFO httpx — HTTP Request: POST http://localhost:11434/v1/chat/completions "HTTP/1.1 200 OK"
2026-04-26 18:59:56,162 INFO httpx — HTTP Request: POST http://localhost:11434/v1/chat/completions "HTTP/1.1 200 OK"
2026-04-26 19:00:06,192 INFO httpx — HTTP Request: POST http://localhost:11434/v1/chat/completions "HTTP/1.1 200 OK"
2026-04-26 19:00:15,751 INFO httpx — HTTP Request: POST http://localhost:11434/v1/chat/completions "HTTP/1.1 200 OK"
2026-04-26 19:00:26,240 INFO httpx — HTTP Request: POST http://localhost:11434/v1/chat/completions "HTTP/1.1 200 OK"
2026-04-26 19:00:36,534 INFO httpx — HTTP Request: POST http://localhost:11434/v1/chat/completions "HTTP/1.1 200 OK"
2026-04-26 19:00:47,942 INFO httpx — HTTP Request: POST http://localhost:11434/v1/chat/completions "HTTP/1.1 200 OK"
2026-04-26 19:01:00,318 INFO httpx — HTTP Request: POST http://localhost:11434/v1/chat/completions "HTTP/1.1 200 OK"
2026-04-26 19:01:13,076 INFO httpx — HTTP Request: POST http://localhost:11434/v1/chat/completions "HTTP/1.1 200 OK"
2026-04-26 19:01:25,376 INFO httpx — HTTP Request: POST http://localhost:11434/v1/chat/completions "HTTP/1.1 200 OK"
2026-04-26 19:01:34,584 INFO httpx — HTTP Request: POST http://localhost:11434/v1/chat/completions "HTTP/1.1 200 OK"
2026-04-26 19:01:43,544 INFO httpx — HTTP Request: POST http://localhost:11434/v1/chat/completions "HTTP/1.1 200 OK"
2026-04-26 19:01:56,661 INFO httpx — HTTP Request: POST http://localhost:11434/v1/chat/completions "HTTP/1.1 200 OK"
2026-04-26 19:02:09,283 INFO httpx — HTTP Request: POST http://localhost:11434/v1/chat/completions "HTTP/1.1 200 OK"
2026-04-26 19:02:25,831 INFO httpx — HTTP Request: POST http://localhost:11434/v1/chat/completions "HTTP/1.1 200 OK"
2026-04-26 19:02:36,327 INFO httpx — HTTP Request: POST http://localhost:11434/v1/chat/completions "HTTP/1.1 200 OK"
2026-04-26 19:02:50,164 INFO httpx — HTTP Request: POST http://localhost:11434/v1/chat/completions "HTTP/1.1 200 OK"
2026-04-26 19:03:01,594 INFO httpx — HTTP Request: POST http://localhost:11434/v1/chat/completions "HTTP/1.1 200 OK"
2026-04-26 19:03:20,061 INFO httpx — HTTP Request: POST http://localhost:11434/v1/chat/completions "HTTP/1.1 200 OK"
2026-04-26 19:03:29,826 INFO httpx — HTTP Request: POST http://localhost:11434/v1/chat/completions "HTTP/1.1 200 OK"
2026-04-26 19:03:40,629 INFO httpx — HTTP Request: POST http://localhost:11434/v1/chat/completions "HTTP/1.1 200 OK"
2026-04-26 19:03:52,841 INFO httpx — HTTP Request: POST http://localhost:11434/v1/chat/completions "HTTP/1.1 200 OK"
2026-04-26 19:04:05,562 INFO httpx — HTTP Request: POST http://localhost:11434/v1/chat/completions "HTTP/1.1 200 OK"
2026-04-26 19:04:16,292 INFO httpx — HTTP Request: POST http://localhost:11434/v1/chat/completions "HTTP/1.1 200 OK"
2026-04-26 19:04:28,195 INFO httpx — HTTP Request: POST http://localhost:11434/v1/chat/completions "HTTP/1.1 200 OK"
2026-04-26 19:04:42,203 INFO httpx — HTTP Request: POST http://localhost:11434/v1/chat/completions "HTTP/1.1 200 OK"
2026-04-26 19:04:50,915 INFO httpx — HTTP Request: POST http://localhost:11434/v1/chat/completions "HTTP/1.1 200 OK"
2026-04-26 19:04:58,637 INFO httpx — HTTP Request: POST http://localhost:11434/v1/chat/completions "HTTP/1.1 200 OK"
2026-04-26 19:05:10,365 INFO httpx — HTTP Request: POST http://localhost:11434/v1/chat/completions "HTTP/1.1 200 OK"
2026-04-26 19:05:24,251 INFO httpx — HTTP Request: POST http://localhost:11434/v1/chat/completions "HTTP/1.1 200 OK"
2026-04-26 19:05:48,072 INFO httpx — HTTP Request: POST http://localhost:11434/v1/chat/completions "HTTP/1.1 200 OK"
2026-04-26 19:05:59,107 INFO httpx — HTTP Request: POST http://localhost:11434/v1/chat/completions "HTTP/1.1 200 OK"
2026-04-26 19:06:13,117 INFO httpx — HTTP Request: POST http://localhost:11434/v1/chat/completions "HTTP/1.1 200 OK"
2026-04-26 19:06:25,401 INFO httpx — HTTP Request: POST http://localhost:11434/v1/chat/completions "HTTP/1.1 200 OK"
2026-04-26 19:06:37,124 INFO httpx — HTTP Request: POST http://localhost:11434/v1/chat/completions "HTTP/1.1 200 OK"
2026-04-26 19:06:47,764 INFO httpx — HTTP Request: POST http://localhost:11434/v1/chat/completions "HTTP/1.1 200 OK"
2026-04-26 19:06:55,983 INFO httpx — HTTP Request: POST http://localhost:11434/v1/chat/completions "HTTP/1.1 200 OK"
2026-04-26 19:07:08,128 INFO httpx — HTTP Request: POST http://localhost:11434/v1/chat/completions "HTTP/1.1 200 OK"
2026-04-26 19:07:20,198 INFO httpx — HTTP Request: POST http://localhost:11434/v1/chat/completions "HTTP/1.1 200 OK"
2026-04-26 19:07:33,216 INFO httpx — HTTP Request: POST http://localhost:11434/v1/chat/completions "HTTP/1.1 200 OK"
2026-04-26 19:07:44,247 INFO httpx — HTTP Request: POST http://localhost:11434/v1/chat/completions "HTTP/1.1 200 OK"
2026-04-26 19:07:55,765 INFO httpx — HTTP Request: POST http://localhost:11434/v1/chat/completions "HTTP/1.1 200 OK"
2026-04-26 19:08:07,573 INFO httpx — HTTP Request: POST http://localhost:11434/v1/chat/completions "HTTP/1.1 200 OK"
2026-04-26 19:08:19,008 INFO httpx — HTTP Request: POST http://localhost:11434/v1/chat/completions "HTTP/1.1 200 OK"
2026-04-26 19:08:35,188 INFO httpx — HTTP Request: POST http://localhost:11434/v1/chat/completions "HTTP/1.1 200 OK"
2026-04-26 19:08:49,155 INFO httpx — HTTP Request: POST http://localhost:11434/v1/chat/completions "HTTP/1.1 200 OK"
2026-04-26 19:08:57,762 INFO httpx — HTTP Request: POST http://localhost:11434/v1/chat/completions "HTTP/1.1 200 OK"
2026-04-26 19:09:10,771 INFO httpx — HTTP Request: POST http://localhost:11434/v1/chat/completions "HTTP/1.1 200 OK"
2026-04-26 19:09:21,715 INFO httpx — HTTP Request: POST http://localhost:11434/v1/chat/completions "HTTP/1.1 200 OK"
2026-04-26 19:09:30,920 INFO httpx — HTTP Request: POST http://localhost:11434/v1/chat/completions "HTTP/1.1 200 OK"
2026-04-26 19:09:41,048 INFO httpx — HTTP Request: POST http://localhost:11434/v1/chat/completions "HTTP/1.1 200 OK"
2026-04-26 19:09:50,017 INFO httpx — HTTP Request: POST http://localhost:11434/v1/chat/completions "HTTP/1.1 200 OK"
2026-04-26 19:10:03,157 INFO httpx — HTTP Request: POST http://localhost:11434/v1/chat/completions "HTTP/1.1 200 OK"
2026-04-26 19:10:14,219 INFO httpx — HTTP Request: POST http://localhost:11434/v1/chat/completions "HTTP/1.1 200 OK"
2026-04-26 19:10:27,881 INFO __main__ — Condition ic_blind_local: completed 3/5 (attempt 3, replacements: 0)
2026-04-26 19:10:28,862 INFO httpx — HTTP Request: POST http://localhost:11434/v1/chat/completions "HTTP/1.1 200 OK"
2026-04-26 19:10:51,113 INFO httpx — HTTP Request: POST http://localhost:11434/v1/chat/completions "HTTP/1.1 200 OK"
2026-04-26 19:10:58,741 INFO httpx — HTTP Request: POST http://localhost:11434/v1/chat/completions "HTTP/1.1 200 OK"
2026-04-26 19:11:09,494 INFO httpx — HTTP Request: POST http://localhost:11434/v1/chat/completions "HTTP/1.1 200 OK"
2026-04-26 19:11:20,432 INFO httpx — HTTP Request: POST http://localhost:11434/v1/chat/completions "HTTP/1.1 200 OK"
2026-04-26 19:11:31,871 INFO httpx — HTTP Request: POST http://localhost:11434/v1/chat/completions "HTTP/1.1 200 OK"
2026-04-26 19:11:42,462 INFO httpx — HTTP Request: POST http://localhost:11434/v1/chat/completions "HTTP/1.1 200 OK"
2026-04-26 19:11:58,441 INFO httpx — HTTP Request: POST http://localhost:11434/v1/chat/completions "HTTP/1.1 200 OK"
2026-04-26 19:12:08,815 INFO httpx — HTTP Request: POST http://localhost:11434/v1/chat/completions "HTTP/1.1 200 OK"
2026-04-26 19:12:20,084 INFO httpx — HTTP Request: POST http://localhost:11434/v1/chat/completions "HTTP/1.1 200 OK"
2026-04-26 19:12:29,925 INFO httpx — HTTP Request: POST http://localhost:11434/v1/chat/completions "HTTP/1.1 200 OK"
2026-04-26 19:12:41,239 INFO httpx — HTTP Request: POST http://localhost:11434/v1/chat/completions "HTTP/1.1 200 OK"
2026-04-26 19:12:51,827 INFO httpx — HTTP Request: POST http://localhost:11434/v1/chat/completions "HTTP/1.1 200 OK"
2026-04-26 19:13:03,158 INFO httpx — HTTP Request: POST http://localhost:11434/v1/chat/completions "HTTP/1.1 200 OK"
2026-04-26 19:13:14,816 INFO httpx — HTTP Request: POST http://localhost:11434/v1/chat/completions "HTTP/1.1 200 OK"
2026-04-26 19:13:33,259 INFO httpx — HTTP Request: POST http://localhost:11434/v1/chat/completions "HTTP/1.1 200 OK"
2026-04-26 19:13:51,211 INFO httpx — HTTP Request: POST http://localhost:11434/v1/chat/completions "HTTP/1.1 200 OK"
2026-04-26 19:14:01,915 INFO httpx — HTTP Request: POST http://localhost:11434/v1/chat/completions "HTTP/1.1 200 OK"
2026-04-26 19:14:12,970 INFO httpx — HTTP Request: POST http://localhost:11434/v1/chat/completions "HTTP/1.1 200 OK"
2026-04-26 19:14:28,470 INFO httpx — HTTP Request: POST http://localhost:11434/v1/chat/completions "HTTP/1.1 200 OK"
2026-04-26 19:14:41,008 INFO httpx — HTTP Request: POST http://localhost:11434/v1/chat/completions "HTTP/1.1 200 OK"
2026-04-26 19:14:54,924 INFO httpx — HTTP Request: POST http://localhost:11434/v1/chat/completions "HTTP/1.1 200 OK"
2026-04-26 19:15:04,538 INFO httpx — HTTP Request: POST http://localhost:11434/v1/chat/completions "HTTP/1.1 200 OK"
2026-04-26 19:15:14,419 INFO httpx — HTTP Request: POST http://localhost:11434/v1/chat/completions "HTTP/1.1 200 OK"
2026-04-26 19:15:26,339 INFO httpx — HTTP Request: POST http://localhost:11434/v1/chat/completions "HTTP/1.1 200 OK"
2026-04-26 19:15:39,928 INFO httpx — HTTP Request: POST http://localhost:11434/v1/chat/completions "HTTP/1.1 200 OK"
2026-04-26 19:15:51,443 INFO httpx — HTTP Request: POST http://localhost:11434/v1/chat/completions "HTTP/1.1 200 OK"
2026-04-26 19:16:03,467 INFO httpx — HTTP Request: POST http://localhost:11434/v1/chat/completions "HTTP/1.1 200 OK"
2026-04-26 19:16:14,803 INFO httpx — HTTP Request: POST http://localhost:11434/v1/chat/completions "HTTP/1.1 200 OK"
2026-04-26 19:16:22,758 INFO httpx — HTTP Request: POST http://localhost:11434/v1/chat/completions "HTTP/1.1 200 OK"
2026-04-26 19:16:34,603 INFO httpx — HTTP Request: POST http://localhost:11434/v1/chat/completions "HTTP/1.1 200 OK"
2026-04-26 19:16:46,313 INFO httpx — HTTP Request: POST http://localhost:11434/v1/chat/completions "HTTP/1.1 200 OK"
2026-04-26 19:17:00,135 INFO httpx — HTTP Request: POST http://localhost:11434/v1/chat/completions "HTTP/1.1 200 OK"
2026-04-26 19:17:13,621 INFO httpx — HTTP Request: POST http://localhost:11434/v1/chat/completions "HTTP/1.1 200 OK"
2026-04-26 19:17:23,542 INFO httpx — HTTP Request: POST http://localhost:11434/v1/chat/completions "HTTP/1.1 200 OK"
2026-04-26 19:17:34,788 INFO httpx — HTTP Request: POST http://localhost:11434/v1/chat/completions "HTTP/1.1 200 OK"
2026-04-26 19:17:41,728 INFO httpx — HTTP Request: POST http://localhost:11434/v1/chat/completions "HTTP/1.1 200 OK"
2026-04-26 19:17:52,630 INFO httpx — HTTP Request: POST http://localhost:11434/v1/chat/completions "HTTP/1.1 200 OK"
2026-04-26 19:18:02,128 INFO httpx — HTTP Request: POST http://localhost:11434/v1/chat/completions "HTTP/1.1 200 OK"
2026-04-26 19:18:11,777 INFO httpx — HTTP Request: POST http://localhost:11434/v1/chat/completions "HTTP/1.1 200 OK"
2026-04-26 19:18:21,946 INFO httpx — HTTP Request: POST http://localhost:11434/v1/chat/completions "HTTP/1.1 200 OK"
2026-04-26 19:18:35,179 INFO httpx — HTTP Request: POST http://localhost:11434/v1/chat/completions "HTTP/1.1 200 OK"
2026-04-26 19:18:46,517 INFO httpx — HTTP Request: POST http://localhost:11434/v1/chat/completions "HTTP/1.1 200 OK"
2026-04-26 19:19:14,681 INFO httpx — HTTP Request: POST http://localhost:11434/v1/chat/completions "HTTP/1.1 200 OK"
2026-04-26 19:19:23,459 INFO httpx — HTTP Request: POST http://localhost:11434/v1/chat/completions "HTTP/1.1 200 OK"
2026-04-26 19:19:33,747 INFO httpx — HTTP Request: POST http://localhost:11434/v1/chat/completions "HTTP/1.1 200 OK"
2026-04-26 19:19:47,911 INFO httpx — HTTP Request: POST http://localhost:11434/v1/chat/completions "HTTP/1.1 200 OK"
2026-04-26 19:19:56,501 INFO httpx — HTTP Request: POST http://localhost:11434/v1/chat/completions "HTTP/1.1 200 OK"
2026-04-26 19:20:11,573 INFO httpx — HTTP Request: POST http://localhost:11434/v1/chat/completions "HTTP/1.1 200 OK"
2026-04-26 19:20:25,553 INFO httpx — HTTP Request: POST http://localhost:11434/v1/chat/completions "HTTP/1.1 200 OK"
2026-04-26 19:20:38,721 INFO httpx — HTTP Request: POST http://localhost:11434/v1/chat/completions "HTTP/1.1 200 OK"
2026-04-26 19:20:50,169 INFO httpx — HTTP Request: POST http://localhost:11434/v1/chat/completions "HTTP/1.1 200 OK"
2026-04-26 19:21:02,699 INFO httpx — HTTP Request: POST http://localhost:11434/v1/chat/completions "HTTP/1.1 200 OK"
2026-04-26 19:21:14,932 INFO httpx — HTTP Request: POST http://localhost:11434/v1/chat/completions "HTTP/1.1 200 OK"
2026-04-26 19:21:35,132 INFO httpx — HTTP Request: POST http://localhost:11434/v1/chat/completions "HTTP/1.1 200 OK"
2026-04-26 19:21:45,698 INFO httpx — HTTP Request: POST http://localhost:11434/v1/chat/completions "HTTP/1.1 200 OK"
2026-04-26 19:21:55,553 INFO httpx — HTTP Request: POST http://localhost:11434/v1/chat/completions "HTTP/1.1 200 OK"
2026-04-26 19:22:05,473 INFO httpx — HTTP Request: POST http://localhost:11434/v1/chat/completions "HTTP/1.1 200 OK"
2026-04-26 19:22:21,999 INFO httpx — HTTP Request: POST http://localhost:11434/v1/chat/completions "HTTP/1.1 200 OK"
2026-04-26 19:22:35,052 INFO httpx — HTTP Request: POST http://localhost:11434/v1/chat/completions "HTTP/1.1 200 OK"
2026-04-26 19:22:45,687 INFO httpx — HTTP Request: POST http://localhost:11434/v1/chat/completions "HTTP/1.1 200 OK"
2026-04-26 19:22:58,205 INFO httpx — HTTP Request: POST http://localhost:11434/v1/chat/completions "HTTP/1.1 200 OK"
2026-04-26 19:23:08,844 INFO httpx — HTTP Request: POST http://localhost:11434/v1/chat/completions "HTTP/1.1 200 OK"
2026-04-26 19:23:20,035 INFO httpx — HTTP Request: POST http://localhost:11434/v1/chat/completions "HTTP/1.1 200 OK"
2026-04-26 19:23:31,844 INFO httpx — HTTP Request: POST http://localhost:11434/v1/chat/completions "HTTP/1.1 200 OK"
2026-04-26 19:23:56,571 INFO httpx — HTTP Request: POST http://localhost:11434/v1/chat/completions "HTTP/1.1 200 OK"
2026-04-26 19:24:10,677 INFO httpx — HTTP Request: POST http://localhost:11434/v1/chat/completions "HTTP/1.1 200 OK"
2026-04-26 19:24:21,705 INFO httpx — HTTP Request: POST http://localhost:11434/v1/chat/completions "HTTP/1.1 200 OK"
2026-04-26 19:24:32,541 INFO httpx — HTTP Request: POST http://localhost:11434/v1/chat/completions "HTTP/1.1 200 OK"
2026-04-26 19:24:41,279 INFO httpx — HTTP Request: POST http://localhost:11434/v1/chat/completions "HTTP/1.1 200 OK"
2026-04-26 19:24:56,034 INFO httpx — HTTP Request: POST http://localhost:11434/v1/chat/completions "HTTP/1.1 200 OK"
2026-04-26 19:25:09,124 INFO httpx — HTTP Request: POST http://localhost:11434/v1/chat/completions "HTTP/1.1 200 OK"
2026-04-26 19:25:19,368 INFO __main__ — Condition ic_blind_local: completed 4/5 (attempt 4, replacements: 0)
2026-04-26 19:25:20,377 INFO httpx — HTTP Request: POST http://localhost:11434/v1/chat/completions "HTTP/1.1 200 OK"
2026-04-26 19:25:31,501 INFO httpx — HTTP Request: POST http://localhost:11434/v1/chat/completions "HTTP/1.1 200 OK"
2026-04-26 19:25:38,573 INFO httpx — HTTP Request: POST http://localhost:11434/v1/chat/completions "HTTP/1.1 200 OK"
2026-04-26 19:25:49,317 INFO httpx — HTTP Request: POST http://localhost:11434/v1/chat/completions "HTTP/1.1 200 OK"
2026-04-26 19:26:03,400 INFO httpx — HTTP Request: POST http://localhost:11434/v1/chat/completions "HTTP/1.1 200 OK"
2026-04-26 19:26:14,837 INFO httpx — HTTP Request: POST http://localhost:11434/v1/chat/completions "HTTP/1.1 200 OK"
2026-04-26 19:26:27,461 INFO httpx — HTTP Request: POST http://localhost:11434/v1/chat/completions "HTTP/1.1 200 OK"
2026-04-26 19:26:36,092 INFO httpx — HTTP Request: POST http://localhost:11434/v1/chat/completions "HTTP/1.1 200 OK"
2026-04-26 19:26:50,550 INFO httpx — HTTP Request: POST http://localhost:11434/v1/chat/completions "HTTP/1.1 200 OK"
2026-04-26 19:27:03,316 INFO httpx — HTTP Request: POST http://localhost:11434/v1/chat/completions "HTTP/1.1 200 OK"
2026-04-26 19:27:20,443 INFO httpx — HTTP Request: POST http://localhost:11434/v1/chat/completions "HTTP/1.1 200 OK"
2026-04-26 19:27:34,300 INFO httpx — HTTP Request: POST http://localhost:11434/v1/chat/completions "HTTP/1.1 200 OK"
2026-04-26 19:27:50,765 INFO httpx — HTTP Request: POST http://localhost:11434/v1/chat/completions "HTTP/1.1 200 OK"
2026-04-26 19:28:03,499 INFO httpx — HTTP Request: POST http://localhost:11434/v1/chat/completions "HTTP/1.1 200 OK"
2026-04-26 19:28:13,899 INFO httpx — HTTP Request: POST http://localhost:11434/v1/chat/completions "HTTP/1.1 200 OK"
2026-04-26 19:28:21,261 INFO httpx — HTTP Request: POST http://localhost:11434/v1/chat/completions "HTTP/1.1 200 OK"
2026-04-26 19:28:33,961 INFO httpx — HTTP Request: POST http://localhost:11434/v1/chat/completions "HTTP/1.1 200 OK"
2026-04-26 19:28:47,117 INFO httpx — HTTP Request: POST http://localhost:11434/v1/chat/completions "HTTP/1.1 200 OK"
2026-04-26 19:28:59,403 INFO httpx — HTTP Request: POST http://localhost:11434/v1/chat/completions "HTTP/1.1 200 OK"
2026-04-26 19:29:10,636 INFO httpx — HTTP Request: POST http://localhost:11434/v1/chat/completions "HTTP/1.1 200 OK"
2026-04-26 19:29:22,114 INFO httpx — HTTP Request: POST http://localhost:11434/v1/chat/completions "HTTP/1.1 200 OK"
2026-04-26 19:29:32,847 INFO httpx — HTTP Request: POST http://localhost:11434/v1/chat/completions "HTTP/1.1 200 OK"
2026-04-26 19:29:42,147 INFO httpx — HTTP Request: POST http://localhost:11434/v1/chat/completions "HTTP/1.1 200 OK"
2026-04-26 19:29:55,842 INFO httpx — HTTP Request: POST http://localhost:11434/v1/chat/completions "HTTP/1.1 200 OK"
2026-04-26 19:30:16,290 INFO httpx — HTTP Request: POST http://localhost:11434/v1/chat/completions "HTTP/1.1 200 OK"
2026-04-26 19:30:26,573 INFO httpx — HTTP Request: POST http://localhost:11434/v1/chat/completions "HTTP/1.1 200 OK"
2026-04-26 19:30:39,987 INFO httpx — HTTP Request: POST http://localhost:11434/v1/chat/completions "HTTP/1.1 200 OK"
2026-04-26 19:30:54,521 INFO httpx — HTTP Request: POST http://localhost:11434/v1/chat/completions "HTTP/1.1 200 OK"
2026-04-26 19:31:05,696 INFO httpx — HTTP Request: POST http://localhost:11434/v1/chat/completions "HTTP/1.1 200 OK"
2026-04-26 19:31:14,255 INFO httpx — HTTP Request: POST http://localhost:11434/v1/chat/completions "HTTP/1.1 200 OK"
2026-04-26 19:31:27,837 INFO httpx — HTTP Request: POST http://localhost:11434/v1/chat/completions "HTTP/1.1 200 OK"
2026-04-26 19:31:36,842 INFO httpx — HTTP Request: POST http://localhost:11434/v1/chat/completions "HTTP/1.1 200 OK"
2026-04-26 19:31:50,561 INFO httpx — HTTP Request: POST http://localhost:11434/v1/chat/completions "HTTP/1.1 200 OK"
2026-04-26 19:32:00,386 INFO httpx — HTTP Request: POST http://localhost:11434/v1/chat/completions "HTTP/1.1 200 OK"
2026-04-26 19:32:09,874 INFO httpx — HTTP Request: POST http://localhost:11434/v1/chat/completions "HTTP/1.1 200 OK"
2026-04-26 19:32:27,738 INFO httpx — HTTP Request: POST http://localhost:11434/v1/chat/completions "HTTP/1.1 200 OK"
2026-04-26 19:32:40,185 INFO httpx — HTTP Request: POST http://localhost:11434/v1/chat/completions "HTTP/1.1 200 OK"
2026-04-26 19:32:50,330 INFO httpx — HTTP Request: POST http://localhost:11434/v1/chat/completions "HTTP/1.1 200 OK"
2026-04-26 19:32:59,537 INFO httpx — HTTP Request: POST http://localhost:11434/v1/chat/completions "HTTP/1.1 200 OK"
2026-04-26 19:33:11,136 INFO httpx — HTTP Request: POST http://localhost:11434/v1/chat/completions "HTTP/1.1 200 OK"
2026-04-26 19:33:21,158 INFO httpx — HTTP Request: POST http://localhost:11434/v1/chat/completions "HTTP/1.1 200 OK"
2026-04-26 19:33:33,101 INFO httpx — HTTP Request: POST http://localhost:11434/v1/chat/completions "HTTP/1.1 200 OK"
2026-04-26 19:33:43,704 INFO httpx — HTTP Request: POST http://localhost:11434/v1/chat/completions "HTTP/1.1 200 OK"
2026-04-26 19:33:58,815 INFO httpx — HTTP Request: POST http://localhost:11434/v1/chat/completions "HTTP/1.1 200 OK"
2026-04-26 19:34:07,564 INFO httpx — HTTP Request: POST http://localhost:11434/v1/chat/completions "HTTP/1.1 200 OK"
2026-04-26 19:34:18,588 INFO httpx — HTTP Request: POST http://localhost:11434/v1/chat/completions "HTTP/1.1 200 OK"
2026-04-26 19:34:28,176 INFO httpx — HTTP Request: POST http://localhost:11434/v1/chat/completions "HTTP/1.1 200 OK"
2026-04-26 19:34:40,903 INFO httpx — HTTP Request: POST http://localhost:11434/v1/chat/completions "HTTP/1.1 200 OK"
2026-04-26 19:34:59,295 INFO httpx — HTTP Request: POST http://localhost:11434/v1/chat/completions "HTTP/1.1 200 OK"
2026-04-26 19:35:09,791 INFO httpx — HTTP Request: POST http://localhost:11434/v1/chat/completions "HTTP/1.1 200 OK"
2026-04-26 19:35:21,005 INFO httpx — HTTP Request: POST http://localhost:11434/v1/chat/completions "HTTP/1.1 200 OK"
2026-04-26 19:35:31,605 INFO httpx — HTTP Request: POST http://localhost:11434/v1/chat/completions "HTTP/1.1 200 OK"
2026-04-26 19:35:43,468 INFO httpx — HTTP Request: POST http://localhost:11434/v1/chat/completions "HTTP/1.1 200 OK"
2026-04-26 19:36:06,311 INFO httpx — HTTP Request: POST http://localhost:11434/v1/chat/completions "HTTP/1.1 200 OK"
2026-04-26 19:36:20,516 INFO httpx — HTTP Request: POST http://localhost:11434/v1/chat/completions "HTTP/1.1 200 OK"
2026-04-26 19:36:32,809 INFO httpx — HTTP Request: POST http://localhost:11434/v1/chat/completions "HTTP/1.1 200 OK"
2026-04-26 19:36:45,201 INFO httpx — HTTP Request: POST http://localhost:11434/v1/chat/completions "HTTP/1.1 200 OK"
2026-04-26 19:36:54,836 INFO httpx — HTTP Request: POST http://localhost:11434/v1/chat/completions "HTTP/1.1 200 OK"
2026-04-26 19:37:17,194 INFO httpx — HTTP Request: POST http://localhost:11434/v1/chat/completions "HTTP/1.1 200 OK"
2026-04-26 19:37:28,295 INFO httpx — HTTP Request: POST http://localhost:11434/v1/chat/completions "HTTP/1.1 200 OK"
2026-04-26 19:37:40,650 INFO httpx — HTTP Request: POST http://localhost:11434/v1/chat/completions "HTTP/1.1 200 OK"
2026-04-26 19:37:50,163 INFO httpx — HTTP Request: POST http://localhost:11434/v1/chat/completions "HTTP/1.1 200 OK"
2026-04-26 19:37:58,789 INFO httpx — HTTP Request: POST http://localhost:11434/v1/chat/completions "HTTP/1.1 200 OK"
2026-04-26 19:38:12,723 INFO httpx — HTTP Request: POST http://localhost:11434/v1/chat/completions "HTTP/1.1 200 OK"
2026-04-26 19:38:21,897 INFO httpx — HTTP Request: POST http://localhost:11434/v1/chat/completions "HTTP/1.1 200 OK"
2026-04-26 19:38:39,770 INFO httpx — HTTP Request: POST http://localhost:11434/v1/chat/completions "HTTP/1.1 200 OK"
2026-04-26 19:38:50,821 INFO httpx — HTTP Request: POST http://localhost:11434/v1/chat/completions "HTTP/1.1 200 OK"
2026-04-26 19:39:00,594 INFO httpx — HTTP Request: POST http://localhost:11434/v1/chat/completions "HTTP/1.1 200 OK"
2026-04-26 19:39:07,359 INFO httpx — HTTP Request: POST http://localhost:11434/v1/chat/completions "HTTP/1.1 200 OK"
2026-04-26 19:39:18,083 INFO httpx — HTTP Request: POST http://localhost:11434/v1/chat/completions "HTTP/1.1 200 OK"
2026-04-26 19:39:29,658 INFO httpx — HTTP Request: POST http://localhost:11434/v1/chat/completions "HTTP/1.1 200 OK"
2026-04-26 19:39:40,511 INFO httpx — HTTP Request: POST http://localhost:11434/v1/chat/completions "HTTP/1.1 200 OK"
2026-04-26 19:39:49,032 INFO __main__ — Condition ic_blind_local: completed 5/5 (attempt 5, replacements: 0)
2026-04-26 19:39:49,047 INFO __main__ — Condition ic_blind_local: finished — 5 valid runs in 5 attempts (0 replacement(s))
2026-04-26 19:39:49,052 INFO __main__ — Checkpoint written (375 records)
2026-04-26 19:39:49,052 INFO __main__ — Running condition: ic_blind_local_phi
2026-04-26 19:39:49,712 INFO httpx — HTTP Request: POST http://localhost:11434/v1/chat/completions "HTTP/1.1 200 OK"
2026-04-26 19:39:54,299 INFO httpx — HTTP Request: POST http://localhost:11434/v1/chat/completions "HTTP/1.1 200 OK"
2026-04-26 19:39:58,011 INFO httpx — HTTP Request: POST http://localhost:11434/v1/chat/completions "HTTP/1.1 200 OK"
2026-04-26 19:40:02,104 INFO httpx — HTTP Request: POST http://localhost:11434/v1/chat/completions "HTTP/1.1 200 OK"
2026-04-26 19:40:08,386 INFO httpx — HTTP Request: POST http://localhost:11434/v1/chat/completions "HTTP/1.1 200 OK"
2026-04-26 19:40:12,631 INFO httpx — HTTP Request: POST http://localhost:11434/v1/chat/completions "HTTP/1.1 200 OK"
2026-04-26 19:40:17,815 INFO httpx — HTTP Request: POST http://localhost:11434/v1/chat/completions "HTTP/1.1 200 OK"
2026-04-26 19:40:23,302 INFO httpx — HTTP Request: POST http://localhost:11434/v1/chat/completions "HTTP/1.1 200 OK"
2026-04-26 19:40:27,521 INFO httpx — HTTP Request: POST http://localhost:11434/v1/chat/completions "HTTP/1.1 200 OK"
2026-04-26 19:40:32,468 INFO httpx — HTTP Request: POST http://localhost:11434/v1/chat/completions "HTTP/1.1 200 OK"
2026-04-26 19:40:37,607 INFO httpx — HTTP Request: POST http://localhost:11434/v1/chat/completions "HTTP/1.1 200 OK"
2026-04-26 19:40:43,380 INFO httpx — HTTP Request: POST http://localhost:11434/v1/chat/completions "HTTP/1.1 200 OK"
2026-04-26 19:40:47,955 INFO httpx — HTTP Request: POST http://localhost:11434/v1/chat/completions "HTTP/1.1 200 OK"
2026-04-26 19:40:52,576 INFO httpx — HTTP Request: POST http://localhost:11434/v1/chat/completions "HTTP/1.1 200 OK"
2026-04-26 19:40:56,915 INFO httpx — HTTP Request: POST http://localhost:11434/v1/chat/completions "HTTP/1.1 200 OK"
2026-04-26 19:41:01,743 INFO httpx — HTTP Request: POST http://localhost:11434/v1/chat/completions "HTTP/1.1 200 OK"
2026-04-26 19:41:06,221 INFO httpx — HTTP Request: POST http://localhost:11434/v1/chat/completions "HTTP/1.1 200 OK"
2026-04-26 19:41:11,455 INFO httpx — HTTP Request: POST http://localhost:11434/v1/chat/completions "HTTP/1.1 200 OK"
2026-04-26 19:41:15,516 INFO httpx — HTTP Request: POST http://localhost:11434/v1/chat/completions "HTTP/1.1 200 OK"
2026-04-26 19:41:20,529 INFO httpx — HTTP Request: POST http://localhost:11434/v1/chat/completions "HTTP/1.1 200 OK"
2026-04-26 19:41:25,082 INFO httpx — HTTP Request: POST http://localhost:11434/v1/chat/completions "HTTP/1.1 200 OK"
2026-04-26 19:41:29,568 INFO httpx — HTTP Request: POST http://localhost:11434/v1/chat/completions "HTTP/1.1 200 OK"
2026-04-26 19:41:34,381 INFO httpx — HTTP Request: POST http://localhost:11434/v1/chat/completions "HTTP/1.1 200 OK"
2026-04-26 19:41:38,823 INFO httpx — HTTP Request: POST http://localhost:11434/v1/chat/completions "HTTP/1.1 200 OK"
2026-04-26 19:41:43,635 INFO httpx — HTTP Request: POST http://localhost:11434/v1/chat/completions "HTTP/1.1 200 OK"
2026-04-26 19:41:48,218 INFO httpx — HTTP Request: POST http://localhost:11434/v1/chat/completions "HTTP/1.1 200 OK"
2026-04-26 19:41:52,318 INFO httpx — HTTP Request: POST http://localhost:11434/v1/chat/completions "HTTP/1.1 200 OK"
2026-04-26 19:41:57,458 INFO httpx — HTTP Request: POST http://localhost:11434/v1/chat/completions "HTTP/1.1 200 OK"
2026-04-26 19:42:01,945 INFO httpx — HTTP Request: POST http://localhost:11434/v1/chat/completions "HTTP/1.1 200 OK"
2026-04-26 19:42:06,868 INFO httpx — HTTP Request: POST http://localhost:11434/v1/chat/completions "HTTP/1.1 200 OK"
2026-04-26 19:42:12,073 INFO httpx — HTTP Request: POST http://localhost:11434/v1/chat/completions "HTTP/1.1 200 OK"
2026-04-26 19:42:16,274 INFO httpx — HTTP Request: POST http://localhost:11434/v1/chat/completions "HTTP/1.1 200 OK"
2026-04-26 19:42:20,226 INFO httpx — HTTP Request: POST http://localhost:11434/v1/chat/completions "HTTP/1.1 200 OK"
2026-04-26 19:42:24,132 INFO httpx — HTTP Request: POST http://localhost:11434/v1/chat/completions "HTTP/1.1 200 OK"
2026-04-26 19:42:28,887 INFO httpx — HTTP Request: POST http://localhost:11434/v1/chat/completions "HTTP/1.1 200 OK"
2026-04-26 19:42:32,518 INFO httpx — HTTP Request: POST http://localhost:11434/v1/chat/completions "HTTP/1.1 200 OK"
2026-04-26 19:42:37,575 INFO httpx — HTTP Request: POST http://localhost:11434/v1/chat/completions "HTTP/1.1 200 OK"
2026-04-26 19:42:41,690 INFO httpx — HTTP Request: POST http://localhost:11434/v1/chat/completions "HTTP/1.1 200 OK"
2026-04-26 19:42:45,603 INFO httpx — HTTP Request: POST http://localhost:11434/v1/chat/completions "HTTP/1.1 200 OK"
2026-04-26 19:42:50,411 INFO httpx — HTTP Request: POST http://localhost:11434/v1/chat/completions "HTTP/1.1 200 OK"
2026-04-26 19:42:55,057 INFO httpx — HTTP Request: POST http://localhost:11434/v1/chat/completions "HTTP/1.1 200 OK"
2026-04-26 19:42:59,054 INFO httpx — HTTP Request: POST http://localhost:11434/v1/chat/completions "HTTP/1.1 200 OK"
2026-04-26 19:43:03,736 INFO httpx — HTTP Request: POST http://localhost:11434/v1/chat/completions "HTTP/1.1 200 OK"
2026-04-26 19:43:08,082 INFO httpx — HTTP Request: POST http://localhost:11434/v1/chat/completions "HTTP/1.1 200 OK"
2026-04-26 19:43:11,993 INFO httpx — HTTP Request: POST http://localhost:11434/v1/chat/completions "HTTP/1.1 200 OK"
2026-04-26 19:43:16,516 INFO httpx — HTTP Request: POST http://localhost:11434/v1/chat/completions "HTTP/1.1 200 OK"
2026-04-26 19:43:20,191 INFO httpx — HTTP Request: POST http://localhost:11434/v1/chat/completions "HTTP/1.1 200 OK"
2026-04-26 19:43:24,450 INFO httpx — HTTP Request: POST http://localhost:11434/v1/chat/completions "HTTP/1.1 200 OK"
2026-04-26 19:43:29,226 INFO httpx — HTTP Request: POST http://localhost:11434/v1/chat/completions "HTTP/1.1 200 OK"
2026-04-26 19:43:33,472 INFO httpx — HTTP Request: POST http://localhost:11434/v1/chat/completions "HTTP/1.1 200 OK"
2026-04-26 19:43:37,378 INFO httpx — HTTP Request: POST http://localhost:11434/v1/chat/completions "HTTP/1.1 200 OK"
2026-04-26 19:43:41,465 INFO httpx — HTTP Request: POST http://localhost:11434/v1/chat/completions "HTTP/1.1 200 OK"
2026-04-26 19:43:46,725 INFO httpx — HTTP Request: POST http://localhost:11434/v1/chat/completions "HTTP/1.1 200 OK"
2026-04-26 19:43:51,778 INFO httpx — HTTP Request: POST http://localhost:11434/v1/chat/completions "HTTP/1.1 200 OK"
2026-04-26 19:43:55,911 INFO httpx — HTTP Request: POST http://localhost:11434/v1/chat/completions "HTTP/1.1 200 OK"
2026-04-26 19:44:00,816 INFO httpx — HTTP Request: POST http://localhost:11434/v1/chat/completions "HTTP/1.1 200 OK"
2026-04-26 19:44:05,804 INFO httpx — HTTP Request: POST http://localhost:11434/v1/chat/completions "HTTP/1.1 200 OK"
2026-04-26 19:44:10,538 INFO httpx — HTTP Request: POST http://localhost:11434/v1/chat/completions "HTTP/1.1 200 OK"
2026-04-26 19:44:14,263 INFO httpx — HTTP Request: POST http://localhost:11434/v1/chat/completions "HTTP/1.1 200 OK"
2026-04-26 19:44:18,296 INFO httpx — HTTP Request: POST http://localhost:11434/v1/chat/completions "HTTP/1.1 200 OK"
2026-04-26 19:44:22,737 INFO httpx — HTTP Request: POST http://localhost:11434/v1/chat/completions "HTTP/1.1 200 OK"
2026-04-26 19:44:27,127 INFO httpx — HTTP Request: POST http://localhost:11434/v1/chat/completions "HTTP/1.1 200 OK"
2026-04-26 19:44:30,777 INFO httpx — HTTP Request: POST http://localhost:11434/v1/chat/completions "HTTP/1.1 200 OK"
2026-04-26 19:44:34,719 INFO httpx — HTTP Request: POST http://localhost:11434/v1/chat/completions "HTTP/1.1 200 OK"
2026-04-26 19:44:38,965 INFO httpx — HTTP Request: POST http://localhost:11434/v1/chat/completions "HTTP/1.1 200 OK"
2026-04-26 19:44:43,527 INFO httpx — HTTP Request: POST http://localhost:11434/v1/chat/completions "HTTP/1.1 200 OK"
2026-04-26 19:44:47,573 INFO httpx — HTTP Request: POST http://localhost:11434/v1/chat/completions "HTTP/1.1 200 OK"
2026-04-26 19:44:51,931 INFO httpx — HTTP Request: POST http://localhost:11434/v1/chat/completions "HTTP/1.1 200 OK"
2026-04-26 19:44:56,246 INFO httpx — HTTP Request: POST http://localhost:11434/v1/chat/completions "HTTP/1.1 200 OK"
2026-04-26 19:45:00,978 INFO httpx — HTTP Request: POST http://localhost:11434/v1/chat/completions "HTTP/1.1 200 OK"
2026-04-26 19:45:05,602 INFO httpx — HTTP Request: POST http://localhost:11434/v1/chat/completions "HTTP/1.1 200 OK"
2026-04-26 19:45:09,770 INFO httpx — HTTP Request: POST http://localhost:11434/v1/chat/completions "HTTP/1.1 200 OK"
2026-04-26 19:45:11,735 INFO __main__ — Condition ic_blind_local_phi: completed 1/5 (attempt 1, replacements: 0)
2026-04-26 19:45:14,043 INFO httpx — HTTP Request: POST http://localhost:11434/v1/chat/completions "HTTP/1.1 200 OK"
2026-04-26 19:45:18,605 INFO httpx — HTTP Request: POST http://localhost:11434/v1/chat/completions "HTTP/1.1 200 OK"
2026-04-26 19:45:22,427 INFO httpx — HTTP Request: POST http://localhost:11434/v1/chat/completions "HTTP/1.1 200 OK"
2026-04-26 19:45:26,751 INFO httpx — HTTP Request: POST http://localhost:11434/v1/chat/completions "HTTP/1.1 200 OK"
2026-04-26 19:45:30,945 INFO httpx — HTTP Request: POST http://localhost:11434/v1/chat/completions "HTTP/1.1 200 OK"
2026-04-26 19:45:35,074 INFO httpx — HTTP Request: POST http://localhost:11434/v1/chat/completions "HTTP/1.1 200 OK"
2026-04-26 19:45:39,708 INFO httpx — HTTP Request: POST http://localhost:11434/v1/chat/completions "HTTP/1.1 200 OK"
2026-04-26 19:45:44,219 INFO httpx — HTTP Request: POST http://localhost:11434/v1/chat/completions "HTTP/1.1 200 OK"
2026-04-26 19:45:48,258 INFO httpx — HTTP Request: POST http://localhost:11434/v1/chat/completions "HTTP/1.1 200 OK"
2026-04-26 19:45:52,527 INFO httpx — HTTP Request: POST http://localhost:11434/v1/chat/completions "HTTP/1.1 200 OK"
2026-04-26 19:45:56,404 INFO httpx — HTTP Request: POST http://localhost:11434/v1/chat/completions "HTTP/1.1 200 OK"
2026-04-26 19:46:00,756 INFO httpx — HTTP Request: POST http://localhost:11434/v1/chat/completions "HTTP/1.1 200 OK"
2026-04-26 19:46:04,953 INFO httpx — HTTP Request: POST http://localhost:11434/v1/chat/completions "HTTP/1.1 200 OK"
2026-04-26 19:46:08,769 INFO httpx — HTTP Request: POST http://localhost:11434/v1/chat/completions "HTTP/1.1 200 OK"
2026-04-26 19:46:12,801 INFO httpx — HTTP Request: POST http://localhost:11434/v1/chat/completions "HTTP/1.1 200 OK"
2026-04-26 19:46:16,627 INFO httpx — HTTP Request: POST http://localhost:11434/v1/chat/completions "HTTP/1.1 200 OK"
2026-04-26 19:46:21,509 INFO httpx — HTTP Request: POST http://localhost:11434/v1/chat/completions "HTTP/1.1 200 OK"
2026-04-26 19:46:25,614 INFO httpx — HTTP Request: POST http://localhost:11434/v1/chat/completions "HTTP/1.1 200 OK"
2026-04-26 19:46:29,729 INFO httpx — HTTP Request: POST http://localhost:11434/v1/chat/completions "HTTP/1.1 200 OK"
2026-04-26 19:46:33,936 INFO httpx — HTTP Request: POST http://localhost:11434/v1/chat/completions "HTTP/1.1 200 OK"
2026-04-26 19:46:38,970 INFO httpx — HTTP Request: POST http://localhost:11434/v1/chat/completions "HTTP/1.1 200 OK"
2026-04-26 19:46:43,450 INFO httpx — HTTP Request: POST http://localhost:11434/v1/chat/completions "HTTP/1.1 200 OK"
2026-04-26 19:46:48,040 INFO httpx — HTTP Request: POST http://localhost:11434/v1/chat/completions "HTTP/1.1 200 OK"
2026-04-26 19:46:51,696 INFO httpx — HTTP Request: POST http://localhost:11434/v1/chat/completions "HTTP/1.1 200 OK"
2026-04-26 19:46:56,515 INFO httpx — HTTP Request: POST http://localhost:11434/v1/chat/completions "HTTP/1.1 200 OK"
2026-04-26 19:47:01,465 INFO httpx — HTTP Request: POST http://localhost:11434/v1/chat/completions "HTTP/1.1 200 OK"
2026-04-26 19:47:06,359 INFO httpx — HTTP Request: POST http://localhost:11434/v1/chat/completions "HTTP/1.1 200 OK"
2026-04-26 19:47:11,196 INFO httpx — HTTP Request: POST http://localhost:11434/v1/chat/completions "HTTP/1.1 200 OK"
2026-04-26 19:47:16,274 INFO httpx — HTTP Request: POST http://localhost:11434/v1/chat/completions "HTTP/1.1 200 OK"
2026-04-26 19:47:19,877 INFO httpx — HTTP Request: POST http://localhost:11434/v1/chat/completions "HTTP/1.1 200 OK"
2026-04-26 19:47:24,463 INFO httpx — HTTP Request: POST http://localhost:11434/v1/chat/completions "HTTP/1.1 200 OK"
2026-04-26 19:47:29,191 INFO httpx — HTTP Request: POST http://localhost:11434/v1/chat/completions "HTTP/1.1 200 OK"
2026-04-26 19:47:32,890 INFO httpx — HTTP Request: POST http://localhost:11434/v1/chat/completions "HTTP/1.1 200 OK"
2026-04-26 19:47:37,541 INFO httpx — HTTP Request: POST http://localhost:11434/v1/chat/completions "HTTP/1.1 200 OK"
2026-04-26 19:47:42,122 INFO httpx — HTTP Request: POST http://localhost:11434/v1/chat/completions "HTTP/1.1 200 OK"
2026-04-26 19:47:46,482 INFO httpx — HTTP Request: POST http://localhost:11434/v1/chat/completions "HTTP/1.1 200 OK"
2026-04-26 19:47:51,908 INFO httpx — HTTP Request: POST http://localhost:11434/v1/chat/completions "HTTP/1.1 200 OK"
2026-04-26 19:47:56,801 INFO httpx — HTTP Request: POST http://localhost:11434/v1/chat/completions "HTTP/1.1 200 OK"
2026-04-26 19:48:00,499 INFO httpx — HTTP Request: POST http://localhost:11434/v1/chat/completions "HTTP/1.1 200 OK"
2026-04-26 19:48:05,726 INFO httpx — HTTP Request: POST http://localhost:11434/v1/chat/completions "HTTP/1.1 200 OK"
2026-04-26 19:48:09,980 INFO httpx — HTTP Request: POST http://localhost:11434/v1/chat/completions "HTTP/1.1 200 OK"
2026-04-26 19:48:15,335 INFO httpx — HTTP Request: POST http://localhost:11434/v1/chat/completions "HTTP/1.1 200 OK"
2026-04-26 19:48:20,670 INFO httpx — HTTP Request: POST http://localhost:11434/v1/chat/completions "HTTP/1.1 200 OK"
2026-04-26 19:48:25,726 INFO httpx — HTTP Request: POST http://localhost:11434/v1/chat/completions "HTTP/1.1 200 OK"
2026-04-26 19:48:29,809 INFO httpx — HTTP Request: POST http://localhost:11434/v1/chat/completions "HTTP/1.1 200 OK"
2026-04-26 19:48:34,757 INFO httpx — HTTP Request: POST http://localhost:11434/v1/chat/completions "HTTP/1.1 200 OK"
2026-04-26 19:48:39,763 INFO httpx — HTTP Request: POST http://localhost:11434/v1/chat/completions "HTTP/1.1 200 OK"
2026-04-26 19:48:44,368 INFO httpx — HTTP Request: POST http://localhost:11434/v1/chat/completions "HTTP/1.1 200 OK"
2026-04-26 19:48:49,363 INFO httpx — HTTP Request: POST http://localhost:11434/v1/chat/completions "HTTP/1.1 200 OK"
2026-04-26 19:48:55,206 INFO httpx — HTTP Request: POST http://localhost:11434/v1/chat/completions "HTTP/1.1 200 OK"
2026-04-26 19:49:00,059 INFO httpx — HTTP Request: POST http://localhost:11434/v1/chat/completions "HTTP/1.1 200 OK"
2026-04-26 19:49:04,987 INFO httpx — HTTP Request: POST http://localhost:11434/v1/chat/completions "HTTP/1.1 200 OK"
2026-04-26 19:49:10,066 INFO httpx — HTTP Request: POST http://localhost:11434/v1/chat/completions "HTTP/1.1 200 OK"
2026-04-26 19:49:14,251 INFO httpx — HTTP Request: POST http://localhost:11434/v1/chat/completions "HTTP/1.1 200 OK"
2026-04-26 19:49:18,222 INFO httpx — HTTP Request: POST http://localhost:11434/v1/chat/completions "HTTP/1.1 200 OK"
2026-04-26 19:49:22,349 INFO httpx — HTTP Request: POST http://localhost:11434/v1/chat/completions "HTTP/1.1 200 OK"
2026-04-26 19:49:26,738 INFO httpx — HTTP Request: POST http://localhost:11434/v1/chat/completions "HTTP/1.1 200 OK"
2026-04-26 19:49:31,214 INFO httpx — HTTP Request: POST http://localhost:11434/v1/chat/completions "HTTP/1.1 200 OK"
2026-04-26 19:49:35,387 INFO httpx — HTTP Request: POST http://localhost:11434/v1/chat/completions "HTTP/1.1 200 OK"
2026-04-26 19:49:39,658 INFO httpx — HTTP Request: POST http://localhost:11434/v1/chat/completions "HTTP/1.1 200 OK"
2026-04-26 19:49:43,816 INFO httpx — HTTP Request: POST http://localhost:11434/v1/chat/completions "HTTP/1.1 200 OK"
2026-04-26 19:49:49,083 INFO httpx — HTTP Request: POST http://localhost:11434/v1/chat/completions "HTTP/1.1 200 OK"
2026-04-26 19:49:52,864 INFO httpx — HTTP Request: POST http://localhost:11434/v1/chat/completions "HTTP/1.1 200 OK"
2026-04-26 19:49:57,445 INFO httpx — HTTP Request: POST http://localhost:11434/v1/chat/completions "HTTP/1.1 200 OK"
2026-04-26 19:50:02,053 INFO httpx — HTTP Request: POST http://localhost:11434/v1/chat/completions "HTTP/1.1 200 OK"
2026-04-26 19:50:05,873 INFO httpx — HTTP Request: POST http://localhost:11434/v1/chat/completions "HTTP/1.1 200 OK"
2026-04-26 19:50:09,801 INFO httpx — HTTP Request: POST http://localhost:11434/v1/chat/completions "HTTP/1.1 200 OK"
2026-04-26 19:50:14,605 INFO httpx — HTTP Request: POST http://localhost:11434/v1/chat/completions "HTTP/1.1 200 OK"
2026-04-26 19:50:21,258 INFO httpx — HTTP Request: POST http://localhost:11434/v1/chat/completions "HTTP/1.1 200 OK"
2026-04-26 19:50:26,141 INFO httpx — HTTP Request: POST http://localhost:11434/v1/chat/completions "HTTP/1.1 200 OK"
2026-04-26 19:50:30,179 INFO httpx — HTTP Request: POST http://localhost:11434/v1/chat/completions "HTTP/1.1 200 OK"
2026-04-26 19:50:35,798 INFO httpx — HTTP Request: POST http://localhost:11434/v1/chat/completions "HTTP/1.1 200 OK"
2026-04-26 19:50:37,759 INFO __main__ — Condition ic_blind_local_phi: completed 2/5 (attempt 2, replacements: 0)
2026-04-26 19:50:40,309 INFO httpx — HTTP Request: POST http://localhost:11434/v1/chat/completions "HTTP/1.1 200 OK"
2026-04-26 19:50:44,247 INFO httpx — HTTP Request: POST http://localhost:11434/v1/chat/completions "HTTP/1.1 200 OK"
2026-04-26 19:50:48,880 INFO httpx — HTTP Request: POST http://localhost:11434/v1/chat/completions "HTTP/1.1 200 OK"
2026-04-26 19:50:53,348 INFO httpx — HTTP Request: POST http://localhost:11434/v1/chat/completions "HTTP/1.1 200 OK"
2026-04-26 19:50:57,476 INFO httpx — HTTP Request: POST http://localhost:11434/v1/chat/completions "HTTP/1.1 200 OK"
2026-04-26 19:51:01,836 INFO httpx — HTTP Request: POST http://localhost:11434/v1/chat/completions "HTTP/1.1 200 OK"
2026-04-26 19:51:06,370 INFO httpx — HTTP Request: POST http://localhost:11434/v1/chat/completions "HTTP/1.1 200 OK"
2026-04-26 19:51:10,360 INFO httpx — HTTP Request: POST http://localhost:11434/v1/chat/completions "HTTP/1.1 200 OK"
2026-04-26 19:51:14,025 INFO httpx — HTTP Request: POST http://localhost:11434/v1/chat/completions "HTTP/1.1 200 OK"
2026-04-26 19:51:18,038 INFO httpx — HTTP Request: POST http://localhost:11434/v1/chat/completions "HTTP/1.1 200 OK"
2026-04-26 19:51:22,548 INFO httpx — HTTP Request: POST http://localhost:11434/v1/chat/completions "HTTP/1.1 200 OK"
2026-04-26 19:51:26,954 INFO httpx — HTTP Request: POST http://localhost:11434/v1/chat/completions "HTTP/1.1 200 OK"
2026-04-26 19:51:30,779 INFO httpx — HTTP Request: POST http://localhost:11434/v1/chat/completions "HTTP/1.1 200 OK"
2026-04-26 19:51:35,108 INFO httpx — HTTP Request: POST http://localhost:11434/v1/chat/completions "HTTP/1.1 200 OK"
2026-04-26 19:51:39,611 INFO httpx — HTTP Request: POST http://localhost:11434/v1/chat/completions "HTTP/1.1 200 OK"
2026-04-26 19:51:43,677 INFO httpx — HTTP Request: POST http://localhost:11434/v1/chat/completions "HTTP/1.1 200 OK"
2026-04-26 19:51:47,655 INFO httpx — HTTP Request: POST http://localhost:11434/v1/chat/completions "HTTP/1.1 200 OK"
2026-04-26 19:51:53,440 INFO httpx — HTTP Request: POST http://localhost:11434/v1/chat/completions "HTTP/1.1 200 OK"
2026-04-26 19:51:57,754 INFO httpx — HTTP Request: POST http://localhost:11434/v1/chat/completions "HTTP/1.1 200 OK"
2026-04-26 19:52:02,388 INFO httpx — HTTP Request: POST http://localhost:11434/v1/chat/completions "HTTP/1.1 200 OK"
2026-04-26 19:52:05,913 INFO httpx — HTTP Request: POST http://localhost:11434/v1/chat/completions "HTTP/1.1 200 OK"
2026-04-26 19:52:10,385 INFO httpx — HTTP Request: POST http://localhost:11434/v1/chat/completions "HTTP/1.1 200 OK"
2026-04-26 19:52:14,934 INFO httpx — HTTP Request: POST http://localhost:11434/v1/chat/completions "HTTP/1.1 200 OK"
2026-04-26 19:52:19,152 INFO httpx — HTTP Request: POST http://localhost:11434/v1/chat/completions "HTTP/1.1 200 OK"
2026-04-26 19:52:23,636 INFO httpx — HTTP Request: POST http://localhost:11434/v1/chat/completions "HTTP/1.1 200 OK"
2026-04-26 19:52:28,146 INFO httpx — HTTP Request: POST http://localhost:11434/v1/chat/completions "HTTP/1.1 200 OK"
2026-04-26 19:52:32,679 INFO httpx — HTTP Request: POST http://localhost:11434/v1/chat/completions "HTTP/1.1 200 OK"
2026-04-26 19:52:37,729 INFO httpx — HTTP Request: POST http://localhost:11434/v1/chat/completions "HTTP/1.1 200 OK"
2026-04-26 19:52:42,023 INFO httpx — HTTP Request: POST http://localhost:11434/v1/chat/completions "HTTP/1.1 200 OK"
2026-04-26 19:52:46,864 INFO httpx — HTTP Request: POST http://localhost:11434/v1/chat/completions "HTTP/1.1 200 OK"
2026-04-26 19:52:51,484 INFO httpx — HTTP Request: POST http://localhost:11434/v1/chat/completions "HTTP/1.1 200 OK"
2026-04-26 19:52:56,120 INFO httpx — HTTP Request: POST http://localhost:11434/v1/chat/completions "HTTP/1.1 200 OK"
2026-04-26 19:53:01,731 INFO httpx — HTTP Request: POST http://localhost:11434/v1/chat/completions "HTTP/1.1 200 OK"
2026-04-26 19:53:06,139 INFO httpx — HTTP Request: POST http://localhost:11434/v1/chat/completions "HTTP/1.1 200 OK"
2026-04-26 19:53:10,826 INFO httpx — HTTP Request: POST http://localhost:11434/v1/chat/completions "HTTP/1.1 200 OK"
2026-04-26 19:53:14,814 INFO httpx — HTTP Request: POST http://localhost:11434/v1/chat/completions "HTTP/1.1 200 OK"
2026-04-26 19:53:20,043 INFO httpx — HTTP Request: POST http://localhost:11434/v1/chat/completions "HTTP/1.1 200 OK"
2026-04-26 19:53:24,890 INFO httpx — HTTP Request: POST http://localhost:11434/v1/chat/completions "HTTP/1.1 200 OK"
2026-04-26 19:53:28,753 INFO httpx — HTTP Request: POST http://localhost:11434/v1/chat/completions "HTTP/1.1 200 OK"
2026-04-26 19:53:33,447 INFO httpx — HTTP Request: POST http://localhost:11434/v1/chat/completions "HTTP/1.1 200 OK"
2026-04-26 19:53:38,124 INFO httpx — HTTP Request: POST http://localhost:11434/v1/chat/completions "HTTP/1.1 200 OK"
2026-04-26 19:53:43,493 INFO httpx — HTTP Request: POST http://localhost:11434/v1/chat/completions "HTTP/1.1 200 OK"
2026-04-26 19:53:48,003 INFO httpx — HTTP Request: POST http://localhost:11434/v1/chat/completions "HTTP/1.1 200 OK"
2026-04-26 19:53:54,263 INFO httpx — HTTP Request: POST http://localhost:11434/v1/chat/completions "HTTP/1.1 200 OK"
2026-04-26 19:53:58,132 INFO httpx — HTTP Request: POST http://localhost:11434/v1/chat/completions "HTTP/1.1 200 OK"
2026-04-26 19:54:02,301 INFO httpx — HTTP Request: POST http://localhost:11434/v1/chat/completions "HTTP/1.1 200 OK"
2026-04-26 19:54:06,810 INFO httpx — HTTP Request: POST http://localhost:11434/v1/chat/completions "HTTP/1.1 200 OK"
2026-04-26 19:54:11,062 INFO httpx — HTTP Request: POST http://localhost:11434/v1/chat/completions "HTTP/1.1 200 OK"
2026-04-26 19:54:15,259 INFO httpx — HTTP Request: POST http://localhost:11434/v1/chat/completions "HTTP/1.1 200 OK"
2026-04-26 19:54:19,560 INFO httpx — HTTP Request: POST http://localhost:11434/v1/chat/completions "HTTP/1.1 200 OK"
2026-04-26 19:54:23,748 INFO httpx — HTTP Request: POST http://localhost:11434/v1/chat/completions "HTTP/1.1 200 OK"
2026-04-26 19:54:27,582 INFO httpx — HTTP Request: POST http://localhost:11434/v1/chat/completions "HTTP/1.1 200 OK"
2026-04-26 19:54:32,680 INFO httpx — HTTP Request: POST http://localhost:11434/v1/chat/completions "HTTP/1.1 200 OK"
2026-04-26 19:54:37,059 INFO httpx — HTTP Request: POST http://localhost:11434/v1/chat/completions "HTTP/1.1 200 OK"
2026-04-26 19:54:41,101 INFO httpx — HTTP Request: POST http://localhost:11434/v1/chat/completions "HTTP/1.1 200 OK"
2026-04-26 19:54:45,472 INFO httpx — HTTP Request: POST http://localhost:11434/v1/chat/completions "HTTP/1.1 200 OK"
2026-04-26 19:54:49,821 INFO httpx — HTTP Request: POST http://localhost:11434/v1/chat/completions "HTTP/1.1 200 OK"
2026-04-26 19:54:54,400 INFO httpx — HTTP Request: POST http://localhost:11434/v1/chat/completions "HTTP/1.1 200 OK"
2026-04-26 19:54:58,379 INFO httpx — HTTP Request: POST http://localhost:11434/v1/chat/completions "HTTP/1.1 200 OK"
2026-04-26 19:55:03,061 INFO httpx — HTTP Request: POST http://localhost:11434/v1/chat/completions "HTTP/1.1 200 OK"
2026-04-26 19:55:06,973 INFO httpx — HTTP Request: POST http://localhost:11434/v1/chat/completions "HTTP/1.1 200 OK"
2026-04-26 19:55:10,960 INFO httpx — HTTP Request: POST http://localhost:11434/v1/chat/completions "HTTP/1.1 200 OK"
2026-04-26 19:55:14,894 INFO httpx — HTTP Request: POST http://localhost:11434/v1/chat/completions "HTTP/1.1 200 OK"
2026-04-26 19:55:20,477 INFO httpx — HTTP Request: POST http://localhost:11434/v1/chat/completions "HTTP/1.1 200 OK"
2026-04-26 19:55:24,777 INFO httpx — HTTP Request: POST http://localhost:11434/v1/chat/completions "HTTP/1.1 200 OK"
2026-04-26 19:55:28,659 INFO httpx — HTTP Request: POST http://localhost:11434/v1/chat/completions "HTTP/1.1 200 OK"
2026-04-26 19:55:32,767 INFO httpx — HTTP Request: POST http://localhost:11434/v1/chat/completions "HTTP/1.1 200 OK"
2026-04-26 19:55:36,820 INFO httpx — HTTP Request: POST http://localhost:11434/v1/chat/completions "HTTP/1.1 200 OK"
2026-04-26 19:55:40,790 INFO httpx — HTTP Request: POST http://localhost:11434/v1/chat/completions "HTTP/1.1 200 OK"
2026-04-26 19:55:45,577 INFO httpx — HTTP Request: POST http://localhost:11434/v1/chat/completions "HTTP/1.1 200 OK"
2026-04-26 19:55:50,681 INFO httpx — HTTP Request: POST http://localhost:11434/v1/chat/completions "HTTP/1.1 200 OK"
2026-04-26 19:55:55,944 INFO httpx — HTTP Request: POST http://localhost:11434/v1/chat/completions "HTTP/1.1 200 OK"
2026-04-26 19:55:58,886 INFO __main__ — Condition ic_blind_local_phi: completed 3/5 (attempt 3, replacements: 0)
2026-04-26 19:56:01,504 INFO httpx — HTTP Request: POST http://localhost:11434/v1/chat/completions "HTTP/1.1 200 OK"
2026-04-26 19:56:05,989 INFO httpx — HTTP Request: POST http://localhost:11434/v1/chat/completions "HTTP/1.1 200 OK"
2026-04-26 19:56:10,685 INFO httpx — HTTP Request: POST http://localhost:11434/v1/chat/completions "HTTP/1.1 200 OK"
2026-04-26 19:56:15,048 INFO httpx — HTTP Request: POST http://localhost:11434/v1/chat/completions "HTTP/1.1 200 OK"
2026-04-26 19:56:19,910 INFO httpx — HTTP Request: POST http://localhost:11434/v1/chat/completions "HTTP/1.1 200 OK"
2026-04-26 19:56:24,766 INFO httpx — HTTP Request: POST http://localhost:11434/v1/chat/completions "HTTP/1.1 200 OK"
2026-04-26 19:56:28,641 INFO httpx — HTTP Request: POST http://localhost:11434/v1/chat/completions "HTTP/1.1 200 OK"
2026-04-26 19:56:33,101 INFO httpx — HTTP Request: POST http://localhost:11434/v1/chat/completions "HTTP/1.1 200 OK"
2026-04-26 19:56:37,137 INFO httpx — HTTP Request: POST http://localhost:11434/v1/chat/completions "HTTP/1.1 200 OK"
2026-04-26 19:56:41,329 INFO httpx — HTTP Request: POST http://localhost:11434/v1/chat/completions "HTTP/1.1 200 OK"
2026-04-26 19:56:46,118 INFO httpx — HTTP Request: POST http://localhost:11434/v1/chat/completions "HTTP/1.1 200 OK"
2026-04-26 19:56:49,814 INFO httpx — HTTP Request: POST http://localhost:11434/v1/chat/completions "HTTP/1.1 200 OK"
2026-04-26 19:56:55,540 INFO httpx — HTTP Request: POST http://localhost:11434/v1/chat/completions "HTTP/1.1 200 OK"
2026-04-26 19:57:01,086 INFO httpx — HTTP Request: POST http://localhost:11434/v1/chat/completions "HTTP/1.1 200 OK"
2026-04-26 19:57:04,943 INFO httpx — HTTP Request: POST http://localhost:11434/v1/chat/completions "HTTP/1.1 200 OK"
2026-04-26 19:57:09,503 INFO httpx — HTTP Request: POST http://localhost:11434/v1/chat/completions "HTTP/1.1 200 OK"
2026-04-26 19:57:13,759 INFO httpx — HTTP Request: POST http://localhost:11434/v1/chat/completions "HTTP/1.1 200 OK"
2026-04-26 19:57:18,184 INFO httpx — HTTP Request: POST http://localhost:11434/v1/chat/completions "HTTP/1.1 200 OK"
2026-04-26 19:57:23,335 INFO httpx — HTTP Request: POST http://localhost:11434/v1/chat/completions "HTTP/1.1 200 OK"
2026-04-26 19:57:27,718 INFO httpx — HTTP Request: POST http://localhost:11434/v1/chat/completions "HTTP/1.1 200 OK"
2026-04-26 19:57:32,642 INFO httpx — HTTP Request: POST http://localhost:11434/v1/chat/completions "HTTP/1.1 200 OK"
2026-04-26 19:57:36,789 INFO httpx — HTTP Request: POST http://localhost:11434/v1/chat/completions "HTTP/1.1 200 OK"
2026-04-26 19:57:41,060 INFO httpx — HTTP Request: POST http://localhost:11434/v1/chat/completions "HTTP/1.1 200 OK"
2026-04-26 19:57:45,320 INFO httpx — HTTP Request: POST http://localhost:11434/v1/chat/completions "HTTP/1.1 200 OK"
2026-04-26 19:57:49,581 INFO httpx — HTTP Request: POST http://localhost:11434/v1/chat/completions "HTTP/1.1 200 OK"
2026-04-26 19:57:54,909 INFO httpx — HTTP Request: POST http://localhost:11434/v1/chat/completions "HTTP/1.1 200 OK"
2026-04-26 19:58:00,230 INFO httpx — HTTP Request: POST http://localhost:11434/v1/chat/completions "HTTP/1.1 200 OK"
2026-04-26 19:58:04,437 INFO httpx — HTTP Request: POST http://localhost:11434/v1/chat/completions "HTTP/1.1 200 OK"
2026-04-26 19:58:08,628 INFO httpx — HTTP Request: POST http://localhost:11434/v1/chat/completions "HTTP/1.1 200 OK"
2026-04-26 19:58:12,956 INFO httpx — HTTP Request: POST http://localhost:11434/v1/chat/completions "HTTP/1.1 200 OK"
2026-04-26 19:58:17,470 INFO httpx — HTTP Request: POST http://localhost:11434/v1/chat/completions "HTTP/1.1 200 OK"
2026-04-26 19:58:22,507 INFO httpx — HTTP Request: POST http://localhost:11434/v1/chat/completions "HTTP/1.1 200 OK"
2026-04-26 19:58:26,575 INFO httpx — HTTP Request: POST http://localhost:11434/v1/chat/completions "HTTP/1.1 200 OK"
2026-04-26 19:58:30,538 INFO httpx — HTTP Request: POST http://localhost:11434/v1/chat/completions "HTTP/1.1 200 OK"
2026-04-26 19:58:35,612 INFO httpx — HTTP Request: POST http://localhost:11434/v1/chat/completions "HTTP/1.1 200 OK"
2026-04-26 19:58:40,045 INFO httpx — HTTP Request: POST http://localhost:11434/v1/chat/completions "HTTP/1.1 200 OK"
2026-04-26 19:58:44,389 INFO httpx — HTTP Request: POST http://localhost:11434/v1/chat/completions "HTTP/1.1 200 OK"
2026-04-26 19:58:48,736 INFO httpx — HTTP Request: POST http://localhost:11434/v1/chat/completions "HTTP/1.1 200 OK"
2026-04-26 19:58:53,791 INFO httpx — HTTP Request: POST http://localhost:11434/v1/chat/completions "HTTP/1.1 200 OK"
2026-04-26 19:58:58,007 INFO httpx — HTTP Request: POST http://localhost:11434/v1/chat/completions "HTTP/1.1 200 OK"
2026-04-26 19:59:02,810 INFO httpx — HTTP Request: POST http://localhost:11434/v1/chat/completions "HTTP/1.1 200 OK"
2026-04-26 19:59:07,124 INFO httpx — HTTP Request: POST http://localhost:11434/v1/chat/completions "HTTP/1.1 200 OK"
2026-04-26 19:59:11,055 INFO httpx — HTTP Request: POST http://localhost:11434/v1/chat/completions "HTTP/1.1 200 OK"
2026-04-26 19:59:15,953 INFO httpx — HTTP Request: POST http://localhost:11434/v1/chat/completions "HTTP/1.1 200 OK"
2026-04-26 19:59:19,597 INFO httpx — HTTP Request: POST http://localhost:11434/v1/chat/completions "HTTP/1.1 200 OK"
2026-04-26 19:59:24,703 INFO httpx — HTTP Request: POST http://localhost:11434/v1/chat/completions "HTTP/1.1 200 OK"
2026-04-26 19:59:28,854 INFO httpx — HTTP Request: POST http://localhost:11434/v1/chat/completions "HTTP/1.1 200 OK"
2026-04-26 19:59:32,998 INFO httpx — HTTP Request: POST http://localhost:11434/v1/chat/completions "HTTP/1.1 200 OK"
2026-04-26 19:59:37,097 INFO httpx — HTTP Request: POST http://localhost:11434/v1/chat/completions "HTTP/1.1 200 OK"
2026-04-26 19:59:41,418 INFO httpx — HTTP Request: POST http://localhost:11434/v1/chat/completions "HTTP/1.1 200 OK"
2026-04-26 19:59:44,965 INFO httpx — HTTP Request: POST http://localhost:11434/v1/chat/completions "HTTP/1.1 200 OK"
2026-04-26 19:59:48,862 INFO httpx — HTTP Request: POST http://localhost:11434/v1/chat/completions "HTTP/1.1 200 OK"
2026-04-26 19:59:54,601 INFO httpx — HTTP Request: POST http://localhost:11434/v1/chat/completions "HTTP/1.1 200 OK"
2026-04-26 19:59:58,851 INFO httpx — HTTP Request: POST http://localhost:11434/v1/chat/completions "HTTP/1.1 200 OK"
2026-04-26 20:00:03,328 INFO httpx — HTTP Request: POST http://localhost:11434/v1/chat/completions "HTTP/1.1 200 OK"
2026-04-26 20:00:07,491 INFO httpx — HTTP Request: POST http://localhost:11434/v1/chat/completions "HTTP/1.1 200 OK"
2026-04-26 20:00:11,550 INFO httpx — HTTP Request: POST http://localhost:11434/v1/chat/completions "HTTP/1.1 200 OK"
2026-04-26 20:00:15,756 INFO httpx — HTTP Request: POST http://localhost:11434/v1/chat/completions "HTTP/1.1 200 OK"
2026-04-26 20:00:19,930 INFO httpx — HTTP Request: POST http://localhost:11434/v1/chat/completions "HTTP/1.1 200 OK"
2026-04-26 20:00:24,240 INFO httpx — HTTP Request: POST http://localhost:11434/v1/chat/completions "HTTP/1.1 200 OK"
2026-04-26 20:00:29,211 INFO httpx — HTTP Request: POST http://localhost:11434/v1/chat/completions "HTTP/1.1 200 OK"
2026-04-26 20:00:32,798 INFO httpx — HTTP Request: POST http://localhost:11434/v1/chat/completions "HTTP/1.1 200 OK"
2026-04-26 20:00:37,089 INFO httpx — HTTP Request: POST http://localhost:11434/v1/chat/completions "HTTP/1.1 200 OK"
2026-04-26 20:00:42,111 INFO httpx — HTTP Request: POST http://localhost:11434/v1/chat/completions "HTTP/1.1 200 OK"
2026-04-26 20:00:46,573 INFO httpx — HTTP Request: POST http://localhost:11434/v1/chat/completions "HTTP/1.1 200 OK"
2026-04-26 20:00:50,509 INFO httpx — HTTP Request: POST http://localhost:11434/v1/chat/completions "HTTP/1.1 200 OK"
2026-04-26 20:00:55,463 INFO httpx — HTTP Request: POST http://localhost:11434/v1/chat/completions "HTTP/1.1 200 OK"
2026-04-26 20:01:00,685 INFO httpx — HTTP Request: POST http://localhost:11434/v1/chat/completions "HTTP/1.1 200 OK"
2026-04-26 20:01:04,718 INFO httpx — HTTP Request: POST http://localhost:11434/v1/chat/completions "HTTP/1.1 200 OK"
2026-04-26 20:01:09,348 INFO httpx — HTTP Request: POST http://localhost:11434/v1/chat/completions "HTTP/1.1 200 OK"
2026-04-26 20:01:13,825 INFO httpx — HTTP Request: POST http://localhost:11434/v1/chat/completions "HTTP/1.1 200 OK"
2026-04-26 20:01:18,539 INFO httpx — HTTP Request: POST http://localhost:11434/v1/chat/completions "HTTP/1.1 200 OK"
2026-04-26 20:01:21,353 INFO __main__ — Condition ic_blind_local_phi: completed 4/5 (attempt 4, replacements: 0)
2026-04-26 20:01:24,032 INFO httpx — HTTP Request: POST http://localhost:11434/v1/chat/completions "HTTP/1.1 200 OK"
2026-04-26 20:01:28,526 INFO httpx — HTTP Request: POST http://localhost:11434/v1/chat/completions "HTTP/1.1 200 OK"
2026-04-26 20:01:33,039 INFO httpx — HTTP Request: POST http://localhost:11434/v1/chat/completions "HTTP/1.1 200 OK"
2026-04-26 20:01:37,405 INFO httpx — HTTP Request: POST http://localhost:11434/v1/chat/completions "HTTP/1.1 200 OK"
2026-04-26 20:01:41,223 INFO httpx — HTTP Request: POST http://localhost:11434/v1/chat/completions "HTTP/1.1 200 OK"
2026-04-26 20:01:44,872 INFO httpx — HTTP Request: POST http://localhost:11434/v1/chat/completions "HTTP/1.1 200 OK"
2026-04-26 20:01:49,364 INFO httpx — HTTP Request: POST http://localhost:11434/v1/chat/completions "HTTP/1.1 200 OK"
2026-04-26 20:01:54,675 INFO httpx — HTTP Request: POST http://localhost:11434/v1/chat/completions "HTTP/1.1 200 OK"
2026-04-26 20:01:58,496 INFO httpx — HTTP Request: POST http://localhost:11434/v1/chat/completions "HTTP/1.1 200 OK"
2026-04-26 20:02:02,712 INFO httpx — HTTP Request: POST http://localhost:11434/v1/chat/completions "HTTP/1.1 200 OK"
2026-04-26 20:02:07,015 INFO httpx — HTTP Request: POST http://localhost:11434/v1/chat/completions "HTTP/1.1 200 OK"
2026-04-26 20:02:11,655 INFO httpx — HTTP Request: POST http://localhost:11434/v1/chat/completions "HTTP/1.1 200 OK"
2026-04-26 20:02:15,607 INFO httpx — HTTP Request: POST http://localhost:11434/v1/chat/completions "HTTP/1.1 200 OK"
2026-04-26 20:02:21,647 INFO httpx — HTTP Request: POST http://localhost:11434/v1/chat/completions "HTTP/1.1 200 OK"
2026-04-26 20:02:25,563 INFO httpx — HTTP Request: POST http://localhost:11434/v1/chat/completions "HTTP/1.1 200 OK"
2026-04-26 20:02:29,940 INFO httpx — HTTP Request: POST http://localhost:11434/v1/chat/completions "HTTP/1.1 200 OK"
2026-04-26 20:02:34,571 INFO httpx — HTTP Request: POST http://localhost:11434/v1/chat/completions "HTTP/1.1 200 OK"
2026-04-26 20:02:39,077 INFO httpx — HTTP Request: POST http://localhost:11434/v1/chat/completions "HTTP/1.1 200 OK"
2026-04-26 20:02:43,214 INFO httpx — HTTP Request: POST http://localhost:11434/v1/chat/completions "HTTP/1.1 200 OK"
2026-04-26 20:02:49,904 INFO httpx — HTTP Request: POST http://localhost:11434/v1/chat/completions "HTTP/1.1 200 OK"
2026-04-26 20:02:55,216 INFO httpx — HTTP Request: POST http://localhost:11434/v1/chat/completions "HTTP/1.1 200 OK"
2026-04-26 20:02:59,636 INFO httpx — HTTP Request: POST http://localhost:11434/v1/chat/completions "HTTP/1.1 200 OK"
2026-04-26 20:03:04,472 INFO httpx — HTTP Request: POST http://localhost:11434/v1/chat/completions "HTTP/1.1 200 OK"
2026-04-26 20:03:08,577 INFO httpx — HTTP Request: POST http://localhost:11434/v1/chat/completions "HTTP/1.1 200 OK"
2026-04-26 20:03:13,587 INFO httpx — HTTP Request: POST http://localhost:11434/v1/chat/completions "HTTP/1.1 200 OK"
2026-04-26 20:03:17,957 INFO httpx — HTTP Request: POST http://localhost:11434/v1/chat/completions "HTTP/1.1 200 OK"
2026-04-26 20:03:22,538 INFO httpx — HTTP Request: POST http://localhost:11434/v1/chat/completions "HTTP/1.1 200 OK"
2026-04-26 20:03:27,146 INFO httpx — HTTP Request: POST http://localhost:11434/v1/chat/completions "HTTP/1.1 200 OK"
2026-04-26 20:03:31,180 INFO httpx — HTTP Request: POST http://localhost:11434/v1/chat/completions "HTTP/1.1 200 OK"
2026-04-26 20:03:35,278 INFO httpx — HTTP Request: POST http://localhost:11434/v1/chat/completions "HTTP/1.1 200 OK"
2026-04-26 20:03:39,806 INFO httpx — HTTP Request: POST http://localhost:11434/v1/chat/completions "HTTP/1.1 200 OK"
2026-04-26 20:03:45,117 INFO httpx — HTTP Request: POST http://localhost:11434/v1/chat/completions "HTTP/1.1 200 OK"
2026-04-26 20:03:50,070 INFO httpx — HTTP Request: POST http://localhost:11434/v1/chat/completions "HTTP/1.1 200 OK"
2026-04-26 20:03:55,378 INFO httpx — HTTP Request: POST http://localhost:11434/v1/chat/completions "HTTP/1.1 200 OK"
2026-04-26 20:03:59,682 INFO httpx — HTTP Request: POST http://localhost:11434/v1/chat/completions "HTTP/1.1 200 OK"
2026-04-26 20:04:04,417 INFO httpx — HTTP Request: POST http://localhost:11434/v1/chat/completions "HTTP/1.1 200 OK"
2026-04-26 20:04:08,349 INFO httpx — HTTP Request: POST http://localhost:11434/v1/chat/completions "HTTP/1.1 200 OK"
2026-04-26 20:04:12,806 INFO httpx — HTTP Request: POST http://localhost:11434/v1/chat/completions "HTTP/1.1 200 OK"
2026-04-26 20:04:16,553 INFO httpx — HTTP Request: POST http://localhost:11434/v1/chat/completions "HTTP/1.1 200 OK"
2026-04-26 20:04:21,859 INFO httpx — HTTP Request: POST http://localhost:11434/v1/chat/completions "HTTP/1.1 200 OK"
2026-04-26 20:04:26,526 INFO httpx — HTTP Request: POST http://localhost:11434/v1/chat/completions "HTTP/1.1 200 OK"
2026-04-26 20:04:31,130 INFO httpx — HTTP Request: POST http://localhost:11434/v1/chat/completions "HTTP/1.1 200 OK"
2026-04-26 20:04:36,265 INFO httpx — HTTP Request: POST http://localhost:11434/v1/chat/completions "HTTP/1.1 200 OK"
2026-04-26 20:04:40,608 INFO httpx — HTTP Request: POST http://localhost:11434/v1/chat/completions "HTTP/1.1 200 OK"
2026-04-26 20:04:45,139 INFO httpx — HTTP Request: POST http://localhost:11434/v1/chat/completions "HTTP/1.1 200 OK"
2026-04-26 20:04:49,991 INFO httpx — HTTP Request: POST http://localhost:11434/v1/chat/completions "HTTP/1.1 200 OK"
2026-04-26 20:04:55,295 INFO httpx — HTTP Request: POST http://localhost:11434/v1/chat/completions "HTTP/1.1 200 OK"
2026-04-26 20:04:58,788 INFO httpx — HTTP Request: POST http://localhost:11434/v1/chat/completions "HTTP/1.1 200 OK"
2026-04-26 20:05:03,264 INFO httpx — HTTP Request: POST http://localhost:11434/v1/chat/completions "HTTP/1.1 200 OK"
2026-04-26 20:05:07,972 INFO httpx — HTTP Request: POST http://localhost:11434/v1/chat/completions "HTTP/1.1 200 OK"
2026-04-26 20:05:12,450 INFO httpx — HTTP Request: POST http://localhost:11434/v1/chat/completions "HTTP/1.1 200 OK"
2026-04-26 20:05:16,476 INFO httpx — HTTP Request: POST http://localhost:11434/v1/chat/completions "HTTP/1.1 200 OK"
2026-04-26 20:05:21,156 INFO httpx — HTTP Request: POST http://localhost:11434/v1/chat/completions "HTTP/1.1 200 OK"
2026-04-26 20:05:24,760 INFO httpx — HTTP Request: POST http://localhost:11434/v1/chat/completions "HTTP/1.1 200 OK"
2026-04-26 20:05:29,063 INFO httpx — HTTP Request: POST http://localhost:11434/v1/chat/completions "HTTP/1.1 200 OK"
2026-04-26 20:05:32,869 INFO httpx — HTTP Request: POST http://localhost:11434/v1/chat/completions "HTTP/1.1 200 OK"
2026-04-26 20:05:36,527 INFO httpx — HTTP Request: POST http://localhost:11434/v1/chat/completions "HTTP/1.1 200 OK"
2026-04-26 20:05:42,038 INFO httpx — HTTP Request: POST http://localhost:11434/v1/chat/completions "HTTP/1.1 200 OK"
2026-04-26 20:05:45,884 INFO httpx — HTTP Request: POST http://localhost:11434/v1/chat/completions "HTTP/1.1 200 OK"
2026-04-26 20:05:50,070 INFO httpx — HTTP Request: POST http://localhost:11434/v1/chat/completions "HTTP/1.1 200 OK"
2026-04-26 20:05:54,254 INFO httpx — HTTP Request: POST http://localhost:11434/v1/chat/completions "HTTP/1.1 200 OK"
2026-04-26 20:05:58,147 INFO httpx — HTTP Request: POST http://localhost:11434/v1/chat/completions "HTTP/1.1 200 OK"
2026-04-26 20:06:02,463 INFO httpx — HTTP Request: POST http://localhost:11434/v1/chat/completions "HTTP/1.1 200 OK"
2026-04-26 20:06:07,210 INFO httpx — HTTP Request: POST http://localhost:11434/v1/chat/completions "HTTP/1.1 200 OK"
2026-04-26 20:06:10,915 INFO httpx — HTTP Request: POST http://localhost:11434/v1/chat/completions "HTTP/1.1 200 OK"
2026-04-26 20:06:15,868 INFO httpx — HTTP Request: POST http://localhost:11434/v1/chat/completions "HTTP/1.1 200 OK"
2026-04-26 20:06:20,028 INFO httpx — HTTP Request: POST http://localhost:11434/v1/chat/completions "HTTP/1.1 200 OK"
2026-04-26 20:06:24,940 INFO httpx — HTTP Request: POST http://localhost:11434/v1/chat/completions "HTTP/1.1 200 OK"
2026-04-26 20:06:29,021 INFO httpx — HTTP Request: POST http://localhost:11434/v1/chat/completions "HTTP/1.1 200 OK"
2026-04-26 20:06:32,914 INFO httpx — HTTP Request: POST http://localhost:11434/v1/chat/completions "HTTP/1.1 200 OK"
2026-04-26 20:06:37,829 INFO httpx — HTTP Request: POST http://localhost:11434/v1/chat/completions "HTTP/1.1 200 OK"
2026-04-26 20:06:42,741 INFO httpx — HTTP Request: POST http://localhost:11434/v1/chat/completions "HTTP/1.1 200 OK"
2026-04-26 20:06:45,090 INFO __main__ — Condition ic_blind_local_phi: completed 5/5 (attempt 5, replacements: 0)
2026-04-26 20:06:45,102 INFO __main__ — Condition ic_blind_local_phi: finished — 5 valid runs in 5 attempts (0 replacement(s))
2026-04-26 20:06:45,108 INFO __main__ — Checkpoint written (750 records)
2026-04-26 20:06:45,198 INFO __main__ — Results saved to ../results/H1_IC/20260426T125629
2026-04-26 20:06:45,198 INFO __main__ — === H1_IC complete — results at ../results/H1_IC/20260426T125629 ===
2026-04-26 20:06:45,198 INFO __main__ — === Starting experiment: H2_IC ===
2026-04-26 20:06:45,199 INFO __main__ — Skipping condition ic_context_azure (backend=azure, active=local)
2026-04-26 20:06:45,199 INFO __main__ — Running condition: ic_context_local
2026-04-26 20:07:04,312 INFO httpx — HTTP Request: POST http://localhost:11434/v1/chat/completions "HTTP/1.1 200 OK"
2026-04-26 20:07:13,792 INFO httpx — HTTP Request: POST http://localhost:11434/v1/chat/completions "HTTP/1.1 200 OK"
2026-04-26 20:07:24,051 INFO httpx — HTTP Request: POST http://localhost:11434/v1/chat/completions "HTTP/1.1 200 OK"
2026-04-26 20:07:35,458 INFO httpx — HTTP Request: POST http://localhost:11434/v1/chat/completions "HTTP/1.1 200 OK"
2026-04-26 20:07:42,159 INFO httpx — HTTP Request: POST http://localhost:11434/v1/chat/completions "HTTP/1.1 200 OK"
2026-04-26 20:08:00,701 INFO httpx — HTTP Request: POST http://localhost:11434/v1/chat/completions "HTTP/1.1 200 OK"
2026-04-26 20:08:11,913 INFO httpx — HTTP Request: POST http://localhost:11434/v1/chat/completions "HTTP/1.1 200 OK"
2026-04-26 20:08:18,068 INFO httpx — HTTP Request: POST http://localhost:11434/v1/chat/completions "HTTP/1.1 200 OK"
2026-04-26 20:08:31,222 INFO httpx — HTTP Request: POST http://localhost:11434/v1/chat/completions "HTTP/1.1 200 OK"
2026-04-26 20:08:43,879 INFO httpx — HTTP Request: POST http://localhost:11434/v1/chat/completions "HTTP/1.1 200 OK"
2026-04-26 20:08:56,434 INFO httpx — HTTP Request: POST http://localhost:11434/v1/chat/completions "HTTP/1.1 200 OK"
2026-04-26 20:09:12,387 INFO httpx — HTTP Request: POST http://localhost:11434/v1/chat/completions "HTTP/1.1 200 OK"
2026-04-26 20:09:20,530 INFO httpx — HTTP Request: POST http://localhost:11434/v1/chat/completions "HTTP/1.1 200 OK"
2026-04-26 20:09:28,586 INFO httpx — HTTP Request: POST http://localhost:11434/v1/chat/completions "HTTP/1.1 200 OK"
2026-04-26 20:09:49,454 INFO httpx — HTTP Request: POST http://localhost:11434/v1/chat/completions "HTTP/1.1 200 OK"
2026-04-26 20:10:01,312 INFO httpx — HTTP Request: POST http://localhost:11434/v1/chat/completions "HTTP/1.1 200 OK"
2026-04-26 20:10:08,100 INFO httpx — HTTP Request: POST http://localhost:11434/v1/chat/completions "HTTP/1.1 200 OK"
2026-04-26 20:10:20,679 INFO httpx — HTTP Request: POST http://localhost:11434/v1/chat/completions "HTTP/1.1 200 OK"
2026-04-26 20:10:32,001 INFO httpx — HTTP Request: POST http://localhost:11434/v1/chat/completions "HTTP/1.1 200 OK"
2026-04-26 20:10:39,261 INFO httpx — HTTP Request: POST http://localhost:11434/v1/chat/completions "HTTP/1.1 200 OK"
2026-04-26 20:10:58,167 INFO httpx — HTTP Request: POST http://localhost:11434/v1/chat/completions "HTTP/1.1 200 OK"
2026-04-26 20:11:06,784 INFO httpx — HTTP Request: POST http://localhost:11434/v1/chat/completions "HTTP/1.1 200 OK"
2026-04-26 20:11:13,982 INFO httpx — HTTP Request: POST http://localhost:11434/v1/chat/completions "HTTP/1.1 200 OK"
2026-04-26 20:11:25,035 INFO httpx — HTTP Request: POST http://localhost:11434/v1/chat/completions "HTTP/1.1 200 OK"
2026-04-26 20:11:44,899 INFO httpx — HTTP Request: POST http://localhost:11434/v1/chat/completions "HTTP/1.1 200 OK"
2026-04-26 20:11:53,720 INFO httpx — HTTP Request: POST http://localhost:11434/v1/chat/completions "HTTP/1.1 200 OK"
2026-04-26 20:12:09,550 INFO httpx — HTTP Request: POST http://localhost:11434/v1/chat/completions "HTTP/1.1 200 OK"
2026-04-26 20:12:24,099 INFO httpx — HTTP Request: POST http://localhost:11434/v1/chat/completions "HTTP/1.1 200 OK"
2026-04-26 20:12:30,920 INFO httpx — HTTP Request: POST http://localhost:11434/v1/chat/completions "HTTP/1.1 200 OK"
2026-04-26 20:12:51,844 INFO httpx — HTTP Request: POST http://localhost:11434/v1/chat/completions "HTTP/1.1 200 OK"
2026-04-26 20:13:07,582 INFO httpx — HTTP Request: POST http://localhost:11434/v1/chat/completions "HTTP/1.1 200 OK"
2026-04-26 20:13:13,878 INFO httpx — HTTP Request: POST http://localhost:11434/v1/chat/completions "HTTP/1.1 200 OK"
2026-04-26 20:13:27,027 INFO httpx — HTTP Request: POST http://localhost:11434/v1/chat/completions "HTTP/1.1 200 OK"
2026-04-26 20:13:39,439 INFO httpx — HTTP Request: POST http://localhost:11434/v1/chat/completions "HTTP/1.1 200 OK"
2026-04-26 20:13:52,962 INFO httpx — HTTP Request: POST http://localhost:11434/v1/chat/completions "HTTP/1.1 200 OK"
2026-04-26 20:14:23,243 INFO httpx — HTTP Request: POST http://localhost:11434/v1/chat/completions "HTTP/1.1 200 OK"
2026-04-26 20:14:33,902 INFO httpx — HTTP Request: POST http://localhost:11434/v1/chat/completions "HTTP/1.1 200 OK"
2026-04-26 20:14:43,425 INFO httpx — HTTP Request: POST http://localhost:11434/v1/chat/completions "HTTP/1.1 200 OK"
2026-04-26 20:14:55,425 INFO httpx — HTTP Request: POST http://localhost:11434/v1/chat/completions "HTTP/1.1 200 OK"
2026-04-26 20:15:17,373 INFO httpx — HTTP Request: POST http://localhost:11434/v1/chat/completions "HTTP/1.1 200 OK"
2026-04-26 20:15:23,835 INFO httpx — HTTP Request: POST http://localhost:11434/v1/chat/completions "HTTP/1.1 200 OK"
2026-04-26 20:15:45,534 INFO httpx — HTTP Request: POST http://localhost:11434/v1/chat/completions "HTTP/1.1 200 OK"
2026-04-26 20:15:55,478 INFO httpx — HTTP Request: POST http://localhost:11434/v1/chat/completions "HTTP/1.1 200 OK"
2026-04-26 20:16:01,938 INFO httpx — HTTP Request: POST http://localhost:11434/v1/chat/completions "HTTP/1.1 200 OK"
2026-04-26 20:16:13,538 INFO httpx — HTTP Request: POST http://localhost:11434/v1/chat/completions "HTTP/1.1 200 OK"
2026-04-26 20:16:24,882 INFO httpx — HTTP Request: POST http://localhost:11434/v1/chat/completions "HTTP/1.1 200 OK"
2026-04-26 20:16:34,021 INFO httpx — HTTP Request: POST http://localhost:11434/v1/chat/completions "HTTP/1.1 200 OK"
2026-04-26 20:17:11,132 INFO httpx — HTTP Request: POST http://localhost:11434/v1/chat/completions "HTTP/1.1 200 OK"
2026-04-26 20:17:21,874 INFO httpx — HTTP Request: POST http://localhost:11434/v1/chat/completions "HTTP/1.1 200 OK"
2026-04-26 20:17:28,815 INFO httpx — HTTP Request: POST http://localhost:11434/v1/chat/completions "HTTP/1.1 200 OK"
2026-04-26 20:17:47,307 INFO httpx — HTTP Request: POST http://localhost:11434/v1/chat/completions "HTTP/1.1 200 OK"
2026-04-26 20:18:01,406 INFO httpx — HTTP Request: POST http://localhost:11434/v1/chat/completions "HTTP/1.1 200 OK"
2026-04-26 20:18:07,751 INFO httpx — HTTP Request: POST http://localhost:11434/v1/chat/completions "HTTP/1.1 200 OK"
2026-04-26 20:18:21,352 INFO httpx — HTTP Request: POST http://localhost:11434/v1/chat/completions "HTTP/1.1 200 OK"
2026-04-26 20:18:37,449 INFO httpx — HTTP Request: POST http://localhost:11434/v1/chat/completions "HTTP/1.1 200 OK"
2026-04-26 20:18:44,267 INFO httpx — HTTP Request: POST http://localhost:11434/v1/chat/completions "HTTP/1.1 200 OK"
2026-04-26 20:18:58,994 INFO httpx — HTTP Request: POST http://localhost:11434/v1/chat/completions "HTTP/1.1 200 OK"
2026-04-26 20:19:09,675 INFO httpx — HTTP Request: POST http://localhost:11434/v1/chat/completions "HTTP/1.1 200 OK"
2026-04-26 20:19:18,322 INFO httpx — HTTP Request: POST http://localhost:11434/v1/chat/completions "HTTP/1.1 200 OK"
2026-04-26 20:19:30,917 INFO httpx — HTTP Request: POST http://localhost:11434/v1/chat/completions "HTTP/1.1 200 OK"
2026-04-26 20:19:42,597 INFO httpx — HTTP Request: POST http://localhost:11434/v1/chat/completions "HTTP/1.1 200 OK"
2026-04-26 20:19:53,905 INFO httpx — HTTP Request: POST http://localhost:11434/v1/chat/completions "HTTP/1.1 200 OK"
2026-04-26 20:20:16,754 INFO httpx — HTTP Request: POST http://localhost:11434/v1/chat/completions "HTTP/1.1 200 OK"
2026-04-26 20:20:29,632 INFO httpx — HTTP Request: POST http://localhost:11434/v1/chat/completions "HTTP/1.1 200 OK"
2026-04-26 20:20:39,059 INFO httpx — HTTP Request: POST http://localhost:11434/v1/chat/completions "HTTP/1.1 200 OK"
2026-04-26 20:20:57,735 INFO httpx — HTTP Request: POST http://localhost:11434/v1/chat/completions "HTTP/1.1 200 OK"
2026-04-26 20:21:08,864 INFO httpx — HTTP Request: POST http://localhost:11434/v1/chat/completions "HTTP/1.1 200 OK"
2026-04-26 20:21:18,313 INFO httpx — HTTP Request: POST http://localhost:11434/v1/chat/completions "HTTP/1.1 200 OK"
2026-04-26 20:21:43,330 INFO httpx — HTTP Request: POST http://localhost:11434/v1/chat/completions "HTTP/1.1 200 OK"
2026-04-26 20:21:53,976 INFO httpx — HTTP Request: POST http://localhost:11434/v1/chat/completions "HTTP/1.1 200 OK"
2026-04-26 20:22:04,269 INFO httpx — HTTP Request: POST http://localhost:11434/v1/chat/completions "HTTP/1.1 200 OK"
2026-04-26 20:22:19,228 INFO httpx — HTTP Request: POST http://localhost:11434/v1/chat/completions "HTTP/1.1 200 OK"
2026-04-26 20:22:27,303 INFO __main__ — Condition ic_context_local: completed 1/5 (attempt 1, replacements: 0)
2026-04-26 20:22:29,142 INFO httpx — HTTP Request: POST http://localhost:11434/v1/chat/completions "HTTP/1.1 200 OK"
2026-04-26 20:22:39,831 INFO httpx — HTTP Request: POST http://localhost:11434/v1/chat/completions "HTTP/1.1 200 OK"
2026-04-26 20:22:54,124 INFO httpx — HTTP Request: POST http://localhost:11434/v1/chat/completions "HTTP/1.1 200 OK"
2026-04-26 20:23:05,631 INFO httpx — HTTP Request: POST http://localhost:11434/v1/chat/completions "HTTP/1.1 200 OK"
2026-04-26 20:23:13,417 INFO httpx — HTTP Request: POST http://localhost:11434/v1/chat/completions "HTTP/1.1 200 OK"
2026-04-26 20:23:31,902 INFO httpx — HTTP Request: POST http://localhost:11434/v1/chat/completions "HTTP/1.1 200 OK"
2026-04-26 20:23:44,626 INFO httpx — HTTP Request: POST http://localhost:11434/v1/chat/completions "HTTP/1.1 200 OK"
2026-04-26 20:23:53,740 INFO httpx — HTTP Request: POST http://localhost:11434/v1/chat/completions "HTTP/1.1 200 OK"
2026-04-26 20:24:10,797 INFO httpx — HTTP Request: POST http://localhost:11434/v1/chat/completions "HTTP/1.1 200 OK"
2026-04-26 20:24:22,264 INFO httpx — HTTP Request: POST http://localhost:11434/v1/chat/completions "HTTP/1.1 200 OK"
2026-04-26 20:24:31,367 INFO httpx — HTTP Request: POST http://localhost:11434/v1/chat/completions "HTTP/1.1 200 OK"
2026-04-26 20:24:55,048 INFO httpx — HTTP Request: POST http://localhost:11434/v1/chat/completions "HTTP/1.1 200 OK"
2026-04-26 20:25:07,583 INFO httpx — HTTP Request: POST http://localhost:11434/v1/chat/completions "HTTP/1.1 200 OK"
2026-04-26 20:25:17,011 INFO httpx — HTTP Request: POST http://localhost:11434/v1/chat/completions "HTTP/1.1 200 OK"
2026-04-26 20:25:34,183 INFO httpx — HTTP Request: POST http://localhost:11434/v1/chat/completions "HTTP/1.1 200 OK"
2026-04-26 20:25:49,414 INFO httpx — HTTP Request: POST http://localhost:11434/v1/chat/completions "HTTP/1.1 200 OK"
2026-04-26 20:25:58,559 INFO httpx — HTTP Request: POST http://localhost:11434/v1/chat/completions "HTTP/1.1 200 OK"
2026-04-26 20:26:12,616 INFO httpx — HTTP Request: POST http://localhost:11434/v1/chat/completions "HTTP/1.1 200 OK"
2026-04-26 20:26:24,084 INFO httpx — HTTP Request: POST http://localhost:11434/v1/chat/completions "HTTP/1.1 200 OK"
2026-04-26 20:26:33,407 INFO httpx — HTTP Request: POST http://localhost:11434/v1/chat/completions "HTTP/1.1 200 OK"
2026-04-26 20:26:48,851 INFO httpx — HTTP Request: POST http://localhost:11434/v1/chat/completions "HTTP/1.1 200 OK"
2026-04-26 20:27:03,024 INFO httpx — HTTP Request: POST http://localhost:11434/v1/chat/completions "HTTP/1.1 200 OK"
2026-04-26 20:27:12,129 INFO httpx — HTTP Request: POST http://localhost:11434/v1/chat/completions "HTTP/1.1 200 OK"
2026-04-26 20:27:27,058 INFO httpx — HTTP Request: POST http://localhost:11434/v1/chat/completions "HTTP/1.1 200 OK"
2026-04-26 20:27:38,906 INFO httpx — HTTP Request: POST http://localhost:11434/v1/chat/completions "HTTP/1.1 200 OK"
2026-04-26 20:27:49,878 INFO httpx — HTTP Request: POST http://localhost:11434/v1/chat/completions "HTTP/1.1 200 OK"
2026-04-26 20:28:02,832 INFO httpx — HTTP Request: POST http://localhost:11434/v1/chat/completions "HTTP/1.1 200 OK"
2026-04-26 20:28:14,145 INFO httpx — HTTP Request: POST http://localhost:11434/v1/chat/completions "HTTP/1.1 200 OK"
2026-04-26 20:28:23,162 INFO httpx — HTTP Request: POST http://localhost:11434/v1/chat/completions "HTTP/1.1 200 OK"
2026-04-26 20:28:34,448 INFO httpx — HTTP Request: POST http://localhost:11434/v1/chat/completions "HTTP/1.1 200 OK"
2026-04-26 20:28:47,017 INFO httpx — HTTP Request: POST http://localhost:11434/v1/chat/completions "HTTP/1.1 200 OK"
2026-04-26 20:28:56,002 INFO httpx — HTTP Request: POST http://localhost:11434/v1/chat/completions "HTTP/1.1 200 OK"
2026-04-26 20:29:11,769 INFO httpx — HTTP Request: POST http://localhost:11434/v1/chat/completions "HTTP/1.1 200 OK"
2026-04-26 20:29:28,560 INFO httpx — HTTP Request: POST http://localhost:11434/v1/chat/completions "HTTP/1.1 200 OK"
2026-04-26 20:29:40,245 INFO httpx — HTTP Request: POST http://localhost:11434/v1/chat/completions "HTTP/1.1 200 OK"
2026-04-26 20:29:57,575 INFO httpx — HTTP Request: POST http://localhost:11434/v1/chat/completions "HTTP/1.1 200 OK"
2026-04-26 20:30:08,259 INFO httpx — HTTP Request: POST http://localhost:11434/v1/chat/completions "HTTP/1.1 200 OK"
2026-04-26 20:30:19,014 INFO httpx — HTTP Request: POST http://localhost:11434/v1/chat/completions "HTTP/1.1 200 OK"
2026-04-26 20:30:36,611 INFO httpx — HTTP Request: POST http://localhost:11434/v1/chat/completions "HTTP/1.1 200 OK"
2026-04-26 20:30:53,289 INFO httpx — HTTP Request: POST http://localhost:11434/v1/chat/completions "HTTP/1.1 200 OK"
2026-04-26 20:31:05,757 INFO httpx — HTTP Request: POST http://localhost:11434/v1/chat/completions "HTTP/1.1 200 OK"
2026-04-26 20:31:22,665 INFO httpx — HTTP Request: POST http://localhost:11434/v1/chat/completions "HTTP/1.1 200 OK"
2026-04-26 20:31:38,069 INFO httpx — HTTP Request: POST http://localhost:11434/v1/chat/completions "HTTP/1.1 200 OK"
2026-04-26 20:31:49,218 INFO httpx — HTTP Request: POST http://localhost:11434/v1/chat/completions "HTTP/1.1 200 OK"
2026-04-26 20:32:09,120 INFO httpx — HTTP Request: POST http://localhost:11434/v1/chat/completions "HTTP/1.1 200 OK"
2026-04-26 20:32:21,585 INFO httpx — HTTP Request: POST http://localhost:11434/v1/chat/completions "HTTP/1.1 200 OK"
2026-04-26 20:32:32,105 INFO httpx — HTTP Request: POST http://localhost:11434/v1/chat/completions "HTTP/1.1 200 OK"
2026-04-26 20:32:49,162 INFO httpx — HTTP Request: POST http://localhost:11434/v1/chat/completions "HTTP/1.1 200 OK"
2026-04-26 20:33:04,475 INFO httpx — HTTP Request: POST http://localhost:11434/v1/chat/completions "HTTP/1.1 200 OK"
2026-04-26 20:33:14,360 INFO httpx — HTTP Request: POST http://localhost:11434/v1/chat/completions "HTTP/1.1 200 OK"
2026-04-26 20:33:35,675 INFO httpx — HTTP Request: POST http://localhost:11434/v1/chat/completions "HTTP/1.1 200 OK"
2026-04-26 20:33:48,305 INFO httpx — HTTP Request: POST http://localhost:11434/v1/chat/completions "HTTP/1.1 200 OK"
2026-04-26 20:33:56,864 INFO httpx — HTTP Request: POST http://localhost:11434/v1/chat/completions "HTTP/1.1 200 OK"
2026-04-26 20:34:08,831 INFO httpx — HTTP Request: POST http://localhost:11434/v1/chat/completions "HTTP/1.1 200 OK"
2026-04-26 20:34:18,704 INFO httpx — HTTP Request: POST http://localhost:11434/v1/chat/completions "HTTP/1.1 200 OK"
2026-04-26 20:34:30,476 INFO httpx — HTTP Request: POST http://localhost:11434/v1/chat/completions "HTTP/1.1 200 OK"
2026-04-26 20:34:44,501 INFO httpx — HTTP Request: POST http://localhost:11434/v1/chat/completions "HTTP/1.1 200 OK"
2026-04-26 20:34:56,479 INFO httpx — HTTP Request: POST http://localhost:11434/v1/chat/completions "HTTP/1.1 200 OK"
2026-04-26 20:35:06,025 INFO httpx — HTTP Request: POST http://localhost:11434/v1/chat/completions "HTTP/1.1 200 OK"
2026-04-26 20:35:24,410 INFO httpx — HTTP Request: POST http://localhost:11434/v1/chat/completions "HTTP/1.1 200 OK"
2026-04-26 20:35:35,537 INFO httpx — HTTP Request: POST http://localhost:11434/v1/chat/completions "HTTP/1.1 200 OK"
2026-04-26 20:35:45,644 INFO httpx — HTTP Request: POST http://localhost:11434/v1/chat/completions "HTTP/1.1 200 OK"
2026-04-26 20:35:57,666 INFO httpx — HTTP Request: POST http://localhost:11434/v1/chat/completions "HTTP/1.1 200 OK"
2026-04-26 20:36:10,792 INFO httpx — HTTP Request: POST http://localhost:11434/v1/chat/completions "HTTP/1.1 200 OK"
2026-04-26 20:36:20,958 INFO httpx — HTTP Request: POST http://localhost:11434/v1/chat/completions "HTTP/1.1 200 OK"
2026-04-26 20:36:33,908 INFO httpx — HTTP Request: POST http://localhost:11434/v1/chat/completions "HTTP/1.1 200 OK"
2026-04-26 20:36:43,981 INFO httpx — HTTP Request: POST http://localhost:11434/v1/chat/completions "HTTP/1.1 200 OK"
2026-04-26 20:36:53,489 INFO httpx — HTTP Request: POST http://localhost:11434/v1/chat/completions "HTTP/1.1 200 OK"
2026-04-26 20:37:11,853 INFO httpx — HTTP Request: POST http://localhost:11434/v1/chat/completions "HTTP/1.1 200 OK"
2026-04-26 20:37:23,249 INFO httpx — HTTP Request: POST http://localhost:11434/v1/chat/completions "HTTP/1.1 200 OK"
2026-04-26 20:37:34,432 INFO httpx — HTTP Request: POST http://localhost:11434/v1/chat/completions "HTTP/1.1 200 OK"
2026-04-26 20:37:46,433 INFO httpx — HTTP Request: POST http://localhost:11434/v1/chat/completions "HTTP/1.1 200 OK"
2026-04-26 20:37:55,883 INFO __main__ — Condition ic_context_local: completed 2/5 (attempt 2, replacements: 0)
2026-04-26 20:37:57,939 INFO httpx — HTTP Request: POST http://localhost:11434/v1/chat/completions "HTTP/1.1 200 OK"
2026-04-26 20:38:09,493 INFO httpx — HTTP Request: POST http://localhost:11434/v1/chat/completions "HTTP/1.1 200 OK"
2026-04-26 20:38:27,765 INFO httpx — HTTP Request: POST http://localhost:11434/v1/chat/completions "HTTP/1.1 200 OK"
2026-04-26 20:38:44,086 INFO httpx — HTTP Request: POST http://localhost:11434/v1/chat/completions "HTTP/1.1 200 OK"
2026-04-26 20:38:55,081 INFO httpx — HTTP Request: POST http://localhost:11434/v1/chat/completions "HTTP/1.1 200 OK"
2026-04-26 20:39:14,529 INFO httpx — HTTP Request: POST http://localhost:11434/v1/chat/completions "HTTP/1.1 200 OK"
2026-04-26 20:39:27,925 INFO httpx — HTTP Request: POST http://localhost:11434/v1/chat/completions "HTTP/1.1 200 OK"
2026-04-26 20:39:37,697 INFO httpx — HTTP Request: POST http://localhost:11434/v1/chat/completions "HTTP/1.1 200 OK"
2026-04-26 20:39:58,698 INFO httpx — HTTP Request: POST http://localhost:11434/v1/chat/completions "HTTP/1.1 200 OK"
2026-04-26 20:40:11,739 INFO httpx — HTTP Request: POST http://localhost:11434/v1/chat/completions "HTTP/1.1 200 OK"
2026-04-26 20:40:23,131 INFO httpx — HTTP Request: POST http://localhost:11434/v1/chat/completions "HTTP/1.1 200 OK"
2026-04-26 20:40:36,149 INFO httpx — HTTP Request: POST http://localhost:11434/v1/chat/completions "HTTP/1.1 200 OK"
2026-04-26 20:40:48,869 INFO httpx — HTTP Request: POST http://localhost:11434/v1/chat/completions "HTTP/1.1 200 OK"
2026-04-26 20:40:57,952 INFO httpx — HTTP Request: POST http://localhost:11434/v1/chat/completions "HTTP/1.1 200 OK"
2026-04-26 20:41:16,796 INFO httpx — HTTP Request: POST http://localhost:11434/v1/chat/completions "HTTP/1.1 200 OK"
2026-04-26 20:41:28,406 INFO httpx — HTTP Request: POST http://localhost:11434/v1/chat/completions "HTTP/1.1 200 OK"
2026-04-26 20:41:38,326 INFO httpx — HTTP Request: POST http://localhost:11434/v1/chat/completions "HTTP/1.1 200 OK"
2026-04-26 20:41:49,621 INFO httpx — HTTP Request: POST http://localhost:11434/v1/chat/completions "HTTP/1.1 200 OK"
2026-04-26 20:41:58,601 INFO httpx — HTTP Request: POST http://localhost:11434/v1/chat/completions "HTTP/1.1 200 OK"
2026-04-26 20:42:07,080 INFO httpx — HTTP Request: POST http://localhost:11434/v1/chat/completions "HTTP/1.1 200 OK"
2026-04-26 20:42:17,906 INFO httpx — HTTP Request: POST http://localhost:11434/v1/chat/completions "HTTP/1.1 200 OK"
2026-04-26 20:42:27,795 INFO httpx — HTTP Request: POST http://localhost:11434/v1/chat/completions "HTTP/1.1 200 OK"
2026-04-26 20:42:36,783 INFO httpx — HTTP Request: POST http://localhost:11434/v1/chat/completions "HTTP/1.1 200 OK"
2026-04-26 20:42:49,257 INFO httpx — HTTP Request: POST http://localhost:11434/v1/chat/completions "HTTP/1.1 200 OK"
2026-04-26 20:43:04,611 INFO httpx — HTTP Request: POST http://localhost:11434/v1/chat/completions "HTTP/1.1 200 OK"
2026-04-26 20:43:15,388 INFO httpx — HTTP Request: POST http://localhost:11434/v1/chat/completions "HTTP/1.1 200 OK"
2026-04-26 20:43:28,851 INFO httpx — HTTP Request: POST http://localhost:11434/v1/chat/completions "HTTP/1.1 200 OK"
2026-04-26 20:43:43,940 INFO httpx — HTTP Request: POST http://localhost:11434/v1/chat/completions "HTTP/1.1 200 OK"
2026-04-26 20:43:53,934 INFO httpx — HTTP Request: POST http://localhost:11434/v1/chat/completions "HTTP/1.1 200 OK"
2026-04-26 20:44:06,657 INFO httpx — HTTP Request: POST http://localhost:11434/v1/chat/completions "HTTP/1.1 200 OK"
2026-04-26 20:44:19,618 INFO httpx — HTTP Request: POST http://localhost:11434/v1/chat/completions "HTTP/1.1 200 OK"
2026-04-26 20:44:28,507 INFO httpx — HTTP Request: POST http://localhost:11434/v1/chat/completions "HTTP/1.1 200 OK"
2026-04-26 20:44:42,083 INFO httpx — HTTP Request: POST http://localhost:11434/v1/chat/completions "HTTP/1.1 200 OK"
2026-04-26 20:44:54,167 INFO httpx — HTTP Request: POST http://localhost:11434/v1/chat/completions "HTTP/1.1 200 OK"
2026-04-26 20:45:03,219 INFO httpx — HTTP Request: POST http://localhost:11434/v1/chat/completions "HTTP/1.1 200 OK"
2026-04-26 20:45:15,159 INFO httpx — HTTP Request: POST http://localhost:11434/v1/chat/completions "HTTP/1.1 200 OK"
2026-04-26 20:45:26,851 INFO httpx — HTTP Request: POST http://localhost:11434/v1/chat/completions "HTTP/1.1 200 OK"
2026-04-26 20:45:37,583 INFO httpx — HTTP Request: POST http://localhost:11434/v1/chat/completions "HTTP/1.1 200 OK"
2026-04-26 20:45:47,834 INFO httpx — HTTP Request: POST http://localhost:11434/v1/chat/completions "HTTP/1.1 200 OK"
2026-04-26 20:46:10,540 INFO httpx — HTTP Request: POST http://localhost:11434/v1/chat/completions "HTTP/1.1 200 OK"
2026-04-26 20:46:20,302 INFO httpx — HTTP Request: POST http://localhost:11434/v1/chat/completions "HTTP/1.1 200 OK"
2026-04-26 20:46:37,285 INFO httpx — HTTP Request: POST http://localhost:11434/v1/chat/completions "HTTP/1.1 200 OK"
2026-04-26 20:46:52,559 INFO httpx — HTTP Request: POST http://localhost:11434/v1/chat/completions "HTTP/1.1 200 OK"
2026-04-26 20:47:00,962 INFO httpx — HTTP Request: POST http://localhost:11434/v1/chat/completions "HTTP/1.1 200 OK"
2026-04-26 20:47:18,534 INFO httpx — HTTP Request: POST http://localhost:11434/v1/chat/completions "HTTP/1.1 200 OK"
2026-04-26 20:47:29,916 INFO httpx — HTTP Request: POST http://localhost:11434/v1/chat/completions "HTTP/1.1 200 OK"
2026-04-26 20:47:39,991 INFO httpx — HTTP Request: POST http://localhost:11434/v1/chat/completions "HTTP/1.1 200 OK"
2026-04-26 20:47:57,901 INFO httpx — HTTP Request: POST http://localhost:11434/v1/chat/completions "HTTP/1.1 200 OK"
2026-04-26 20:48:10,534 INFO httpx — HTTP Request: POST http://localhost:11434/v1/chat/completions "HTTP/1.1 200 OK"
2026-04-26 20:48:20,728 INFO httpx — HTTP Request: POST http://localhost:11434/v1/chat/completions "HTTP/1.1 200 OK"
2026-04-26 20:48:36,160 INFO httpx — HTTP Request: POST http://localhost:11434/v1/chat/completions "HTTP/1.1 200 OK"
2026-04-26 20:48:47,043 INFO httpx — HTTP Request: POST http://localhost:11434/v1/chat/completions "HTTP/1.1 200 OK"
2026-04-26 20:48:57,517 INFO httpx — HTTP Request: POST http://localhost:11434/v1/chat/completions "HTTP/1.1 200 OK"
2026-04-26 20:49:10,171 INFO httpx — HTTP Request: POST http://localhost:11434/v1/chat/completions "HTTP/1.1 200 OK"
2026-04-26 20:49:22,945 INFO httpx — HTTP Request: POST http://localhost:11434/v1/chat/completions "HTTP/1.1 200 OK"
2026-04-26 20:49:40,716 INFO httpx — HTTP Request: POST http://localhost:11434/v1/chat/completions "HTTP/1.1 200 OK"
2026-04-26 20:49:53,827 INFO httpx — HTTP Request: POST http://localhost:11434/v1/chat/completions "HTTP/1.1 200 OK"
2026-04-26 20:50:06,917 INFO httpx — HTTP Request: POST http://localhost:11434/v1/chat/completions "HTTP/1.1 200 OK"
2026-04-26 20:50:16,001 INFO httpx — HTTP Request: POST http://localhost:11434/v1/chat/completions "HTTP/1.1 200 OK"
2026-04-26 20:50:33,042 INFO httpx — HTTP Request: POST http://localhost:11434/v1/chat/completions "HTTP/1.1 200 OK"
2026-04-26 20:50:45,063 INFO httpx — HTTP Request: POST http://localhost:11434/v1/chat/completions "HTTP/1.1 200 OK"
2026-04-26 20:50:56,895 INFO httpx — HTTP Request: POST http://localhost:11434/v1/chat/completions "HTTP/1.1 200 OK"
2026-04-26 20:51:10,983 INFO httpx — HTTP Request: POST http://localhost:11434/v1/chat/completions "HTTP/1.1 200 OK"
2026-04-26 20:51:22,444 INFO httpx — HTTP Request: POST http://localhost:11434/v1/chat/completions "HTTP/1.1 200 OK"
2026-04-26 20:51:32,820 INFO httpx — HTTP Request: POST http://localhost:11434/v1/chat/completions "HTTP/1.1 200 OK"
2026-04-26 20:51:53,829 INFO httpx — HTTP Request: POST http://localhost:11434/v1/chat/completions "HTTP/1.1 200 OK"
2026-04-26 20:52:07,053 INFO httpx — HTTP Request: POST http://localhost:11434/v1/chat/completions "HTTP/1.1 200 OK"
2026-04-26 20:52:16,605 INFO httpx — HTTP Request: POST http://localhost:11434/v1/chat/completions "HTTP/1.1 200 OK"
2026-04-26 20:52:32,892 INFO httpx — HTTP Request: POST http://localhost:11434/v1/chat/completions "HTTP/1.1 200 OK"
2026-04-26 20:52:46,660 INFO httpx — HTTP Request: POST http://localhost:11434/v1/chat/completions "HTTP/1.1 200 OK"
2026-04-26 20:52:56,716 INFO httpx — HTTP Request: POST http://localhost:11434/v1/chat/completions "HTTP/1.1 200 OK"
2026-04-26 20:53:10,182 INFO httpx — HTTP Request: POST http://localhost:11434/v1/chat/completions "HTTP/1.1 200 OK"
2026-04-26 20:53:20,150 INFO __main__ — Condition ic_context_local: completed 3/5 (attempt 3, replacements: 0)
2026-04-26 20:53:22,198 INFO httpx — HTTP Request: POST http://localhost:11434/v1/chat/completions "HTTP/1.1 200 OK"
2026-04-26 20:53:33,866 INFO httpx — HTTP Request: POST http://localhost:11434/v1/chat/completions "HTTP/1.1 200 OK"
2026-04-26 20:53:46,502 INFO httpx — HTTP Request: POST http://localhost:11434/v1/chat/completions "HTTP/1.1 200 OK"
2026-04-26 20:53:58,931 INFO httpx — HTTP Request: POST http://localhost:11434/v1/chat/completions "HTTP/1.1 200 OK"
2026-04-26 20:54:09,254 INFO httpx — HTTP Request: POST http://localhost:11434/v1/chat/completions "HTTP/1.1 200 OK"
2026-04-26 20:54:25,438 INFO httpx — HTTP Request: POST http://localhost:11434/v1/chat/completions "HTTP/1.1 200 OK"
2026-04-26 20:54:38,438 INFO httpx — HTTP Request: POST http://localhost:11434/v1/chat/completions "HTTP/1.1 200 OK"
2026-04-26 20:54:48,726 INFO httpx — HTTP Request: POST http://localhost:11434/v1/chat/completions "HTTP/1.1 200 OK"
2026-04-26 20:55:02,335 INFO httpx — HTTP Request: POST http://localhost:11434/v1/chat/completions "HTTP/1.1 200 OK"
2026-04-26 20:55:16,092 INFO httpx — HTTP Request: POST http://localhost:11434/v1/chat/completions "HTTP/1.1 200 OK"
2026-04-26 20:55:25,591 INFO httpx — HTTP Request: POST http://localhost:11434/v1/chat/completions "HTTP/1.1 200 OK"
2026-04-26 20:55:39,413 INFO httpx — HTTP Request: POST http://localhost:11434/v1/chat/completions "HTTP/1.1 200 OK"
2026-04-26 20:55:53,552 INFO httpx — HTTP Request: POST http://localhost:11434/v1/chat/completions "HTTP/1.1 200 OK"
2026-04-26 20:56:04,138 INFO httpx — HTTP Request: POST http://localhost:11434/v1/chat/completions "HTTP/1.1 200 OK"
2026-04-26 20:56:17,330 INFO httpx — HTTP Request: POST http://localhost:11434/v1/chat/completions "HTTP/1.1 200 OK"
2026-04-26 20:56:33,788 INFO httpx — HTTP Request: POST http://localhost:11434/v1/chat/completions "HTTP/1.1 200 OK"
2026-04-26 20:56:43,029 INFO httpx — HTTP Request: POST http://localhost:11434/v1/chat/completions "HTTP/1.1 200 OK"
2026-04-26 20:56:57,423 INFO httpx — HTTP Request: POST http://localhost:11434/v1/chat/completions "HTTP/1.1 200 OK"
2026-04-26 20:57:07,839 INFO httpx — HTTP Request: POST http://localhost:11434/v1/chat/completions "HTTP/1.1 200 OK"
2026-04-26 20:57:17,257 INFO httpx — HTTP Request: POST http://localhost:11434/v1/chat/completions "HTTP/1.1 200 OK"
2026-04-26 20:57:30,073 INFO httpx — HTTP Request: POST http://localhost:11434/v1/chat/completions "HTTP/1.1 200 OK"
2026-04-26 20:57:39,208 INFO httpx — HTTP Request: POST http://localhost:11434/v1/chat/completions "HTTP/1.1 200 OK"
2026-04-26 20:57:48,495 INFO httpx — HTTP Request: POST http://localhost:11434/v1/chat/completions "HTTP/1.1 200 OK"
2026-04-26 20:58:01,583 INFO httpx — HTTP Request: POST http://localhost:11434/v1/chat/completions "HTTP/1.1 200 OK"
2026-04-26 20:58:17,845 INFO httpx — HTTP Request: POST http://localhost:11434/v1/chat/completions "HTTP/1.1 200 OK"
2026-04-26 20:58:28,726 INFO httpx — HTTP Request: POST http://localhost:11434/v1/chat/completions "HTTP/1.1 200 OK"
2026-04-26 20:58:40,816 INFO httpx — HTTP Request: POST http://localhost:11434/v1/chat/completions "HTTP/1.1 200 OK"
2026-04-26 20:58:51,943 INFO httpx — HTTP Request: POST http://localhost:11434/v1/chat/completions "HTTP/1.1 200 OK"
2026-04-26 20:59:01,353 INFO httpx — HTTP Request: POST http://localhost:11434/v1/chat/completions "HTTP/1.1 200 OK"
2026-04-26 20:59:15,216 INFO httpx — HTTP Request: POST http://localhost:11434/v1/chat/completions "HTTP/1.1 200 OK"
2026-04-26 20:59:26,602 INFO httpx — HTTP Request: POST http://localhost:11434/v1/chat/completions "HTTP/1.1 200 OK"
2026-04-26 20:59:35,374 INFO httpx — HTTP Request: POST http://localhost:11434/v1/chat/completions "HTTP/1.1 200 OK"
2026-04-26 20:59:49,752 INFO httpx — HTTP Request: POST http://localhost:11434/v1/chat/completions "HTTP/1.1 200 OK"
2026-04-26 21:00:00,527 INFO httpx — HTTP Request: POST http://localhost:11434/v1/chat/completions "HTTP/1.1 200 OK"
2026-04-26 21:00:11,477 INFO httpx — HTTP Request: POST http://localhost:11434/v1/chat/completions "HTTP/1.1 200 OK"
2026-04-26 21:00:25,380 INFO httpx — HTTP Request: POST http://localhost:11434/v1/chat/completions "HTTP/1.1 200 OK"
2026-04-26 21:00:36,494 INFO httpx — HTTP Request: POST http://localhost:11434/v1/chat/completions "HTTP/1.1 200 OK"
2026-04-26 21:00:47,391 INFO httpx — HTTP Request: POST http://localhost:11434/v1/chat/completions "HTTP/1.1 200 OK"
2026-04-26 21:01:00,815 INFO httpx — HTTP Request: POST http://localhost:11434/v1/chat/completions "HTTP/1.1 200 OK"
2026-04-26 21:01:13,424 INFO httpx — HTTP Request: POST http://localhost:11434/v1/chat/completions "HTTP/1.1 200 OK"
2026-04-26 21:01:23,488 INFO httpx — HTTP Request: POST http://localhost:11434/v1/chat/completions "HTTP/1.1 200 OK"
2026-04-26 21:01:40,314 INFO httpx — HTTP Request: POST http://localhost:11434/v1/chat/completions "HTTP/1.1 200 OK"
2026-04-26 21:01:55,536 INFO httpx — HTTP Request: POST http://localhost:11434/v1/chat/completions "HTTP/1.1 200 OK"
2026-04-26 21:02:11,123 INFO httpx — HTTP Request: POST http://localhost:11434/v1/chat/completions "HTTP/1.1 200 OK"
2026-04-26 21:02:28,504 INFO httpx — HTTP Request: POST http://localhost:11434/v1/chat/completions "HTTP/1.1 200 OK"
2026-04-26 21:02:41,076 INFO httpx — HTTP Request: POST http://localhost:11434/v1/chat/completions "HTTP/1.1 200 OK"
2026-04-26 21:02:50,207 INFO httpx — HTTP Request: POST http://localhost:11434/v1/chat/completions "HTTP/1.1 200 OK"
2026-04-26 21:03:16,014 INFO httpx — HTTP Request: POST http://localhost:11434/v1/chat/completions "HTTP/1.1 200 OK"
2026-04-26 21:03:29,762 INFO httpx — HTTP Request: POST http://localhost:11434/v1/chat/completions "HTTP/1.1 200 OK"
2026-04-26 21:03:38,533 INFO httpx — HTTP Request: POST http://localhost:11434/v1/chat/completions "HTTP/1.1 200 OK"
2026-04-26 21:03:54,219 INFO httpx — HTTP Request: POST http://localhost:11434/v1/chat/completions "HTTP/1.1 200 OK"
2026-04-26 21:04:08,866 INFO httpx — HTTP Request: POST http://localhost:11434/v1/chat/completions "HTTP/1.1 200 OK"
2026-04-26 21:04:17,824 INFO httpx — HTTP Request: POST http://localhost:11434/v1/chat/completions "HTTP/1.1 200 OK"
2026-04-26 21:04:28,715 INFO httpx — HTTP Request: POST http://localhost:11434/v1/chat/completions "HTTP/1.1 200 OK"
2026-04-26 21:04:39,648 INFO httpx — HTTP Request: POST http://localhost:11434/v1/chat/completions "HTTP/1.1 200 OK"
2026-04-26 21:04:48,594 INFO httpx — HTTP Request: POST http://localhost:11434/v1/chat/completions "HTTP/1.1 200 OK"
2026-04-26 21:05:01,192 INFO httpx — HTTP Request: POST http://localhost:11434/v1/chat/completions "HTTP/1.1 200 OK"
2026-04-26 21:05:10,989 INFO httpx — HTTP Request: POST http://localhost:11434/v1/chat/completions "HTTP/1.1 200 OK"
2026-04-26 21:05:20,272 INFO httpx — HTTP Request: POST http://localhost:11434/v1/chat/completions "HTTP/1.1 200 OK"
2026-04-26 21:05:36,730 INFO httpx — HTTP Request: POST http://localhost:11434/v1/chat/completions "HTTP/1.1 200 OK"
2026-04-26 21:05:46,445 INFO httpx — HTTP Request: POST http://localhost:11434/v1/chat/completions "HTTP/1.1 200 OK"
2026-04-26 21:05:57,702 INFO httpx — HTTP Request: POST http://localhost:11434/v1/chat/completions "HTTP/1.1 200 OK"
2026-04-26 21:06:11,845 INFO httpx — HTTP Request: POST http://localhost:11434/v1/chat/completions "HTTP/1.1 200 OK"
2026-04-26 21:06:25,546 INFO httpx — HTTP Request: POST http://localhost:11434/v1/chat/completions "HTTP/1.1 200 OK"
2026-04-26 21:06:34,781 INFO httpx — HTTP Request: POST http://localhost:11434/v1/chat/completions "HTTP/1.1 200 OK"
2026-04-26 21:06:58,092 INFO httpx — HTTP Request: POST http://localhost:11434/v1/chat/completions "HTTP/1.1 200 OK"
2026-04-26 21:07:08,325 INFO httpx — HTTP Request: POST http://localhost:11434/v1/chat/completions "HTTP/1.1 200 OK"
2026-04-26 21:07:16,941 INFO httpx — HTTP Request: POST http://localhost:11434/v1/chat/completions "HTTP/1.1 200 OK"
2026-04-26 21:07:30,288 INFO httpx — HTTP Request: POST http://localhost:11434/v1/chat/completions "HTTP/1.1 200 OK"
2026-04-26 21:07:42,811 INFO httpx — HTTP Request: POST http://localhost:11434/v1/chat/completions "HTTP/1.1 200 OK"
2026-04-26 21:07:52,263 INFO httpx — HTTP Request: POST http://localhost:11434/v1/chat/completions "HTTP/1.1 200 OK"
2026-04-26 21:08:02,047 INFO httpx — HTTP Request: POST http://localhost:11434/v1/chat/completions "HTTP/1.1 200 OK"
2026-04-26 21:08:12,994 INFO __main__ — Condition ic_context_local: completed 4/5 (attempt 4, replacements: 0)
2026-04-26 21:08:14,919 INFO httpx — HTTP Request: POST http://localhost:11434/v1/chat/completions "HTTP/1.1 200 OK"
2026-04-26 21:08:25,604 INFO httpx — HTTP Request: POST http://localhost:11434/v1/chat/completions "HTTP/1.1 200 OK"
2026-04-26 21:08:35,510 INFO httpx — HTTP Request: POST http://localhost:11434/v1/chat/completions "HTTP/1.1 200 OK"
2026-04-26 21:08:49,215 INFO httpx — HTTP Request: POST http://localhost:11434/v1/chat/completions "HTTP/1.1 200 OK"
2026-04-26 21:09:00,784 INFO httpx — HTTP Request: POST http://localhost:11434/v1/chat/completions "HTTP/1.1 200 OK"
2026-04-26 21:09:19,147 INFO httpx — HTTP Request: POST http://localhost:11434/v1/chat/completions "HTTP/1.1 200 OK"
2026-04-26 21:09:37,488 INFO httpx — HTTP Request: POST http://localhost:11434/v1/chat/completions "HTTP/1.1 200 OK"
2026-04-26 21:09:46,760 INFO httpx — HTTP Request: POST http://localhost:11434/v1/chat/completions "HTTP/1.1 200 OK"
2026-04-26 21:10:05,883 INFO httpx — HTTP Request: POST http://localhost:11434/v1/chat/completions "HTTP/1.1 200 OK"
2026-04-26 21:10:17,871 INFO httpx — HTTP Request: POST http://localhost:11434/v1/chat/completions "HTTP/1.1 200 OK"
2026-04-26 21:10:28,059 INFO httpx — HTTP Request: POST http://localhost:11434/v1/chat/completions "HTTP/1.1 200 OK"
2026-04-26 21:10:46,603 INFO httpx — HTTP Request: POST http://localhost:11434/v1/chat/completions "HTTP/1.1 200 OK"
2026-04-26 21:10:58,083 INFO httpx — HTTP Request: POST http://localhost:11434/v1/chat/completions "HTTP/1.1 200 OK"
2026-04-26 21:11:07,333 INFO httpx — HTTP Request: POST http://localhost:11434/v1/chat/completions "HTTP/1.1 200 OK"
2026-04-26 21:11:19,669 INFO httpx — HTTP Request: POST http://localhost:11434/v1/chat/completions "HTTP/1.1 200 OK"
2026-04-26 21:11:33,214 INFO httpx — HTTP Request: POST http://localhost:11434/v1/chat/completions "HTTP/1.1 200 OK"
2026-04-26 21:11:42,574 INFO httpx — HTTP Request: POST http://localhost:11434/v1/chat/completions "HTTP/1.1 200 OK"
2026-04-26 21:11:59,276 INFO httpx — HTTP Request: POST http://localhost:11434/v1/chat/completions "HTTP/1.1 200 OK"
2026-04-26 21:12:11,712 INFO httpx — HTTP Request: POST http://localhost:11434/v1/chat/completions "HTTP/1.1 200 OK"
2026-04-26 21:12:20,835 INFO httpx — HTTP Request: POST http://localhost:11434/v1/chat/completions "HTTP/1.1 200 OK"
2026-04-26 21:12:31,242 INFO httpx — HTTP Request: POST http://localhost:11434/v1/chat/completions "HTTP/1.1 200 OK"
2026-04-26 21:12:42,520 INFO httpx — HTTP Request: POST http://localhost:11434/v1/chat/completions "HTTP/1.1 200 OK"
2026-04-26 21:12:52,733 INFO httpx — HTTP Request: POST http://localhost:11434/v1/chat/completions "HTTP/1.1 200 OK"
2026-04-26 21:13:10,911 INFO httpx — HTTP Request: POST http://localhost:11434/v1/chat/completions "HTTP/1.1 200 OK"
2026-04-26 21:13:20,565 INFO httpx — HTTP Request: POST http://localhost:11434/v1/chat/completions "HTTP/1.1 200 OK"
2026-04-26 21:13:30,375 INFO httpx — HTTP Request: POST http://localhost:11434/v1/chat/completions "HTTP/1.1 200 OK"
2026-04-26 21:13:43,035 INFO httpx — HTTP Request: POST http://localhost:11434/v1/chat/completions "HTTP/1.1 200 OK"
2026-04-26 21:13:54,582 INFO httpx — HTTP Request: POST http://localhost:11434/v1/chat/completions "HTTP/1.1 200 OK"
2026-04-26 21:14:04,920 INFO httpx — HTTP Request: POST http://localhost:11434/v1/chat/completions "HTTP/1.1 200 OK"
2026-04-26 21:14:18,898 INFO httpx — HTTP Request: POST http://localhost:11434/v1/chat/completions "HTTP/1.1 200 OK"
2026-04-26 21:14:31,238 INFO httpx — HTTP Request: POST http://localhost:11434/v1/chat/completions "HTTP/1.1 200 OK"
2026-04-26 21:14:40,317 INFO httpx — HTTP Request: POST http://localhost:11434/v1/chat/completions "HTTP/1.1 200 OK"
2026-04-26 21:14:59,941 INFO httpx — HTTP Request: POST http://localhost:11434/v1/chat/completions "HTTP/1.1 200 OK"
2026-04-26 21:15:14,919 INFO httpx — HTTP Request: POST http://localhost:11434/v1/chat/completions "HTTP/1.1 200 OK"
2026-04-26 21:15:23,430 INFO httpx — HTTP Request: POST http://localhost:11434/v1/chat/completions "HTTP/1.1 200 OK"
2026-04-26 21:15:36,672 INFO httpx — HTTP Request: POST http://localhost:11434/v1/chat/completions "HTTP/1.1 200 OK"
2026-04-26 21:15:47,775 INFO httpx — HTTP Request: POST http://localhost:11434/v1/chat/completions "HTTP/1.1 200 OK"
2026-04-26 21:15:58,678 INFO httpx — HTTP Request: POST http://localhost:11434/v1/chat/completions "HTTP/1.1 200 OK"
2026-04-26 21:16:15,644 INFO httpx — HTTP Request: POST http://localhost:11434/v1/chat/completions "HTTP/1.1 200 OK"
2026-04-26 21:16:26,168 INFO httpx — HTTP Request: POST http://localhost:11434/v1/chat/completions "HTTP/1.1 200 OK"
2026-04-26 21:16:37,030 INFO httpx — HTTP Request: POST http://localhost:11434/v1/chat/completions "HTTP/1.1 200 OK"
2026-04-26 21:16:51,582 INFO httpx — HTTP Request: POST http://localhost:11434/v1/chat/completions "HTTP/1.1 200 OK"
2026-04-26 21:17:03,697 INFO httpx — HTTP Request: POST http://localhost:11434/v1/chat/completions "HTTP/1.1 200 OK"
2026-04-26 21:17:13,627 INFO httpx — HTTP Request: POST http://localhost:11434/v1/chat/completions "HTTP/1.1 200 OK"
2026-04-26 21:17:31,451 INFO httpx — HTTP Request: POST http://localhost:11434/v1/chat/completions "HTTP/1.1 200 OK"
2026-04-26 21:17:42,324 INFO httpx — HTTP Request: POST http://localhost:11434/v1/chat/completions "HTTP/1.1 200 OK"
2026-04-26 21:17:55,470 INFO httpx — HTTP Request: POST http://localhost:11434/v1/chat/completions "HTTP/1.1 200 OK"
2026-04-26 21:18:10,560 INFO httpx — HTTP Request: POST http://localhost:11434/v1/chat/completions "HTTP/1.1 200 OK"
2026-04-26 21:18:24,956 INFO httpx — HTTP Request: POST http://localhost:11434/v1/chat/completions "HTTP/1.1 200 OK"
2026-04-26 21:18:34,670 INFO httpx — HTTP Request: POST http://localhost:11434/v1/chat/completions "HTTP/1.1 200 OK"
2026-04-26 21:18:45,975 INFO httpx — HTTP Request: POST http://localhost:11434/v1/chat/completions "HTTP/1.1 200 OK"
2026-04-26 21:18:57,579 INFO httpx — HTTP Request: POST http://localhost:11434/v1/chat/completions "HTTP/1.1 200 OK"
2026-04-26 21:19:06,279 INFO httpx — HTTP Request: POST http://localhost:11434/v1/chat/completions "HTTP/1.1 200 OK"
2026-04-26 21:19:23,842 INFO httpx — HTTP Request: POST http://localhost:11434/v1/chat/completions "HTTP/1.1 200 OK"
2026-04-26 21:19:32,777 INFO httpx — HTTP Request: POST http://localhost:11434/v1/chat/completions "HTTP/1.1 200 OK"
2026-04-26 21:19:41,309 INFO httpx — HTTP Request: POST http://localhost:11434/v1/chat/completions "HTTP/1.1 200 OK"
2026-04-26 21:20:01,034 INFO httpx — HTTP Request: POST http://localhost:11434/v1/chat/completions "HTTP/1.1 200 OK"
2026-04-26 21:20:11,480 INFO httpx — HTTP Request: POST http://localhost:11434/v1/chat/completions "HTTP/1.1 200 OK"
2026-04-26 21:20:25,324 INFO httpx — HTTP Request: POST http://localhost:11434/v1/chat/completions "HTTP/1.1 200 OK"
2026-04-26 21:20:35,655 INFO httpx — HTTP Request: POST http://localhost:11434/v1/chat/completions "HTTP/1.1 200 OK"
2026-04-26 21:20:50,158 INFO httpx — HTTP Request: POST http://localhost:11434/v1/chat/completions "HTTP/1.1 200 OK"
2026-04-26 21:21:00,922 INFO httpx — HTTP Request: POST http://localhost:11434/v1/chat/completions "HTTP/1.1 200 OK"
2026-04-26 21:21:16,319 INFO httpx — HTTP Request: POST http://localhost:11434/v1/chat/completions "HTTP/1.1 200 OK"
2026-04-26 21:21:30,921 INFO httpx — HTTP Request: POST http://localhost:11434/v1/chat/completions "HTTP/1.1 200 OK"
2026-04-26 21:21:40,294 INFO httpx — HTTP Request: POST http://localhost:11434/v1/chat/completions "HTTP/1.1 200 OK"
2026-04-26 21:21:54,056 INFO httpx — HTTP Request: POST http://localhost:11434/v1/chat/completions "HTTP/1.1 200 OK"
2026-04-26 21:22:04,805 INFO httpx — HTTP Request: POST http://localhost:11434/v1/chat/completions "HTTP/1.1 200 OK"
2026-04-26 21:22:13,665 INFO httpx — HTTP Request: POST http://localhost:11434/v1/chat/completions "HTTP/1.1 200 OK"
2026-04-26 21:22:25,074 INFO httpx — HTTP Request: POST http://localhost:11434/v1/chat/completions "HTTP/1.1 200 OK"
2026-04-26 21:22:36,078 INFO httpx — HTTP Request: POST http://localhost:11434/v1/chat/completions "HTTP/1.1 200 OK"
2026-04-26 21:22:47,029 INFO httpx — HTTP Request: POST http://localhost:11434/v1/chat/completions "HTTP/1.1 200 OK"
2026-04-26 21:23:03,501 INFO httpx — HTTP Request: POST http://localhost:11434/v1/chat/completions "HTTP/1.1 200 OK"
2026-04-26 21:23:12,694 INFO __main__ — Condition ic_context_local: completed 5/5 (attempt 5, replacements: 0)
2026-04-26 21:23:12,711 INFO __main__ — Condition ic_context_local: finished — 5 valid runs in 5 attempts (0 replacement(s))
2026-04-26 21:23:12,719 INFO __main__ — Checkpoint written (375 records)
2026-04-26 21:23:12,719 INFO __main__ — Running condition: ic_context_local_phi
2026-04-26 21:23:17,003 INFO httpx — HTTP Request: POST http://localhost:11434/v1/chat/completions "HTTP/1.1 200 OK"
2026-04-26 21:23:20,834 INFO httpx — HTTP Request: POST http://localhost:11434/v1/chat/completions "HTTP/1.1 200 OK"
2026-04-26 21:23:25,724 INFO httpx — HTTP Request: POST http://localhost:11434/v1/chat/completions "HTTP/1.1 200 OK"
2026-04-26 21:23:29,328 INFO httpx — HTTP Request: POST http://localhost:11434/v1/chat/completions "HTTP/1.1 200 OK"
2026-04-26 21:23:33,629 INFO httpx — HTTP Request: POST http://localhost:11434/v1/chat/completions "HTTP/1.1 200 OK"
2026-04-26 21:23:37,009 INFO httpx — HTTP Request: POST http://localhost:11434/v1/chat/completions "HTTP/1.1 200 OK"
2026-04-26 21:23:40,550 INFO httpx — HTTP Request: POST http://localhost:11434/v1/chat/completions "HTTP/1.1 200 OK"
2026-04-26 21:23:44,997 INFO httpx — HTTP Request: POST http://localhost:11434/v1/chat/completions "HTTP/1.1 200 OK"
2026-04-26 21:23:48,559 INFO httpx — HTTP Request: POST http://localhost:11434/v1/chat/completions "HTTP/1.1 200 OK"
2026-04-26 21:23:53,690 INFO httpx — HTTP Request: POST http://localhost:11434/v1/chat/completions "HTTP/1.1 200 OK"
2026-04-26 21:23:57,685 INFO httpx — HTTP Request: POST http://localhost:11434/v1/chat/completions "HTTP/1.1 200 OK"
2026-04-26 21:24:02,765 INFO httpx — HTTP Request: POST http://localhost:11434/v1/chat/completions "HTTP/1.1 200 OK"
2026-04-26 21:24:06,771 INFO httpx — HTTP Request: POST http://localhost:11434/v1/chat/completions "HTTP/1.1 200 OK"
2026-04-26 21:24:11,146 INFO httpx — HTTP Request: POST http://localhost:11434/v1/chat/completions "HTTP/1.1 200 OK"
2026-04-26 21:24:16,138 INFO httpx — HTTP Request: POST http://localhost:11434/v1/chat/completions "HTTP/1.1 200 OK"
2026-04-26 21:24:19,763 INFO httpx — HTTP Request: POST http://localhost:11434/v1/chat/completions "HTTP/1.1 200 OK"
2026-04-26 21:24:23,824 INFO httpx — HTTP Request: POST http://localhost:11434/v1/chat/completions "HTTP/1.1 200 OK"
2026-04-26 21:24:28,265 INFO httpx — HTTP Request: POST http://localhost:11434/v1/chat/completions "HTTP/1.1 200 OK"
2026-04-26 21:24:33,159 INFO httpx — HTTP Request: POST http://localhost:11434/v1/chat/completions "HTTP/1.1 200 OK"
2026-04-26 21:24:37,023 INFO httpx — HTTP Request: POST http://localhost:11434/v1/chat/completions "HTTP/1.1 200 OK"
2026-04-26 21:24:41,519 INFO httpx — HTTP Request: POST http://localhost:11434/v1/chat/completions "HTTP/1.1 200 OK"
2026-04-26 21:24:45,897 INFO httpx — HTTP Request: POST http://localhost:11434/v1/chat/completions "HTTP/1.1 200 OK"
2026-04-26 21:24:49,949 INFO httpx — HTTP Request: POST http://localhost:11434/v1/chat/completions "HTTP/1.1 200 OK"
2026-04-26 21:24:55,465 INFO httpx — HTTP Request: POST http://localhost:11434/v1/chat/completions "HTTP/1.1 200 OK"
2026-04-26 21:24:59,119 INFO httpx — HTTP Request: POST http://localhost:11434/v1/chat/completions "HTTP/1.1 200 OK"
2026-04-26 21:25:02,544 INFO httpx — HTTP Request: POST http://localhost:11434/v1/chat/completions "HTTP/1.1 200 OK"
2026-04-26 21:25:07,740 INFO httpx — HTTP Request: POST http://localhost:11434/v1/chat/completions "HTTP/1.1 200 OK"
2026-04-26 21:25:12,498 INFO httpx — HTTP Request: POST http://localhost:11434/v1/chat/completions "HTTP/1.1 200 OK"
2026-04-26 21:25:17,160 INFO httpx — HTTP Request: POST http://localhost:11434/v1/chat/completions "HTTP/1.1 200 OK"
2026-04-26 21:25:21,641 INFO httpx — HTTP Request: POST http://localhost:11434/v1/chat/completions "HTTP/1.1 200 OK"
2026-04-26 21:25:26,134 INFO httpx — HTTP Request: POST http://localhost:11434/v1/chat/completions "HTTP/1.1 200 OK"
2026-04-26 21:25:30,507 INFO httpx — HTTP Request: POST http://localhost:11434/v1/chat/completions "HTTP/1.1 200 OK"
2026-04-26 21:25:35,303 INFO httpx — HTTP Request: POST http://localhost:11434/v1/chat/completions "HTTP/1.1 200 OK"
2026-04-26 21:25:39,997 INFO httpx — HTTP Request: POST http://localhost:11434/v1/chat/completions "HTTP/1.1 200 OK"
2026-04-26 21:25:43,533 INFO httpx — HTTP Request: POST http://localhost:11434/v1/chat/completions "HTTP/1.1 200 OK"
2026-04-26 21:25:47,757 INFO httpx — HTTP Request: POST http://localhost:11434/v1/chat/completions "HTTP/1.1 200 OK"
2026-04-26 21:25:51,840 INFO httpx — HTTP Request: POST http://localhost:11434/v1/chat/completions "HTTP/1.1 200 OK"
2026-04-26 21:25:55,146 INFO httpx — HTTP Request: POST http://localhost:11434/v1/chat/completions "HTTP/1.1 200 OK"
2026-04-26 21:26:00,561 INFO httpx — HTTP Request: POST http://localhost:11434/v1/chat/completions "HTTP/1.1 200 OK"
2026-04-26 21:26:04,055 INFO httpx — HTTP Request: POST http://localhost:11434/v1/chat/completions "HTTP/1.1 200 OK"
2026-04-26 21:26:08,378 INFO httpx — HTTP Request: POST http://localhost:11434/v1/chat/completions "HTTP/1.1 200 OK"
2026-04-26 21:26:12,503 INFO httpx — HTTP Request: POST http://localhost:11434/v1/chat/completions "HTTP/1.1 200 OK"
2026-04-26 21:26:16,970 INFO httpx — HTTP Request: POST http://localhost:11434/v1/chat/completions "HTTP/1.1 200 OK"
2026-04-26 21:26:21,357 INFO httpx — HTTP Request: POST http://localhost:11434/v1/chat/completions "HTTP/1.1 200 OK"
2026-04-26 21:26:26,380 INFO httpx — HTTP Request: POST http://localhost:11434/v1/chat/completions "HTTP/1.1 200 OK"
2026-04-26 21:26:30,262 INFO httpx — HTTP Request: POST http://localhost:11434/v1/chat/completions "HTTP/1.1 200 OK"
2026-04-26 21:26:34,011 INFO httpx — HTTP Request: POST http://localhost:11434/v1/chat/completions "HTTP/1.1 200 OK"
2026-04-26 21:26:37,454 INFO httpx — HTTP Request: POST http://localhost:11434/v1/chat/completions "HTTP/1.1 200 OK"
2026-04-26 21:26:41,282 INFO httpx — HTTP Request: POST http://localhost:11434/v1/chat/completions "HTTP/1.1 200 OK"
2026-04-26 21:26:45,650 INFO httpx — HTTP Request: POST http://localhost:11434/v1/chat/completions "HTTP/1.1 200 OK"
2026-04-26 21:26:50,823 INFO httpx — HTTP Request: POST http://localhost:11434/v1/chat/completions "HTTP/1.1 200 OK"
2026-04-26 21:26:54,390 INFO httpx — HTTP Request: POST http://localhost:11434/v1/chat/completions "HTTP/1.1 200 OK"
2026-04-26 21:26:58,197 INFO httpx — HTTP Request: POST http://localhost:11434/v1/chat/completions "HTTP/1.1 200 OK"
2026-04-26 21:27:02,588 INFO httpx — HTTP Request: POST http://localhost:11434/v1/chat/completions "HTTP/1.1 200 OK"
2026-04-26 21:27:07,217 INFO httpx — HTTP Request: POST http://localhost:11434/v1/chat/completions "HTTP/1.1 200 OK"
2026-04-26 21:27:11,583 INFO httpx — HTTP Request: POST http://localhost:11434/v1/chat/completions "HTTP/1.1 200 OK"
2026-04-26 21:27:16,036 INFO httpx — HTTP Request: POST http://localhost:11434/v1/chat/completions "HTTP/1.1 200 OK"
2026-04-26 21:27:20,191 INFO httpx — HTTP Request: POST http://localhost:11434/v1/chat/completions "HTTP/1.1 200 OK"
2026-04-26 21:27:24,528 INFO httpx — HTTP Request: POST http://localhost:11434/v1/chat/completions "HTTP/1.1 200 OK"
2026-04-26 21:27:28,851 INFO httpx — HTTP Request: POST http://localhost:11434/v1/chat/completions "HTTP/1.1 200 OK"
2026-04-26 21:27:33,715 INFO httpx — HTTP Request: POST http://localhost:11434/v1/chat/completions "HTTP/1.1 200 OK"
2026-04-26 21:27:37,292 INFO httpx — HTTP Request: POST http://localhost:11434/v1/chat/completions "HTTP/1.1 200 OK"
2026-04-26 21:27:42,014 INFO httpx — HTTP Request: POST http://localhost:11434/v1/chat/completions "HTTP/1.1 200 OK"
2026-04-26 21:27:46,686 INFO httpx — HTTP Request: POST http://localhost:11434/v1/chat/completions "HTTP/1.1 200 OK"
2026-04-26 21:27:51,797 INFO httpx — HTTP Request: POST http://localhost:11434/v1/chat/completions "HTTP/1.1 200 OK"
2026-04-26 21:27:56,488 INFO httpx — HTTP Request: POST http://localhost:11434/v1/chat/completions "HTTP/1.1 200 OK"
2026-04-26 21:28:01,045 INFO httpx — HTTP Request: POST http://localhost:11434/v1/chat/completions "HTTP/1.1 200 OK"
2026-04-26 21:28:05,141 INFO httpx — HTTP Request: POST http://localhost:11434/v1/chat/completions "HTTP/1.1 200 OK"
2026-04-26 21:28:09,797 INFO httpx — HTTP Request: POST http://localhost:11434/v1/chat/completions "HTTP/1.1 200 OK"
2026-04-26 21:28:14,282 INFO httpx — HTTP Request: POST http://localhost:11434/v1/chat/completions "HTTP/1.1 200 OK"
2026-04-26 21:28:17,901 INFO httpx — HTTP Request: POST http://localhost:11434/v1/chat/completions "HTTP/1.1 200 OK"
2026-04-26 21:28:22,206 INFO httpx — HTTP Request: POST http://localhost:11434/v1/chat/completions "HTTP/1.1 200 OK"
2026-04-26 21:28:25,610 INFO __main__ — Condition ic_context_local_phi: completed 1/5 (attempt 1, replacements: 0)
2026-04-26 21:28:26,326 INFO httpx — HTTP Request: POST http://localhost:11434/v1/chat/completions "HTTP/1.1 200 OK"
2026-04-26 21:28:29,810 INFO httpx — HTTP Request: POST http://localhost:11434/v1/chat/completions "HTTP/1.1 200 OK"
2026-04-26 21:28:34,341 INFO httpx — HTTP Request: POST http://localhost:11434/v1/chat/completions "HTTP/1.1 200 OK"
2026-04-26 21:28:37,869 INFO httpx — HTTP Request: POST http://localhost:11434/v1/chat/completions "HTTP/1.1 200 OK"
2026-04-26 21:28:41,351 INFO httpx — HTTP Request: POST http://localhost:11434/v1/chat/completions "HTTP/1.1 200 OK"
2026-04-26 21:28:45,504 INFO httpx — HTTP Request: POST http://localhost:11434/v1/chat/completions "HTTP/1.1 200 OK"
2026-04-26 21:28:49,488 INFO httpx — HTTP Request: POST http://localhost:11434/v1/chat/completions "HTTP/1.1 200 OK"
2026-04-26 21:28:54,155 INFO httpx — HTTP Request: POST http://localhost:11434/v1/chat/completions "HTTP/1.1 200 OK"
2026-04-26 21:28:58,584 INFO httpx — HTTP Request: POST http://localhost:11434/v1/chat/completions "HTTP/1.1 200 OK"
2026-04-26 21:29:03,559 INFO httpx — HTTP Request: POST http://localhost:11434/v1/chat/completions "HTTP/1.1 200 OK"
2026-04-26 21:29:07,488 INFO httpx — HTTP Request: POST http://localhost:11434/v1/chat/completions "HTTP/1.1 200 OK"
2026-04-26 21:29:12,268 INFO httpx — HTTP Request: POST http://localhost:11434/v1/chat/completions "HTTP/1.1 200 OK"
2026-04-26 21:29:15,947 INFO httpx — HTTP Request: POST http://localhost:11434/v1/chat/completions "HTTP/1.1 200 OK"
2026-04-26 21:29:19,995 INFO httpx — HTTP Request: POST http://localhost:11434/v1/chat/completions "HTTP/1.1 200 OK"
2026-04-26 21:29:25,288 INFO httpx — HTTP Request: POST http://localhost:11434/v1/chat/completions "HTTP/1.1 200 OK"
2026-04-26 21:29:29,206 INFO httpx — HTTP Request: POST http://localhost:11434/v1/chat/completions "HTTP/1.1 200 OK"
2026-04-26 21:29:33,152 INFO httpx — HTTP Request: POST http://localhost:11434/v1/chat/completions "HTTP/1.1 200 OK"
2026-04-26 21:29:37,849 INFO httpx — HTTP Request: POST http://localhost:11434/v1/chat/completions "HTTP/1.1 200 OK"
2026-04-26 21:29:41,709 INFO httpx — HTTP Request: POST http://localhost:11434/v1/chat/completions "HTTP/1.1 200 OK"
2026-04-26 21:29:46,197 INFO httpx — HTTP Request: POST http://localhost:11434/v1/chat/completions "HTTP/1.1 200 OK"
2026-04-26 21:29:50,469 INFO httpx — HTTP Request: POST http://localhost:11434/v1/chat/completions "HTTP/1.1 200 OK"
2026-04-26 21:29:53,737 INFO httpx — HTTP Request: POST http://localhost:11434/v1/chat/completions "HTTP/1.1 200 OK"
2026-04-26 21:29:58,063 INFO httpx — HTTP Request: POST http://localhost:11434/v1/chat/completions "HTTP/1.1 200 OK"
2026-04-26 21:30:02,343 INFO httpx — HTTP Request: POST http://localhost:11434/v1/chat/completions "HTTP/1.1 200 OK"
2026-04-26 21:30:06,673 INFO httpx — HTTP Request: POST http://localhost:11434/v1/chat/completions "HTTP/1.1 200 OK"
2026-04-26 21:30:10,157 INFO httpx — HTTP Request: POST http://localhost:11434/v1/chat/completions "HTTP/1.1 200 OK"
2026-04-26 21:30:14,586 INFO httpx — HTTP Request: POST http://localhost:11434/v1/chat/completions "HTTP/1.1 200 OK"
2026-04-26 21:30:19,169 INFO httpx — HTTP Request: POST http://localhost:11434/v1/chat/completions "HTTP/1.1 200 OK"
2026-04-26 21:30:23,465 INFO httpx — HTTP Request: POST http://localhost:11434/v1/chat/completions "HTTP/1.1 200 OK"
2026-04-26 21:30:27,648 INFO httpx — HTTP Request: POST http://localhost:11434/v1/chat/completions "HTTP/1.1 200 OK"
2026-04-26 21:30:32,532 INFO httpx — HTTP Request: POST http://localhost:11434/v1/chat/completions "HTTP/1.1 200 OK"
2026-04-26 21:30:37,016 INFO httpx — HTTP Request: POST http://localhost:11434/v1/chat/completions "HTTP/1.1 200 OK"
2026-04-26 21:30:41,654 INFO httpx — HTTP Request: POST http://localhost:11434/v1/chat/completions "HTTP/1.1 200 OK"
2026-04-26 21:30:45,659 INFO httpx — HTTP Request: POST http://localhost:11434/v1/chat/completions "HTTP/1.1 200 OK"
2026-04-26 21:30:49,292 INFO httpx — HTTP Request: POST http://localhost:11434/v1/chat/completions "HTTP/1.1 200 OK"
2026-04-26 21:30:53,692 INFO httpx — HTTP Request: POST http://localhost:11434/v1/chat/completions "HTTP/1.1 200 OK"
2026-04-26 21:30:58,285 INFO httpx — HTTP Request: POST http://localhost:11434/v1/chat/completions "HTTP/1.1 200 OK"
2026-04-26 21:31:02,100 INFO httpx — HTTP Request: POST http://localhost:11434/v1/chat/completions "HTTP/1.1 200 OK"
2026-04-26 21:31:05,944 INFO httpx — HTTP Request: POST http://localhost:11434/v1/chat/completions "HTTP/1.1 200 OK"
2026-04-26 21:31:10,528 INFO httpx — HTTP Request: POST http://localhost:11434/v1/chat/completions "HTTP/1.1 200 OK"
2026-04-26 21:31:14,956 INFO httpx — HTTP Request: POST http://localhost:11434/v1/chat/completions "HTTP/1.1 200 OK"
2026-04-26 21:31:19,482 INFO httpx — HTTP Request: POST http://localhost:11434/v1/chat/completions "HTTP/1.1 200 OK"
2026-04-26 21:31:22,933 INFO httpx — HTTP Request: POST http://localhost:11434/v1/chat/completions "HTTP/1.1 200 OK"
2026-04-26 21:31:27,258 INFO httpx — HTTP Request: POST http://localhost:11434/v1/chat/completions "HTTP/1.1 200 OK"
2026-04-26 21:31:31,760 INFO httpx — HTTP Request: POST http://localhost:11434/v1/chat/completions "HTTP/1.1 200 OK"
2026-04-26 21:31:37,271 INFO httpx — HTTP Request: POST http://localhost:11434/v1/chat/completions "HTTP/1.1 200 OK"
2026-04-26 21:31:40,644 INFO httpx — HTTP Request: POST http://localhost:11434/v1/chat/completions "HTTP/1.1 200 OK"
2026-04-26 21:31:44,629 INFO httpx — HTTP Request: POST http://localhost:11434/v1/chat/completions "HTTP/1.1 200 OK"
2026-04-26 21:31:48,569 INFO httpx — HTTP Request: POST http://localhost:11434/v1/chat/completions "HTTP/1.1 200 OK"
2026-04-26 21:31:52,734 INFO httpx — HTTP Request: POST http://localhost:11434/v1/chat/completions "HTTP/1.1 200 OK"
2026-04-26 21:31:57,858 INFO httpx — HTTP Request: POST http://localhost:11434/v1/chat/completions "HTTP/1.1 200 OK"
2026-04-26 21:32:02,421 INFO httpx — HTTP Request: POST http://localhost:11434/v1/chat/completions "HTTP/1.1 200 OK"
2026-04-26 21:32:06,992 INFO httpx — HTTP Request: POST http://localhost:11434/v1/chat/completions "HTTP/1.1 200 OK"
2026-04-26 21:32:11,016 INFO httpx — HTTP Request: POST http://localhost:11434/v1/chat/completions "HTTP/1.1 200 OK"
2026-04-26 21:32:14,652 INFO httpx — HTTP Request: POST http://localhost:11434/v1/chat/completions "HTTP/1.1 200 OK"
2026-04-26 21:32:19,113 INFO httpx — HTTP Request: POST http://localhost:11434/v1/chat/completions "HTTP/1.1 200 OK"
2026-04-26 21:32:23,250 INFO httpx — HTTP Request: POST http://localhost:11434/v1/chat/completions "HTTP/1.1 200 OK"
2026-04-26 21:32:26,702 INFO httpx — HTTP Request: POST http://localhost:11434/v1/chat/completions "HTTP/1.1 200 OK"
2026-04-26 21:32:31,269 INFO httpx — HTTP Request: POST http://localhost:11434/v1/chat/completions "HTTP/1.1 200 OK"
2026-04-26 21:32:34,578 INFO httpx — HTTP Request: POST http://localhost:11434/v1/chat/completions "HTTP/1.1 200 OK"
2026-04-26 21:32:39,678 INFO httpx — HTTP Request: POST http://localhost:11434/v1/chat/completions "HTTP/1.1 200 OK"
2026-04-26 21:32:43,273 INFO httpx — HTTP Request: POST http://localhost:11434/v1/chat/completions "HTTP/1.1 200 OK"
2026-04-26 21:32:48,138 INFO httpx — HTTP Request: POST http://localhost:11434/v1/chat/completions "HTTP/1.1 200 OK"
2026-04-26 21:32:53,024 INFO httpx — HTTP Request: POST http://localhost:11434/v1/chat/completions "HTTP/1.1 200 OK"
2026-04-26 21:32:57,604 INFO httpx — HTTP Request: POST http://localhost:11434/v1/chat/completions "HTTP/1.1 200 OK"
2026-04-26 21:33:02,232 INFO httpx — HTTP Request: POST http://localhost:11434/v1/chat/completions "HTTP/1.1 200 OK"
2026-04-26 21:33:06,864 INFO httpx — HTTP Request: POST http://localhost:11434/v1/chat/completions "HTTP/1.1 200 OK"
2026-04-26 21:33:10,947 INFO httpx — HTTP Request: POST http://localhost:11434/v1/chat/completions "HTTP/1.1 200 OK"
2026-04-26 21:33:14,940 INFO httpx — HTTP Request: POST http://localhost:11434/v1/chat/completions "HTTP/1.1 200 OK"
2026-04-26 21:33:19,716 INFO httpx — HTTP Request: POST http://localhost:11434/v1/chat/completions "HTTP/1.1 200 OK"
2026-04-26 21:33:23,288 INFO httpx — HTTP Request: POST http://localhost:11434/v1/chat/completions "HTTP/1.1 200 OK"
2026-04-26 21:33:28,246 INFO httpx — HTTP Request: POST http://localhost:11434/v1/chat/completions "HTTP/1.1 200 OK"
2026-04-26 21:33:32,247 INFO __main__ — Condition ic_context_local_phi: completed 2/5 (attempt 2, replacements: 0)
2026-04-26 21:33:32,934 INFO httpx — HTTP Request: POST http://localhost:11434/v1/chat/completions "HTTP/1.1 200 OK"
2026-04-26 21:33:36,512 INFO httpx — HTTP Request: POST http://localhost:11434/v1/chat/completions "HTTP/1.1 200 OK"
2026-04-26 21:33:41,148 INFO httpx — HTTP Request: POST http://localhost:11434/v1/chat/completions "HTTP/1.1 200 OK"
2026-04-26 21:33:45,553 INFO httpx — HTTP Request: POST http://localhost:11434/v1/chat/completions "HTTP/1.1 200 OK"
2026-04-26 21:33:49,767 INFO httpx — HTTP Request: POST http://localhost:11434/v1/chat/completions "HTTP/1.1 200 OK"
2026-04-26 21:33:54,402 INFO httpx — HTTP Request: POST http://localhost:11434/v1/chat/completions "HTTP/1.1 200 OK"
2026-04-26 21:33:57,743 INFO httpx — HTTP Request: POST http://localhost:11434/v1/chat/completions "HTTP/1.1 200 OK"
2026-04-26 21:34:02,146 INFO httpx — HTTP Request: POST http://localhost:11434/v1/chat/completions "HTTP/1.1 200 OK"
2026-04-26 21:34:05,727 INFO httpx — HTTP Request: POST http://localhost:11434/v1/chat/completions "HTTP/1.1 200 OK"
2026-04-26 21:34:09,574 INFO httpx — HTTP Request: POST http://localhost:11434/v1/chat/completions "HTTP/1.1 200 OK"
2026-04-26 21:34:13,373 INFO httpx — HTTP Request: POST http://localhost:11434/v1/chat/completions "HTTP/1.1 200 OK"
2026-04-26 21:34:17,676 INFO httpx — HTTP Request: POST http://localhost:11434/v1/chat/completions "HTTP/1.1 200 OK"
2026-04-26 21:34:21,251 INFO httpx — HTTP Request: POST http://localhost:11434/v1/chat/completions "HTTP/1.1 200 OK"
2026-04-26 21:34:25,240 INFO httpx — HTTP Request: POST http://localhost:11434/v1/chat/completions "HTTP/1.1 200 OK"
2026-04-26 21:34:30,094 INFO httpx — HTTP Request: POST http://localhost:11434/v1/chat/completions "HTTP/1.1 200 OK"
2026-04-26 21:34:34,123 INFO httpx — HTTP Request: POST http://localhost:11434/v1/chat/completions "HTTP/1.1 200 OK"
2026-04-26 21:34:38,567 INFO httpx — HTTP Request: POST http://localhost:11434/v1/chat/completions "HTTP/1.1 200 OK"
2026-04-26 21:34:42,765 INFO httpx — HTTP Request: POST http://localhost:11434/v1/chat/completions "HTTP/1.1 200 OK"
2026-04-26 21:34:47,273 INFO httpx — HTTP Request: POST http://localhost:11434/v1/chat/completions "HTTP/1.1 200 OK"
2026-04-26 21:34:50,915 INFO httpx — HTTP Request: POST http://localhost:11434/v1/chat/completions "HTTP/1.1 200 OK"
2026-04-26 21:34:54,796 INFO httpx — HTTP Request: POST http://localhost:11434/v1/chat/completions "HTTP/1.1 200 OK"
2026-04-26 21:34:58,198 INFO httpx — HTTP Request: POST http://localhost:11434/v1/chat/completions "HTTP/1.1 200 OK"
2026-04-26 21:35:02,538 INFO httpx — HTTP Request: POST http://localhost:11434/v1/chat/completions "HTTP/1.1 200 OK"
2026-04-26 21:35:07,783 INFO httpx — HTTP Request: POST http://localhost:11434/v1/chat/completions "HTTP/1.1 200 OK"
2026-04-26 21:35:12,268 INFO httpx — HTTP Request: POST http://localhost:11434/v1/chat/completions "HTTP/1.1 200 OK"
2026-04-26 21:35:15,850 INFO httpx — HTTP Request: POST http://localhost:11434/v1/chat/completions "HTTP/1.1 200 OK"
2026-04-26 21:35:20,875 INFO httpx — HTTP Request: POST http://localhost:11434/v1/chat/completions "HTTP/1.1 200 OK"
2026-04-26 21:35:25,110 INFO httpx — HTTP Request: POST http://localhost:11434/v1/chat/completions "HTTP/1.1 200 OK"
2026-04-26 21:35:29,659 INFO httpx — HTTP Request: POST http://localhost:11434/v1/chat/completions "HTTP/1.1 200 OK"
2026-04-26 21:35:34,616 INFO httpx — HTTP Request: POST http://localhost:11434/v1/chat/completions "HTTP/1.1 200 OK"
2026-04-26 21:35:39,066 INFO httpx — HTTP Request: POST http://localhost:11434/v1/chat/completions "HTTP/1.1 200 OK"
2026-04-26 21:35:43,501 INFO httpx — HTTP Request: POST http://localhost:11434/v1/chat/completions "HTTP/1.1 200 OK"
2026-04-26 21:35:47,799 INFO httpx — HTTP Request: POST http://localhost:11434/v1/chat/completions "HTTP/1.1 200 OK"
2026-04-26 21:35:52,106 INFO httpx — HTTP Request: POST http://localhost:11434/v1/chat/completions "HTTP/1.1 200 OK"
2026-04-26 21:35:55,576 INFO httpx — HTTP Request: POST http://localhost:11434/v1/chat/completions "HTTP/1.1 200 OK"
2026-04-26 21:36:00,412 INFO httpx — HTTP Request: POST http://localhost:11434/v1/chat/completions "HTTP/1.1 200 OK"
2026-04-26 21:36:04,529 INFO httpx — HTTP Request: POST http://localhost:11434/v1/chat/completions "HTTP/1.1 200 OK"
2026-04-26 21:36:08,071 INFO httpx — HTTP Request: POST http://localhost:11434/v1/chat/completions "HTTP/1.1 200 OK"
2026-04-26 21:36:12,822 INFO httpx — HTTP Request: POST http://localhost:11434/v1/chat/completions "HTTP/1.1 200 OK"
2026-04-26 21:36:16,418 INFO httpx — HTTP Request: POST http://localhost:11434/v1/chat/completions "HTTP/1.1 200 OK"
2026-04-26 21:36:20,735 INFO httpx — HTTP Request: POST http://localhost:11434/v1/chat/completions "HTTP/1.1 200 OK"
2026-04-26 21:36:25,884 INFO httpx — HTTP Request: POST http://localhost:11434/v1/chat/completions "HTTP/1.1 200 OK"
2026-04-26 21:36:30,410 INFO httpx — HTTP Request: POST http://localhost:11434/v1/chat/completions "HTTP/1.1 200 OK"
2026-04-26 21:36:34,253 INFO httpx — HTTP Request: POST http://localhost:11434/v1/chat/completions "HTTP/1.1 200 OK"
2026-04-26 21:36:39,482 INFO httpx — HTTP Request: POST http://localhost:11434/v1/chat/completions "HTTP/1.1 200 OK"
2026-04-26 21:36:44,522 INFO httpx — HTTP Request: POST http://localhost:11434/v1/chat/completions "HTTP/1.1 200 OK"
2026-04-26 21:36:48,188 INFO httpx — HTTP Request: POST http://localhost:11434/v1/chat/completions "HTTP/1.1 200 OK"
2026-04-26 21:36:53,370 INFO httpx — HTTP Request: POST http://localhost:11434/v1/chat/completions "HTTP/1.1 200 OK"
2026-04-26 21:36:56,744 INFO httpx — HTTP Request: POST http://localhost:11434/v1/chat/completions "HTTP/1.1 200 OK"
2026-04-26 21:37:01,184 INFO httpx — HTTP Request: POST http://localhost:11434/v1/chat/completions "HTTP/1.1 200 OK"
2026-04-26 21:37:06,108 INFO httpx — HTTP Request: POST http://localhost:11434/v1/chat/completions "HTTP/1.1 200 OK"
2026-04-26 21:37:09,745 INFO httpx — HTTP Request: POST http://localhost:11434/v1/chat/completions "HTTP/1.1 200 OK"
2026-04-26 21:37:13,523 INFO httpx — HTTP Request: POST http://localhost:11434/v1/chat/completions "HTTP/1.1 200 OK"
2026-04-26 21:37:17,964 INFO httpx — HTTP Request: POST http://localhost:11434/v1/chat/completions "HTTP/1.1 200 OK"
2026-04-26 21:37:21,684 INFO httpx — HTTP Request: POST http://localhost:11434/v1/chat/completions "HTTP/1.1 200 OK"
2026-04-26 21:37:26,083 INFO httpx — HTTP Request: POST http://localhost:11434/v1/chat/completions "HTTP/1.1 200 OK"
2026-04-26 21:37:30,478 INFO httpx — HTTP Request: POST http://localhost:11434/v1/chat/completions "HTTP/1.1 200 OK"
2026-04-26 21:37:34,373 INFO httpx — HTTP Request: POST http://localhost:11434/v1/chat/completions "HTTP/1.1 200 OK"
2026-04-26 21:37:38,805 INFO httpx — HTTP Request: POST http://localhost:11434/v1/chat/completions "HTTP/1.1 200 OK"
2026-04-26 21:37:43,250 INFO httpx — HTTP Request: POST http://localhost:11434/v1/chat/completions "HTTP/1.1 200 OK"
2026-04-26 21:37:47,911 INFO httpx — HTTP Request: POST http://localhost:11434/v1/chat/completions "HTTP/1.1 200 OK"
2026-04-26 21:37:51,391 INFO httpx — HTTP Request: POST http://localhost:11434/v1/chat/completions "HTTP/1.1 200 OK"
2026-04-26 21:37:56,131 INFO httpx — HTTP Request: POST http://localhost:11434/v1/chat/completions "HTTP/1.1 200 OK"
2026-04-26 21:38:00,705 INFO httpx — HTTP Request: POST http://localhost:11434/v1/chat/completions "HTTP/1.1 200 OK"
2026-04-26 21:38:05,585 INFO httpx — HTTP Request: POST http://localhost:11434/v1/chat/completions "HTTP/1.1 200 OK"
2026-04-26 21:38:10,112 INFO httpx — HTTP Request: POST http://localhost:11434/v1/chat/completions "HTTP/1.1 200 OK"
2026-04-26 21:38:14,776 INFO httpx — HTTP Request: POST http://localhost:11434/v1/chat/completions "HTTP/1.1 200 OK"
2026-04-26 21:38:19,051 INFO httpx — HTTP Request: POST http://localhost:11434/v1/chat/completions "HTTP/1.1 200 OK"
2026-04-26 21:38:22,938 INFO httpx — HTTP Request: POST http://localhost:11434/v1/chat/completions "HTTP/1.1 200 OK"
2026-04-26 21:38:27,544 INFO httpx — HTTP Request: POST http://localhost:11434/v1/chat/completions "HTTP/1.1 200 OK"
2026-04-26 21:38:30,903 INFO httpx — HTTP Request: POST http://localhost:11434/v1/chat/completions "HTTP/1.1 200 OK"
2026-04-26 21:38:35,109 INFO httpx — HTTP Request: POST http://localhost:11434/v1/chat/completions "HTTP/1.1 200 OK"
2026-04-26 21:38:38,743 INFO __main__ — Condition ic_context_local_phi: completed 3/5 (attempt 3, replacements: 0)
2026-04-26 21:38:39,291 INFO httpx — HTTP Request: POST http://localhost:11434/v1/chat/completions "HTTP/1.1 200 OK"
2026-04-26 21:38:42,747 INFO httpx — HTTP Request: POST http://localhost:11434/v1/chat/completions "HTTP/1.1 200 OK"
2026-04-26 21:38:46,214 INFO httpx — HTTP Request: POST http://localhost:11434/v1/chat/completions "HTTP/1.1 200 OK"
2026-04-26 21:38:49,594 INFO httpx — HTTP Request: POST http://localhost:11434/v1/chat/completions "HTTP/1.1 200 OK"
2026-04-26 21:38:52,822 INFO httpx — HTTP Request: POST http://localhost:11434/v1/chat/completions "HTTP/1.1 200 OK"
2026-04-26 21:38:57,368 INFO httpx — HTTP Request: POST http://localhost:11434/v1/chat/completions "HTTP/1.1 200 OK"
2026-04-26 21:39:00,753 INFO httpx — HTTP Request: POST http://localhost:11434/v1/chat/completions "HTTP/1.1 200 OK"
2026-04-26 21:39:05,250 INFO httpx — HTTP Request: POST http://localhost:11434/v1/chat/completions "HTTP/1.1 200 OK"
2026-04-26 21:39:10,291 INFO httpx — HTTP Request: POST http://localhost:11434/v1/chat/completions "HTTP/1.1 200 OK"
2026-04-26 21:39:14,818 INFO httpx — HTTP Request: POST http://localhost:11434/v1/chat/completions "HTTP/1.1 200 OK"
2026-04-26 21:39:18,743 INFO httpx — HTTP Request: POST http://localhost:11434/v1/chat/completions "HTTP/1.1 200 OK"
2026-04-26 21:39:23,898 INFO httpx — HTTP Request: POST http://localhost:11434/v1/chat/completions "HTTP/1.1 200 OK"
2026-04-26 21:39:27,327 INFO httpx — HTTP Request: POST http://localhost:11434/v1/chat/completions "HTTP/1.1 200 OK"
2026-04-26 21:39:31,456 INFO httpx — HTTP Request: POST http://localhost:11434/v1/chat/completions "HTTP/1.1 200 OK"
2026-04-26 21:39:37,118 INFO httpx — HTTP Request: POST http://localhost:11434/v1/chat/completions "HTTP/1.1 200 OK"
2026-04-26 21:39:40,369 INFO httpx — HTTP Request: POST http://localhost:11434/v1/chat/completions "HTTP/1.1 200 OK"
2026-04-26 21:39:44,189 INFO httpx — HTTP Request: POST http://localhost:11434/v1/chat/completions "HTTP/1.1 200 OK"
2026-04-26 21:39:49,160 INFO httpx — HTTP Request: POST http://localhost:11434/v1/chat/completions "HTTP/1.1 200 OK"
2026-04-26 21:39:53,120 INFO httpx — HTTP Request: POST http://localhost:11434/v1/chat/completions "HTTP/1.1 200 OK"
2026-04-26 21:39:57,600 INFO httpx — HTTP Request: POST http://localhost:11434/v1/chat/completions "HTTP/1.1 200 OK"
2026-04-26 21:40:01,835 INFO httpx — HTTP Request: POST http://localhost:11434/v1/chat/completions "HTTP/1.1 200 OK"
2026-04-26 21:40:06,744 INFO httpx — HTTP Request: POST http://localhost:11434/v1/chat/completions "HTTP/1.1 200 OK"
2026-04-26 21:40:11,295 INFO httpx — HTTP Request: POST http://localhost:11434/v1/chat/completions "HTTP/1.1 200 OK"
2026-04-26 21:40:16,236 INFO httpx — HTTP Request: POST http://localhost:11434/v1/chat/completions "HTTP/1.1 200 OK"
2026-04-26 21:40:21,211 INFO httpx — HTTP Request: POST http://localhost:11434/v1/chat/completions "HTTP/1.1 200 OK"
2026-04-26 21:40:24,641 INFO httpx — HTTP Request: POST http://localhost:11434/v1/chat/completions "HTTP/1.1 200 OK"
2026-04-26 21:40:29,207 INFO httpx — HTTP Request: POST http://localhost:11434/v1/chat/completions "HTTP/1.1 200 OK"
2026-04-26 21:40:33,755 INFO httpx — HTTP Request: POST http://localhost:11434/v1/chat/completions "HTTP/1.1 200 OK"
2026-04-26 21:40:38,393 INFO httpx — HTTP Request: POST http://localhost:11434/v1/chat/completions "HTTP/1.1 200 OK"
2026-04-26 21:40:43,222 INFO httpx — HTTP Request: POST http://localhost:11434/v1/chat/completions "HTTP/1.1 200 OK"
2026-04-26 21:40:47,913 INFO httpx — HTTP Request: POST http://localhost:11434/v1/chat/completions "HTTP/1.1 200 OK"
2026-04-26 21:40:52,332 INFO httpx — HTTP Request: POST http://localhost:11434/v1/chat/completions "HTTP/1.1 200 OK"
2026-04-26 21:40:57,080 INFO httpx — HTTP Request: POST http://localhost:11434/v1/chat/completions "HTTP/1.1 200 OK"
2026-04-26 21:41:01,440 INFO httpx — HTTP Request: POST http://localhost:11434/v1/chat/completions "HTTP/1.1 200 OK"
2026-04-26 21:41:05,104 INFO httpx — HTTP Request: POST http://localhost:11434/v1/chat/completions "HTTP/1.1 200 OK"
2026-04-26 21:41:09,480 INFO httpx — HTTP Request: POST http://localhost:11434/v1/chat/completions "HTTP/1.1 200 OK"
2026-04-26 21:41:13,489 INFO httpx — HTTP Request: POST http://localhost:11434/v1/chat/completions "HTTP/1.1 200 OK"
2026-04-26 21:41:17,055 INFO httpx — HTTP Request: POST http://localhost:11434/v1/chat/completions "HTTP/1.1 200 OK"
2026-04-26 21:41:20,661 INFO httpx — HTTP Request: POST http://localhost:11434/v1/chat/completions "HTTP/1.1 200 OK"
2026-04-26 21:41:25,182 INFO httpx — HTTP Request: POST http://localhost:11434/v1/chat/completions "HTTP/1.1 200 OK"
2026-04-26 21:41:29,845 INFO httpx — HTTP Request: POST http://localhost:11434/v1/chat/completions "HTTP/1.1 200 OK"
2026-04-26 21:41:33,102 INFO httpx — HTTP Request: POST http://localhost:11434/v1/chat/completions "HTTP/1.1 200 OK"
2026-04-26 21:41:37,062 INFO httpx — HTTP Request: POST http://localhost:11434/v1/chat/completions "HTTP/1.1 200 OK"
2026-04-26 21:41:41,497 INFO httpx — HTTP Request: POST http://localhost:11434/v1/chat/completions "HTTP/1.1 200 OK"
2026-04-26 21:41:46,141 INFO httpx — HTTP Request: POST http://localhost:11434/v1/chat/completions "HTTP/1.1 200 OK"
2026-04-26 21:41:51,548 INFO httpx — HTTP Request: POST http://localhost:11434/v1/chat/completions "HTTP/1.1 200 OK"
2026-04-26 21:41:54,779 INFO httpx — HTTP Request: POST http://localhost:11434/v1/chat/completions "HTTP/1.1 200 OK"
2026-04-26 21:42:00,477 INFO httpx — HTTP Request: POST http://localhost:11434/v1/chat/completions "HTTP/1.1 200 OK"
2026-04-26 21:42:04,246 INFO httpx — HTTP Request: POST http://localhost:11434/v1/chat/completions "HTTP/1.1 200 OK"
2026-04-26 21:42:08,137 INFO httpx — HTTP Request: POST http://localhost:11434/v1/chat/completions "HTTP/1.1 200 OK"
2026-04-26 21:42:13,482 INFO httpx — HTTP Request: POST http://localhost:11434/v1/chat/completions "HTTP/1.1 200 OK"
2026-04-26 21:42:18,284 INFO httpx — HTTP Request: POST http://localhost:11434/v1/chat/completions "HTTP/1.1 200 OK"
2026-04-26 21:42:22,807 INFO httpx — HTTP Request: POST http://localhost:11434/v1/chat/completions "HTTP/1.1 200 OK"
2026-04-26 21:42:27,439 INFO httpx — HTTP Request: POST http://localhost:11434/v1/chat/completions "HTTP/1.1 200 OK"
2026-04-26 21:42:32,193 INFO httpx — HTTP Request: POST http://localhost:11434/v1/chat/completions "HTTP/1.1 200 OK"
2026-04-26 21:42:36,206 INFO httpx — HTTP Request: POST http://localhost:11434/v1/chat/completions "HTTP/1.1 200 OK"
2026-04-26 21:42:40,816 INFO httpx — HTTP Request: POST http://localhost:11434/v1/chat/completions "HTTP/1.1 200 OK"
2026-04-26 21:42:45,903 INFO httpx — HTTP Request: POST http://localhost:11434/v1/chat/completions "HTTP/1.1 200 OK"
2026-04-26 21:42:50,278 INFO httpx — HTTP Request: POST http://localhost:11434/v1/chat/completions "HTTP/1.1 200 OK"
2026-04-26 21:42:54,161 INFO httpx — HTTP Request: POST http://localhost:11434/v1/chat/completions "HTTP/1.1 200 OK"
2026-04-26 21:42:58,681 INFO httpx — HTTP Request: POST http://localhost:11434/v1/chat/completions "HTTP/1.1 200 OK"
2026-04-26 21:43:02,181 INFO httpx — HTTP Request: POST http://localhost:11434/v1/chat/completions "HTTP/1.1 200 OK"
2026-04-26 21:43:06,463 INFO httpx — HTTP Request: POST http://localhost:11434/v1/chat/completions "HTTP/1.1 200 OK"
2026-04-26 21:43:10,989 INFO httpx — HTTP Request: POST http://localhost:11434/v1/chat/completions "HTTP/1.1 200 OK"
2026-04-26 21:43:16,049 INFO httpx — HTTP Request: POST http://localhost:11434/v1/chat/completions "HTTP/1.1 200 OK"
2026-04-26 21:43:20,560 INFO httpx — HTTP Request: POST http://localhost:11434/v1/chat/completions "HTTP/1.1 200 OK"
2026-04-26 21:43:25,227 INFO httpx — HTTP Request: POST http://localhost:11434/v1/chat/completions "HTTP/1.1 200 OK"
2026-04-26 21:43:29,441 INFO httpx — HTTP Request: POST http://localhost:11434/v1/chat/completions "HTTP/1.1 200 OK"
2026-04-26 21:43:34,168 INFO httpx — HTTP Request: POST http://localhost:11434/v1/chat/completions "HTTP/1.1 200 OK"
2026-04-26 21:43:38,687 INFO httpx — HTTP Request: POST http://localhost:11434/v1/chat/completions "HTTP/1.1 200 OK"
2026-04-26 21:43:42,307 INFO httpx — HTTP Request: POST http://localhost:11434/v1/chat/completions "HTTP/1.1 200 OK"
2026-04-26 21:43:46,653 INFO httpx — HTTP Request: POST http://localhost:11434/v1/chat/completions "HTTP/1.1 200 OK"
2026-04-26 21:43:50,234 INFO __main__ — Condition ic_context_local_phi: completed 4/5 (attempt 4, replacements: 0)
2026-04-26 21:43:50,940 INFO httpx — HTTP Request: POST http://localhost:11434/v1/chat/completions "HTTP/1.1 200 OK"
2026-04-26 21:43:54,732 INFO httpx — HTTP Request: POST http://localhost:11434/v1/chat/completions "HTTP/1.1 200 OK"
2026-04-26 21:43:58,920 INFO httpx — HTTP Request: POST http://localhost:11434/v1/chat/completions "HTTP/1.1 200 OK"
2026-04-26 21:44:03,642 INFO httpx — HTTP Request: POST http://localhost:11434/v1/chat/completions "HTTP/1.1 200 OK"
2026-04-26 21:44:07,088 INFO httpx — HTTP Request: POST http://localhost:11434/v1/chat/completions "HTTP/1.1 200 OK"
2026-04-26 21:44:11,426 INFO httpx — HTTP Request: POST http://localhost:11434/v1/chat/completions "HTTP/1.1 200 OK"
2026-04-26 21:44:15,385 INFO httpx — HTTP Request: POST http://localhost:11434/v1/chat/completions "HTTP/1.1 200 OK"
2026-04-26 21:44:19,698 INFO httpx — HTTP Request: POST http://localhost:11434/v1/chat/completions "HTTP/1.1 200 OK"
2026-04-26 21:44:24,177 INFO httpx — HTTP Request: POST http://localhost:11434/v1/chat/completions "HTTP/1.1 200 OK"
2026-04-26 21:44:29,044 INFO httpx — HTTP Request: POST http://localhost:11434/v1/chat/completions "HTTP/1.1 200 OK"
2026-04-26 21:44:32,914 INFO httpx — HTTP Request: POST http://localhost:11434/v1/chat/completions "HTTP/1.1 200 OK"
2026-04-26 21:44:37,099 INFO httpx — HTTP Request: POST http://localhost:11434/v1/chat/completions "HTTP/1.1 200 OK"
2026-04-26 21:44:40,674 INFO httpx — HTTP Request: POST http://localhost:11434/v1/chat/completions "HTTP/1.1 200 OK"
2026-04-26 21:44:44,615 INFO httpx — HTTP Request: POST http://localhost:11434/v1/chat/completions "HTTP/1.1 200 OK"
2026-04-26 21:44:49,483 INFO httpx — HTTP Request: POST http://localhost:11434/v1/chat/completions "HTTP/1.1 200 OK"
2026-04-26 21:44:52,988 INFO httpx — HTTP Request: POST http://localhost:11434/v1/chat/completions "HTTP/1.1 200 OK"
2026-04-26 21:44:57,196 INFO httpx — HTTP Request: POST http://localhost:11434/v1/chat/completions "HTTP/1.1 200 OK"
2026-04-26 21:45:01,847 INFO httpx — HTTP Request: POST http://localhost:11434/v1/chat/completions "HTTP/1.1 200 OK"
2026-04-26 21:45:05,236 INFO httpx — HTTP Request: POST http://localhost:11434/v1/chat/completions "HTTP/1.1 200 OK"
2026-04-26 21:45:09,026 INFO httpx — HTTP Request: POST http://localhost:11434/v1/chat/completions "HTTP/1.1 200 OK"
2026-04-26 21:45:14,213 INFO httpx — HTTP Request: POST http://localhost:11434/v1/chat/completions "HTTP/1.1 200 OK"
2026-04-26 21:45:17,727 INFO httpx — HTTP Request: POST http://localhost:11434/v1/chat/completions "HTTP/1.1 200 OK"
2026-04-26 21:45:22,130 INFO httpx — HTTP Request: POST http://localhost:11434/v1/chat/completions "HTTP/1.1 200 OK"
2026-04-26 21:45:26,976 INFO httpx — HTTP Request: POST http://localhost:11434/v1/chat/completions "HTTP/1.1 200 OK"
2026-04-26 21:45:31,214 INFO httpx — HTTP Request: POST http://localhost:11434/v1/chat/completions "HTTP/1.1 200 OK"
2026-04-26 21:45:34,788 INFO httpx — HTTP Request: POST http://localhost:11434/v1/chat/completions "HTTP/1.1 200 OK"
2026-04-26 21:45:39,147 INFO httpx — HTTP Request: POST http://localhost:11434/v1/chat/completions "HTTP/1.1 200 OK"
2026-04-26 21:45:43,785 INFO httpx — HTTP Request: POST http://localhost:11434/v1/chat/completions "HTTP/1.1 200 OK"
2026-04-26 21:45:49,009 INFO httpx — HTTP Request: POST http://localhost:11434/v1/chat/completions "HTTP/1.1 200 OK"
2026-04-26 21:45:53,820 INFO httpx — HTTP Request: POST http://localhost:11434/v1/chat/completions "HTTP/1.1 200 OK"
2026-04-26 21:45:58,580 INFO httpx — HTTP Request: POST http://localhost:11434/v1/chat/completions "HTTP/1.1 200 OK"
2026-04-26 21:46:02,974 INFO httpx — HTTP Request: POST http://localhost:11434/v1/chat/completions "HTTP/1.1 200 OK"
2026-04-26 21:46:07,872 INFO httpx — HTTP Request: POST http://localhost:11434/v1/chat/completions "HTTP/1.1 200 OK"
2026-04-26 21:46:12,213 INFO httpx — HTTP Request: POST http://localhost:11434/v1/chat/completions "HTTP/1.1 200 OK"
2026-04-26 21:46:15,471 INFO httpx — HTTP Request: POST http://localhost:11434/v1/chat/completions "HTTP/1.1 200 OK"
2026-04-26 21:46:20,221 INFO httpx — HTTP Request: POST http://localhost:11434/v1/chat/completions "HTTP/1.1 200 OK"
2026-04-26 21:46:24,484 INFO httpx — HTTP Request: POST http://localhost:11434/v1/chat/completions "HTTP/1.1 200 OK"
2026-04-26 21:46:28,011 INFO httpx — HTTP Request: POST http://localhost:11434/v1/chat/completions "HTTP/1.1 200 OK"
2026-04-26 21:46:33,409 INFO httpx — HTTP Request: POST http://localhost:11434/v1/chat/completions "HTTP/1.1 200 OK"
2026-04-26 21:46:36,819 INFO httpx — HTTP Request: POST http://localhost:11434/v1/chat/completions "HTTP/1.1 200 OK"
2026-04-26 21:46:40,994 INFO httpx — HTTP Request: POST http://localhost:11434/v1/chat/completions "HTTP/1.1 200 OK"
2026-04-26 21:46:44,768 INFO httpx — HTTP Request: POST http://localhost:11434/v1/chat/completions "HTTP/1.1 200 OK"
2026-04-26 21:46:48,174 INFO httpx — HTTP Request: POST http://localhost:11434/v1/chat/completions "HTTP/1.1 200 OK"
2026-04-26 21:46:52,301 INFO httpx — HTTP Request: POST http://localhost:11434/v1/chat/completions "HTTP/1.1 200 OK"
2026-04-26 21:46:56,084 INFO httpx — HTTP Request: POST http://localhost:11434/v1/chat/completions "HTTP/1.1 200 OK"
2026-04-26 21:47:00,354 INFO httpx — HTTP Request: POST http://localhost:11434/v1/chat/completions "HTTP/1.1 200 OK"
2026-04-26 21:47:04,159 INFO httpx — HTTP Request: POST http://localhost:11434/v1/chat/completions "HTTP/1.1 200 OK"
2026-04-26 21:47:08,599 INFO httpx — HTTP Request: POST http://localhost:11434/v1/chat/completions "HTTP/1.1 200 OK"
2026-04-26 21:47:12,248 INFO httpx — HTTP Request: POST http://localhost:11434/v1/chat/completions "HTTP/1.1 200 OK"
2026-04-26 21:47:16,367 INFO httpx — HTTP Request: POST http://localhost:11434/v1/chat/completions "HTTP/1.1 200 OK"
2026-04-26 21:47:20,147 INFO httpx — HTTP Request: POST http://localhost:11434/v1/chat/completions "HTTP/1.1 200 OK"
2026-04-26 21:47:23,945 INFO httpx — HTTP Request: POST http://localhost:11434/v1/chat/completions "HTTP/1.1 200 OK"
2026-04-26 21:47:27,559 INFO httpx — HTTP Request: POST http://localhost:11434/v1/chat/completions "HTTP/1.1 200 OK"
2026-04-26 21:47:32,285 INFO httpx — HTTP Request: POST http://localhost:11434/v1/chat/completions "HTTP/1.1 200 OK"
2026-04-26 21:47:36,736 INFO httpx — HTTP Request: POST http://localhost:11434/v1/chat/completions "HTTP/1.1 200 OK"
2026-04-26 21:47:41,019 INFO httpx — HTTP Request: POST http://localhost:11434/v1/chat/completions "HTTP/1.1 200 OK"
2026-04-26 21:47:47,781 INFO httpx — HTTP Request: POST http://localhost:11434/v1/chat/completions "HTTP/1.1 200 OK"
2026-04-26 21:47:52,494 INFO httpx — HTTP Request: POST http://localhost:11434/v1/chat/completions "HTTP/1.1 200 OK"
2026-04-26 21:47:56,820 INFO httpx — HTTP Request: POST http://localhost:11434/v1/chat/completions "HTTP/1.1 200 OK"
2026-04-26 21:48:01,439 INFO httpx — HTTP Request: POST http://localhost:11434/v1/chat/completions "HTTP/1.1 200 OK"
2026-04-26 21:48:05,071 INFO httpx — HTTP Request: POST http://localhost:11434/v1/chat/completions "HTTP/1.1 200 OK"
2026-04-26 21:48:08,649 INFO httpx — HTTP Request: POST http://localhost:11434/v1/chat/completions "HTTP/1.1 200 OK"
2026-04-26 21:48:13,314 INFO httpx — HTTP Request: POST http://localhost:11434/v1/chat/completions "HTTP/1.1 200 OK"
2026-04-26 21:48:18,219 INFO httpx — HTTP Request: POST http://localhost:11434/v1/chat/completions "HTTP/1.1 200 OK"
2026-04-26 21:48:22,897 INFO httpx — HTTP Request: POST http://localhost:11434/v1/chat/completions "HTTP/1.1 200 OK"
2026-04-26 21:48:27,359 INFO httpx — HTTP Request: POST http://localhost:11434/v1/chat/completions "HTTP/1.1 200 OK"
2026-04-26 21:48:31,830 INFO httpx — HTTP Request: POST http://localhost:11434/v1/chat/completions "HTTP/1.1 200 OK"
2026-04-26 21:48:36,154 INFO httpx — HTTP Request: POST http://localhost:11434/v1/chat/completions "HTTP/1.1 200 OK"
2026-04-26 21:48:40,792 INFO httpx — HTTP Request: POST http://localhost:11434/v1/chat/completions "HTTP/1.1 200 OK"
2026-04-26 21:48:45,051 INFO httpx — HTTP Request: POST http://localhost:11434/v1/chat/completions "HTTP/1.1 200 OK"
2026-04-26 21:48:48,672 INFO httpx — HTTP Request: POST http://localhost:11434/v1/chat/completions "HTTP/1.1 200 OK"
2026-04-26 21:48:53,187 INFO httpx — HTTP Request: POST http://localhost:11434/v1/chat/completions "HTTP/1.1 200 OK"
2026-04-26 21:48:56,898 INFO __main__ — Condition ic_context_local_phi: completed 5/5 (attempt 5, replacements: 0)
2026-04-26 21:48:56,918 INFO __main__ — Condition ic_context_local_phi: finished — 5 valid runs in 5 attempts (0 replacement(s))
2026-04-26 21:48:56,931 INFO __main__ — Checkpoint written (750 records)
2026-04-26 21:48:57,044 INFO __main__ — Results saved to ../results/H2_IC/20260426T143645
2026-04-26 21:48:57,044 INFO __main__ — === H2_IC complete — results at ../results/H2_IC/20260426T143645 ===
2026-04-26 21:48:57,044 INFO __main__ — === Starting experiment: H3_IC ===
2026-04-26 21:48:57,046 INFO __main__ — Skipping condition ic_stateful_azure (backend=azure, active=local)
2026-04-26 21:48:57,046 INFO __main__ — Running condition: ic_stateful_local
2026-04-26 21:49:00,332 INFO httpx — HTTP Request: POST http://localhost:11434/v1/chat/completions "HTTP/1.1 200 OK"
2026-04-26 21:49:10,684 INFO httpx — HTTP Request: POST http://localhost:11434/v1/chat/completions "HTTP/1.1 200 OK"
2026-04-26 21:49:27,294 INFO httpx — HTTP Request: POST http://localhost:11434/v1/chat/completions "HTTP/1.1 200 OK"
2026-04-26 21:49:39,926 INFO httpx — HTTP Request: POST http://localhost:11434/v1/chat/completions "HTTP/1.1 200 OK"
2026-04-26 21:49:51,157 INFO httpx — HTTP Request: POST http://localhost:11434/v1/chat/completions "HTTP/1.1 200 OK"
2026-04-26 21:50:08,666 INFO httpx — HTTP Request: POST http://localhost:11434/v1/chat/completions "HTTP/1.1 200 OK"
2026-04-26 21:50:23,224 INFO httpx — HTTP Request: POST http://localhost:11434/v1/chat/completions "HTTP/1.1 200 OK"
2026-04-26 21:50:33,780 INFO httpx — HTTP Request: POST http://localhost:11434/v1/chat/completions "HTTP/1.1 200 OK"
2026-04-26 21:50:48,002 INFO httpx — HTTP Request: POST http://localhost:11434/v1/chat/completions "HTTP/1.1 200 OK"
2026-04-26 21:51:03,161 INFO httpx — HTTP Request: POST http://localhost:11434/v1/chat/completions "HTTP/1.1 200 OK"
2026-04-26 21:51:17,344 INFO httpx — HTTP Request: POST http://localhost:11434/v1/chat/completions "HTTP/1.1 200 OK"
2026-04-26 21:51:35,590 INFO httpx — HTTP Request: POST http://localhost:11434/v1/chat/completions "HTTP/1.1 200 OK"
2026-04-26 21:51:49,477 INFO httpx — HTTP Request: POST http://localhost:11434/v1/chat/completions "HTTP/1.1 200 OK"
2026-04-26 21:52:03,100 INFO httpx — HTTP Request: POST http://localhost:11434/v1/chat/completions "HTTP/1.1 200 OK"
2026-04-26 21:52:23,216 INFO httpx — HTTP Request: POST http://localhost:11434/v1/chat/completions "HTTP/1.1 200 OK"
2026-04-26 21:52:40,726 INFO httpx — HTTP Request: POST http://localhost:11434/v1/chat/completions "HTTP/1.1 200 OK"
2026-04-26 21:52:55,046 INFO httpx — HTTP Request: POST http://localhost:11434/v1/chat/completions "HTTP/1.1 200 OK"
2026-04-26 21:53:19,571 INFO httpx — HTTP Request: POST http://localhost:11434/v1/chat/completions "HTTP/1.1 200 OK"
2026-04-26 21:53:38,600 INFO httpx — HTTP Request: POST http://localhost:11434/v1/chat/completions "HTTP/1.1 200 OK"
2026-04-26 21:53:50,178 INFO httpx — HTTP Request: POST http://localhost:11434/v1/chat/completions "HTTP/1.1 200 OK"
2026-04-26 21:54:13,026 INFO httpx — HTTP Request: POST http://localhost:11434/v1/chat/completions "HTTP/1.1 200 OK"
2026-04-26 21:54:31,254 INFO httpx — HTTP Request: POST http://localhost:11434/v1/chat/completions "HTTP/1.1 200 OK"
2026-04-26 21:54:44,877 INFO httpx — HTTP Request: POST http://localhost:11434/v1/chat/completions "HTTP/1.1 200 OK"
2026-04-26 21:55:09,430 INFO httpx — HTTP Request: POST http://localhost:11434/v1/chat/completions "HTTP/1.1 200 OK"
2026-04-26 21:55:29,107 INFO httpx — HTTP Request: POST http://localhost:11434/v1/chat/completions "HTTP/1.1 200 OK"
2026-04-26 21:55:44,148 INFO httpx — HTTP Request: POST http://localhost:11434/v1/chat/completions "HTTP/1.1 200 OK"
2026-04-26 21:56:01,087 INFO httpx — HTTP Request: POST http://localhost:11434/v1/chat/completions "HTTP/1.1 200 OK"
2026-04-26 21:56:21,913 INFO httpx — HTTP Request: POST http://localhost:11434/v1/chat/completions "HTTP/1.1 200 OK"
2026-04-26 21:56:38,187 INFO httpx — HTTP Request: POST http://localhost:11434/v1/chat/completions "HTTP/1.1 200 OK"
2026-04-26 21:56:53,400 INFO httpx — HTTP Request: POST http://localhost:11434/v1/chat/completions "HTTP/1.1 200 OK"
2026-04-26 21:57:07,749 INFO httpx — HTTP Request: POST http://localhost:11434/v1/chat/completions "HTTP/1.1 200 OK"
2026-04-26 21:57:19,256 INFO httpx — HTTP Request: POST http://localhost:11434/v1/chat/completions "HTTP/1.1 200 OK"
2026-04-26 21:57:35,254 INFO httpx — HTTP Request: POST http://localhost:11434/v1/chat/completions "HTTP/1.1 200 OK"
2026-04-26 21:57:46,489 INFO httpx — HTTP Request: POST http://localhost:11434/v1/chat/completions "HTTP/1.1 200 OK"
2026-04-26 21:58:01,314 INFO httpx — HTTP Request: POST http://localhost:11434/v1/chat/completions "HTTP/1.1 200 OK"
2026-04-26 21:58:19,446 INFO httpx — HTTP Request: POST http://localhost:11434/v1/chat/completions "HTTP/1.1 200 OK"
2026-04-26 21:58:34,295 INFO httpx — HTTP Request: POST http://localhost:11434/v1/chat/completions "HTTP/1.1 200 OK"
2026-04-26 21:58:46,656 INFO httpx — HTTP Request: POST http://localhost:11434/v1/chat/completions "HTTP/1.1 200 OK"
2026-04-26 21:59:09,542 INFO httpx — HTTP Request: POST http://localhost:11434/v1/chat/completions "HTTP/1.1 200 OK"
2026-04-26 21:59:27,947 INFO httpx — HTTP Request: POST http://localhost:11434/v1/chat/completions "HTTP/1.1 200 OK"
2026-04-26 21:59:41,668 INFO httpx — HTTP Request: POST http://localhost:11434/v1/chat/completions "HTTP/1.1 200 OK"
2026-04-26 22:00:07,817 INFO httpx — HTTP Request: POST http://localhost:11434/v1/chat/completions "HTTP/1.1 200 OK"
2026-04-26 22:00:22,476 INFO httpx — HTTP Request: POST http://localhost:11434/v1/chat/completions "HTTP/1.1 200 OK"
2026-04-26 22:00:34,317 INFO httpx — HTTP Request: POST http://localhost:11434/v1/chat/completions "HTTP/1.1 200 OK"
2026-04-26 22:00:49,491 INFO httpx — HTTP Request: POST http://localhost:11434/v1/chat/completions "HTTP/1.1 200 OK"
2026-04-26 22:01:05,675 INFO httpx — HTTP Request: POST http://localhost:11434/v1/chat/completions "HTTP/1.1 200 OK"
2026-04-26 22:01:20,085 INFO httpx — HTTP Request: POST http://localhost:11434/v1/chat/completions "HTTP/1.1 200 OK"
2026-04-26 22:01:38,405 INFO httpx — HTTP Request: POST http://localhost:11434/v1/chat/completions "HTTP/1.1 200 OK"
2026-04-26 22:01:51,093 INFO httpx — HTTP Request: POST http://localhost:11434/v1/chat/completions "HTTP/1.1 200 OK"
2026-04-26 22:02:07,072 INFO httpx — HTTP Request: POST http://localhost:11434/v1/chat/completions "HTTP/1.1 200 OK"
2026-04-26 22:02:33,706 INFO httpx — HTTP Request: POST http://localhost:11434/v1/chat/completions "HTTP/1.1 200 OK"
2026-04-26 22:02:51,322 INFO httpx — HTTP Request: POST http://localhost:11434/v1/chat/completions "HTTP/1.1 200 OK"
2026-04-26 22:03:05,419 INFO httpx — HTTP Request: POST http://localhost:11434/v1/chat/completions "HTTP/1.1 200 OK"
2026-04-26 22:03:23,838 INFO httpx — HTTP Request: POST http://localhost:11434/v1/chat/completions "HTTP/1.1 200 OK"
2026-04-26 22:03:38,087 INFO httpx — HTTP Request: POST http://localhost:11434/v1/chat/completions "HTTP/1.1 200 OK"
2026-04-26 22:03:49,343 INFO httpx — HTTP Request: POST http://localhost:11434/v1/chat/completions "HTTP/1.1 200 OK"
2026-04-26 22:04:06,000 INFO httpx — HTTP Request: POST http://localhost:11434/v1/chat/completions "HTTP/1.1 200 OK"
2026-04-26 22:04:23,588 INFO httpx — HTTP Request: POST http://localhost:11434/v1/chat/completions "HTTP/1.1 200 OK"
2026-04-26 22:04:40,244 INFO httpx — HTTP Request: POST http://localhost:11434/v1/chat/completions "HTTP/1.1 200 OK"
2026-04-26 22:05:02,263 INFO httpx — HTTP Request: POST http://localhost:11434/v1/chat/completions "HTTP/1.1 200 OK"
2026-04-26 22:05:18,837 INFO httpx — HTTP Request: POST http://localhost:11434/v1/chat/completions "HTTP/1.1 200 OK"
2026-04-26 22:05:34,474 INFO httpx — HTTP Request: POST http://localhost:11434/v1/chat/completions "HTTP/1.1 200 OK"
2026-04-26 22:05:50,673 INFO httpx — HTTP Request: POST http://localhost:11434/v1/chat/completions "HTTP/1.1 200 OK"
2026-04-26 22:06:06,296 INFO httpx — HTTP Request: POST http://localhost:11434/v1/chat/completions "HTTP/1.1 200 OK"
2026-04-26 22:06:19,203 INFO httpx — HTTP Request: POST http://localhost:11434/v1/chat/completions "HTTP/1.1 200 OK"
2026-04-26 22:06:35,220 INFO httpx — HTTP Request: POST http://localhost:11434/v1/chat/completions "HTTP/1.1 200 OK"
2026-04-26 22:06:45,297 INFO httpx — HTTP Request: POST http://localhost:11434/v1/chat/completions "HTTP/1.1 200 OK"
2026-04-26 22:06:58,590 INFO httpx — HTTP Request: POST http://localhost:11434/v1/chat/completions "HTTP/1.1 200 OK"
2026-04-26 22:07:17,705 INFO httpx — HTTP Request: POST http://localhost:11434/v1/chat/completions "HTTP/1.1 200 OK"
2026-04-26 22:07:28,139 INFO httpx — HTTP Request: POST http://localhost:11434/v1/chat/completions "HTTP/1.1 200 OK"
2026-04-26 22:07:42,600 INFO httpx — HTTP Request: POST http://localhost:11434/v1/chat/completions "HTTP/1.1 200 OK"
2026-04-26 22:07:57,253 INFO httpx — HTTP Request: POST http://localhost:11434/v1/chat/completions "HTTP/1.1 200 OK"
2026-04-26 22:08:07,048 INFO __main__ — Condition ic_stateful_local: completed 1/5 (attempt 1, replacements: 0)
2026-04-26 22:08:11,829 INFO httpx — HTTP Request: POST http://localhost:11434/v1/chat/completions "HTTP/1.1 200 OK"
2026-04-26 22:08:22,450 INFO httpx — HTTP Request: POST http://localhost:11434/v1/chat/completions "HTTP/1.1 200 OK"
2026-04-26 22:08:36,239 INFO httpx — HTTP Request: POST http://localhost:11434/v1/chat/completions "HTTP/1.1 200 OK"
2026-04-26 22:08:47,996 INFO httpx — HTTP Request: POST http://localhost:11434/v1/chat/completions "HTTP/1.1 200 OK"
2026-04-26 22:08:59,424 INFO httpx — HTTP Request: POST http://localhost:11434/v1/chat/completions "HTTP/1.1 200 OK"
2026-04-26 22:09:17,601 INFO httpx — HTTP Request: POST http://localhost:11434/v1/chat/completions "HTTP/1.1 200 OK"
2026-04-26 22:09:33,373 INFO httpx — HTTP Request: POST http://localhost:11434/v1/chat/completions "HTTP/1.1 200 OK"
2026-04-26 22:09:42,674 INFO httpx — HTTP Request: POST http://localhost:11434/v1/chat/completions "HTTP/1.1 200 OK"
2026-04-26 22:09:56,250 INFO httpx — HTTP Request: POST http://localhost:11434/v1/chat/completions "HTTP/1.1 200 OK"
2026-04-26 22:10:09,074 INFO httpx — HTTP Request: POST http://localhost:11434/v1/chat/completions "HTTP/1.1 200 OK"
2026-04-26 22:10:21,081 INFO httpx — HTTP Request: POST http://localhost:11434/v1/chat/completions "HTTP/1.1 200 OK"
2026-04-26 22:10:41,394 INFO httpx — HTTP Request: POST http://localhost:11434/v1/chat/completions "HTTP/1.1 200 OK"
2026-04-26 22:10:53,914 INFO httpx — HTTP Request: POST http://localhost:11434/v1/chat/completions "HTTP/1.1 200 OK"
2026-04-26 22:11:08,889 INFO httpx — HTTP Request: POST http://localhost:11434/v1/chat/completions "HTTP/1.1 200 OK"
2026-04-26 22:11:30,327 INFO httpx — HTTP Request: POST http://localhost:11434/v1/chat/completions "HTTP/1.1 200 OK"
2026-04-26 22:11:47,200 INFO httpx — HTTP Request: POST http://localhost:11434/v1/chat/completions "HTTP/1.1 200 OK"
2026-04-26 22:12:04,388 INFO httpx — HTTP Request: POST http://localhost:11434/v1/chat/completions "HTTP/1.1 200 OK"
2026-04-26 22:12:20,698 INFO httpx — HTTP Request: POST http://localhost:11434/v1/chat/completions "HTTP/1.1 200 OK"
2026-04-26 22:12:40,156 INFO httpx — HTTP Request: POST http://localhost:11434/v1/chat/completions "HTTP/1.1 200 OK"
2026-04-26 22:12:53,936 INFO httpx — HTTP Request: POST http://localhost:11434/v1/chat/completions "HTTP/1.1 200 OK"
2026-04-26 22:13:14,015 INFO httpx — HTTP Request: POST http://localhost:11434/v1/chat/completions "HTTP/1.1 200 OK"
2026-04-26 22:13:28,825 INFO httpx — HTTP Request: POST http://localhost:11434/v1/chat/completions "HTTP/1.1 200 OK"
2026-04-26 22:13:39,830 INFO httpx — HTTP Request: POST http://localhost:11434/v1/chat/completions "HTTP/1.1 200 OK"
2026-04-26 22:13:57,845 INFO httpx — HTTP Request: POST http://localhost:11434/v1/chat/completions "HTTP/1.1 200 OK"
2026-04-26 22:14:16,013 INFO httpx — HTTP Request: POST http://localhost:11434/v1/chat/completions "HTTP/1.1 200 OK"
2026-04-26 22:14:31,553 INFO httpx — HTTP Request: POST http://localhost:11434/v1/chat/completions "HTTP/1.1 200 OK"
2026-04-26 22:14:50,262 INFO httpx — HTTP Request: POST http://localhost:11434/v1/chat/completions "HTTP/1.1 200 OK"
2026-04-26 22:15:03,608 INFO httpx — HTTP Request: POST http://localhost:11434/v1/chat/completions "HTTP/1.1 200 OK"
2026-04-26 22:15:13,387 INFO httpx — HTTP Request: POST http://localhost:11434/v1/chat/completions "HTTP/1.1 200 OK"
2026-04-26 22:15:27,585 INFO httpx — HTTP Request: POST http://localhost:11434/v1/chat/completions "HTTP/1.1 200 OK"
2026-04-26 22:15:38,383 INFO httpx — HTTP Request: POST http://localhost:11434/v1/chat/completions "HTTP/1.1 200 OK"
2026-04-26 22:15:47,967 INFO httpx — HTTP Request: POST http://localhost:11434/v1/chat/completions "HTTP/1.1 200 OK"
2026-04-26 22:16:09,487 INFO httpx — HTTP Request: POST http://localhost:11434/v1/chat/completions "HTTP/1.1 200 OK"
2026-04-26 22:16:21,023 INFO httpx — HTTP Request: POST http://localhost:11434/v1/chat/completions "HTTP/1.1 200 OK"
2026-04-26 22:16:37,580 INFO httpx — HTTP Request: POST http://localhost:11434/v1/chat/completions "HTTP/1.1 200 OK"
2026-04-26 22:16:50,482 INFO httpx — HTTP Request: POST http://localhost:11434/v1/chat/completions "HTTP/1.1 200 OK"
2026-04-26 22:17:05,453 INFO httpx — HTTP Request: POST http://localhost:11434/v1/chat/completions "HTTP/1.1 200 OK"
2026-04-26 22:17:17,373 INFO httpx — HTTP Request: POST http://localhost:11434/v1/chat/completions "HTTP/1.1 200 OK"
2026-04-26 22:17:44,471 INFO httpx — HTTP Request: POST http://localhost:11434/v1/chat/completions "HTTP/1.1 200 OK"
2026-04-26 22:17:59,932 INFO httpx — HTTP Request: POST http://localhost:11434/v1/chat/completions "HTTP/1.1 200 OK"
2026-04-26 22:18:13,529 INFO httpx — HTTP Request: POST http://localhost:11434/v1/chat/completions "HTTP/1.1 200 OK"
2026-04-26 22:18:27,783 INFO httpx — HTTP Request: POST http://localhost:11434/v1/chat/completions "HTTP/1.1 200 OK"
2026-04-26 22:18:46,857 INFO httpx — HTTP Request: POST http://localhost:11434/v1/chat/completions "HTTP/1.1 200 OK"
2026-04-26 22:18:56,588 INFO httpx — HTTP Request: POST http://localhost:11434/v1/chat/completions "HTTP/1.1 200 OK"
2026-04-26 22:19:16,039 INFO httpx — HTTP Request: POST http://localhost:11434/v1/chat/completions "HTTP/1.1 200 OK"
2026-04-26 22:19:28,448 INFO httpx — HTTP Request: POST http://localhost:11434/v1/chat/completions "HTTP/1.1 200 OK"
2026-04-26 22:19:44,962 INFO httpx — HTTP Request: POST http://localhost:11434/v1/chat/completions "HTTP/1.1 200 OK"
2026-04-26 22:20:02,774 INFO httpx — HTTP Request: POST http://localhost:11434/v1/chat/completions "HTTP/1.1 200 OK"
2026-04-26 22:20:16,278 INFO httpx — HTTP Request: POST http://localhost:11434/v1/chat/completions "HTTP/1.1 200 OK"
2026-04-26 22:20:26,881 INFO httpx — HTTP Request: POST http://localhost:11434/v1/chat/completions "HTTP/1.1 200 OK"
2026-04-26 22:20:53,449 INFO httpx — HTTP Request: POST http://localhost:11434/v1/chat/completions "HTTP/1.1 200 OK"
2026-04-26 22:21:12,305 INFO httpx — HTTP Request: POST http://localhost:11434/v1/chat/completions "HTTP/1.1 200 OK"
2026-04-26 22:21:24,924 INFO httpx — HTTP Request: POST http://localhost:11434/v1/chat/completions "HTTP/1.1 200 OK"
2026-04-26 22:21:40,982 INFO httpx — HTTP Request: POST http://localhost:11434/v1/chat/completions "HTTP/1.1 200 OK"
2026-04-26 22:21:55,452 INFO httpx — HTTP Request: POST http://localhost:11434/v1/chat/completions "HTTP/1.1 200 OK"
2026-04-26 22:22:07,009 INFO httpx — HTTP Request: POST http://localhost:11434/v1/chat/completions "HTTP/1.1 200 OK"
2026-04-26 22:22:23,035 INFO httpx — HTTP Request: POST http://localhost:11434/v1/chat/completions "HTTP/1.1 200 OK"
2026-04-26 22:22:35,450 INFO httpx — HTTP Request: POST http://localhost:11434/v1/chat/completions "HTTP/1.1 200 OK"
2026-04-26 22:22:47,379 INFO httpx — HTTP Request: POST http://localhost:11434/v1/chat/completions "HTTP/1.1 200 OK"
2026-04-26 22:23:07,189 INFO httpx — HTTP Request: POST http://localhost:11434/v1/chat/completions "HTTP/1.1 200 OK"
2026-04-26 22:23:24,509 INFO httpx — HTTP Request: POST http://localhost:11434/v1/chat/completions "HTTP/1.1 200 OK"
2026-04-26 22:23:37,795 INFO httpx — HTTP Request: POST http://localhost:11434/v1/chat/completions "HTTP/1.1 200 OK"
2026-04-26 22:23:55,181 INFO httpx — HTTP Request: POST http://localhost:11434/v1/chat/completions "HTTP/1.1 200 OK"
2026-04-26 22:24:08,000 INFO httpx — HTTP Request: POST http://localhost:11434/v1/chat/completions "HTTP/1.1 200 OK"
2026-04-26 22:24:18,691 INFO httpx — HTTP Request: POST http://localhost:11434/v1/chat/completions "HTTP/1.1 200 OK"
2026-04-26 22:24:29,354 INFO httpx — HTTP Request: POST http://localhost:11434/v1/chat/completions "HTTP/1.1 200 OK"
2026-04-26 22:24:40,389 INFO httpx — HTTP Request: POST http://localhost:11434/v1/chat/completions "HTTP/1.1 200 OK"
2026-04-26 22:24:50,983 INFO httpx — HTTP Request: POST http://localhost:11434/v1/chat/completions "HTTP/1.1 200 OK"
2026-04-26 22:25:05,785 INFO httpx — HTTP Request: POST http://localhost:11434/v1/chat/completions "HTTP/1.1 200 OK"
2026-04-26 22:25:16,365 INFO httpx — HTTP Request: POST http://localhost:11434/v1/chat/completions "HTTP/1.1 200 OK"
2026-04-26 22:25:31,842 INFO httpx — HTTP Request: POST http://localhost:11434/v1/chat/completions "HTTP/1.1 200 OK"
2026-04-26 22:25:46,552 INFO httpx — HTTP Request: POST http://localhost:11434/v1/chat/completions "HTTP/1.1 200 OK"
2026-04-26 22:25:55,602 INFO __main__ — Condition ic_stateful_local: completed 2/5 (attempt 2, replacements: 0)
2026-04-26 22:26:00,763 INFO httpx — HTTP Request: POST http://localhost:11434/v1/chat/completions "HTTP/1.1 200 OK"
2026-04-26 22:26:10,641 INFO httpx — HTTP Request: POST http://localhost:11434/v1/chat/completions "HTTP/1.1 200 OK"
2026-04-26 22:26:25,975 INFO httpx — HTTP Request: POST http://localhost:11434/v1/chat/completions "HTTP/1.1 200 OK"
2026-04-26 22:26:37,762 INFO httpx — HTTP Request: POST http://localhost:11434/v1/chat/completions "HTTP/1.1 200 OK"
2026-04-26 22:26:49,390 INFO httpx — HTTP Request: POST http://localhost:11434/v1/chat/completions "HTTP/1.1 200 OK"
2026-04-26 22:27:08,250 INFO httpx — HTTP Request: POST http://localhost:11434/v1/chat/completions "HTTP/1.1 200 OK"
2026-04-26 22:27:22,112 INFO httpx — HTTP Request: POST http://localhost:11434/v1/chat/completions "HTTP/1.1 200 OK"
2026-04-26 22:27:31,279 INFO httpx — HTTP Request: POST http://localhost:11434/v1/chat/completions "HTTP/1.1 200 OK"
2026-04-26 22:27:59,609 INFO httpx — HTTP Request: POST http://localhost:11434/v1/chat/completions "HTTP/1.1 200 OK"
2026-04-26 22:28:13,778 INFO httpx — HTTP Request: POST http://localhost:11434/v1/chat/completions "HTTP/1.1 200 OK"
2026-04-26 22:28:26,345 INFO httpx — HTTP Request: POST http://localhost:11434/v1/chat/completions "HTTP/1.1 200 OK"
2026-04-26 22:28:46,407 INFO httpx — HTTP Request: POST http://localhost:11434/v1/chat/completions "HTTP/1.1 200 OK"
2026-04-26 22:29:01,751 INFO httpx — HTTP Request: POST http://localhost:11434/v1/chat/completions "HTTP/1.1 200 OK"
2026-04-26 22:29:12,133 INFO httpx — HTTP Request: POST http://localhost:11434/v1/chat/completions "HTTP/1.1 200 OK"
2026-04-26 22:29:36,909 INFO httpx — HTTP Request: POST http://localhost:11434/v1/chat/completions "HTTP/1.1 200 OK"
2026-04-26 22:29:51,519 INFO httpx — HTTP Request: POST http://localhost:11434/v1/chat/completions "HTTP/1.1 200 OK"
2026-04-26 22:30:05,728 INFO httpx — HTTP Request: POST http://localhost:11434/v1/chat/completions "HTTP/1.1 200 OK"
2026-04-26 22:30:23,677 INFO httpx — HTTP Request: POST http://localhost:11434/v1/chat/completions "HTTP/1.1 200 OK"
2026-04-26 22:30:39,505 INFO httpx — HTTP Request: POST http://localhost:11434/v1/chat/completions "HTTP/1.1 200 OK"
2026-04-26 22:30:50,230 INFO httpx — HTTP Request: POST http://localhost:11434/v1/chat/completions "HTTP/1.1 200 OK"
2026-04-26 22:31:05,746 INFO httpx — HTTP Request: POST http://localhost:11434/v1/chat/completions "HTTP/1.1 200 OK"
2026-04-26 22:31:18,986 INFO httpx — HTTP Request: POST http://localhost:11434/v1/chat/completions "HTTP/1.1 200 OK"
2026-04-26 22:31:30,156 INFO httpx — HTTP Request: POST http://localhost:11434/v1/chat/completions "HTTP/1.1 200 OK"
2026-04-26 22:31:44,869 INFO httpx — HTTP Request: POST http://localhost:11434/v1/chat/completions "HTTP/1.1 200 OK"
2026-04-26 22:32:08,018 INFO httpx — HTTP Request: POST http://localhost:11434/v1/chat/completions "HTTP/1.1 200 OK"
2026-04-26 22:32:22,553 INFO httpx — HTTP Request: POST http://localhost:11434/v1/chat/completions "HTTP/1.1 200 OK"
2026-04-26 22:32:41,368 INFO httpx — HTTP Request: POST http://localhost:11434/v1/chat/completions "HTTP/1.1 200 OK"
2026-04-26 22:32:54,106 INFO httpx — HTTP Request: POST http://localhost:11434/v1/chat/completions "HTTP/1.1 200 OK"
2026-04-26 22:33:05,338 INFO httpx — HTTP Request: POST http://localhost:11434/v1/chat/completions "HTTP/1.1 200 OK"
2026-04-26 22:33:18,307 INFO httpx — HTTP Request: POST http://localhost:11434/v1/chat/completions "HTTP/1.1 200 OK"
2026-04-26 22:33:32,279 INFO httpx — HTTP Request: POST http://localhost:11434/v1/chat/completions "HTTP/1.1 200 OK"
2026-04-26 22:33:43,541 INFO httpx — HTTP Request: POST http://localhost:11434/v1/chat/completions "HTTP/1.1 200 OK"
2026-04-26 22:34:01,818 INFO httpx — HTTP Request: POST http://localhost:11434/v1/chat/completions "HTTP/1.1 200 OK"
2026-04-26 22:34:18,730 INFO httpx — HTTP Request: POST http://localhost:11434/v1/chat/completions "HTTP/1.1 200 OK"
2026-04-26 22:34:32,964 INFO httpx — HTTP Request: POST http://localhost:11434/v1/chat/completions "HTTP/1.1 200 OK"
2026-04-26 22:34:48,123 INFO httpx — HTTP Request: POST http://localhost:11434/v1/chat/completions "HTTP/1.1 200 OK"
2026-04-26 22:35:05,084 INFO httpx — HTTP Request: POST http://localhost:11434/v1/chat/completions "HTTP/1.1 200 OK"
2026-04-26 22:35:16,984 INFO httpx — HTTP Request: POST http://localhost:11434/v1/chat/completions "HTTP/1.1 200 OK"
2026-04-26 22:35:39,768 INFO httpx — HTTP Request: POST http://localhost:11434/v1/chat/completions "HTTP/1.1 200 OK"
2026-04-26 22:35:52,050 INFO httpx — HTTP Request: POST http://localhost:11434/v1/chat/completions "HTTP/1.1 200 OK"
2026-04-26 22:36:06,058 INFO httpx — HTTP Request: POST http://localhost:11434/v1/chat/completions "HTTP/1.1 200 OK"
2026-04-26 22:36:24,833 INFO httpx — HTTP Request: POST http://localhost:11434/v1/chat/completions "HTTP/1.1 200 OK"
2026-04-26 22:36:42,148 INFO httpx — HTTP Request: POST http://localhost:11434/v1/chat/completions "HTTP/1.1 200 OK"
2026-04-26 22:36:53,643 INFO httpx — HTTP Request: POST http://localhost:11434/v1/chat/completions "HTTP/1.1 200 OK"
2026-04-26 22:37:18,481 INFO httpx — HTTP Request: POST http://localhost:11434/v1/chat/completions "HTTP/1.1 200 OK"
2026-04-26 22:37:35,428 INFO httpx — HTTP Request: POST http://localhost:11434/v1/chat/completions "HTTP/1.1 200 OK"
2026-04-26 22:37:57,359 INFO httpx — HTTP Request: POST http://localhost:11434/v1/chat/completions "HTTP/1.1 200 OK"
2026-04-26 22:38:11,789 INFO httpx — HTTP Request: POST http://localhost:11434/v1/chat/completions "HTTP/1.1 200 OK"
2026-04-26 22:38:27,867 INFO httpx — HTTP Request: POST http://localhost:11434/v1/chat/completions "HTTP/1.1 200 OK"
2026-04-26 22:38:37,796 INFO httpx — HTTP Request: POST http://localhost:11434/v1/chat/completions "HTTP/1.1 200 OK"
2026-04-26 22:38:57,772 INFO httpx — HTTP Request: POST http://localhost:11434/v1/chat/completions "HTTP/1.1 200 OK"
2026-04-26 22:39:13,070 INFO httpx — HTTP Request: POST http://localhost:11434/v1/chat/completions "HTTP/1.1 200 OK"
2026-04-26 22:39:27,724 INFO httpx — HTTP Request: POST http://localhost:11434/v1/chat/completions "HTTP/1.1 200 OK"
2026-04-26 22:39:42,137 INFO httpx — HTTP Request: POST http://localhost:11434/v1/chat/completions "HTTP/1.1 200 OK"
2026-04-26 22:39:54,682 INFO httpx — HTTP Request: POST http://localhost:11434/v1/chat/completions "HTTP/1.1 200 OK"
2026-04-26 22:40:07,475 INFO httpx — HTTP Request: POST http://localhost:11434/v1/chat/completions "HTTP/1.1 200 OK"
2026-04-26 22:40:22,734 INFO httpx — HTTP Request: POST http://localhost:11434/v1/chat/completions "HTTP/1.1 200 OK"
2026-04-26 22:40:37,098 INFO httpx — HTTP Request: POST http://localhost:11434/v1/chat/completions "HTTP/1.1 200 OK"
2026-04-26 22:40:49,599 INFO httpx — HTTP Request: POST http://localhost:11434/v1/chat/completions "HTTP/1.1 200 OK"
2026-04-26 22:41:06,168 INFO httpx — HTTP Request: POST http://localhost:11434/v1/chat/completions "HTTP/1.1 200 OK"
2026-04-26 22:41:20,047 INFO httpx — HTTP Request: POST http://localhost:11434/v1/chat/completions "HTTP/1.1 200 OK"
2026-04-26 22:41:35,409 INFO httpx — HTTP Request: POST http://localhost:11434/v1/chat/completions "HTTP/1.1 200 OK"
2026-04-26 22:41:51,912 INFO httpx — HTTP Request: POST http://localhost:11434/v1/chat/completions "HTTP/1.1 200 OK"
2026-04-26 22:42:05,205 INFO httpx — HTTP Request: POST http://localhost:11434/v1/chat/completions "HTTP/1.1 200 OK"
2026-04-26 22:42:17,926 INFO httpx — HTTP Request: POST http://localhost:11434/v1/chat/completions "HTTP/1.1 200 OK"
2026-04-26 22:42:37,568 INFO httpx — HTTP Request: POST http://localhost:11434/v1/chat/completions "HTTP/1.1 200 OK"
2026-04-26 22:42:49,036 INFO httpx — HTTP Request: POST http://localhost:11434/v1/chat/completions "HTTP/1.1 200 OK"
2026-04-26 22:42:59,382 INFO httpx — HTTP Request: POST http://localhost:11434/v1/chat/completions "HTTP/1.1 200 OK"
2026-04-26 22:43:20,514 INFO httpx — HTTP Request: POST http://localhost:11434/v1/chat/completions "HTTP/1.1 200 OK"
2026-04-26 22:43:35,830 INFO httpx — HTTP Request: POST http://localhost:11434/v1/chat/completions "HTTP/1.1 200 OK"
2026-04-26 22:43:54,038 INFO httpx — HTTP Request: POST http://localhost:11434/v1/chat/completions "HTTP/1.1 200 OK"
2026-04-26 22:44:12,351 INFO httpx — HTTP Request: POST http://localhost:11434/v1/chat/completions "HTTP/1.1 200 OK"
2026-04-26 22:44:23,980 INFO __main__ — Condition ic_stateful_local: completed 3/5 (attempt 3, replacements: 0)
2026-04-26 22:44:27,916 INFO httpx — HTTP Request: POST http://localhost:11434/v1/chat/completions "HTTP/1.1 200 OK"
2026-04-26 22:44:38,198 INFO httpx — HTTP Request: POST http://localhost:11434/v1/chat/completions "HTTP/1.1 200 OK"
2026-04-26 22:44:53,311 INFO httpx — HTTP Request: POST http://localhost:11434/v1/chat/completions "HTTP/1.1 200 OK"
2026-04-26 22:45:06,826 INFO httpx — HTTP Request: POST http://localhost:11434/v1/chat/completions "HTTP/1.1 200 OK"
2026-04-26 22:45:18,478 INFO httpx — HTTP Request: POST http://localhost:11434/v1/chat/completions "HTTP/1.1 200 OK"
2026-04-26 22:45:36,002 INFO httpx — HTTP Request: POST http://localhost:11434/v1/chat/completions "HTTP/1.1 200 OK"
2026-04-26 22:45:50,720 INFO httpx — HTTP Request: POST http://localhost:11434/v1/chat/completions "HTTP/1.1 200 OK"
2026-04-26 22:46:00,981 INFO httpx — HTTP Request: POST http://localhost:11434/v1/chat/completions "HTTP/1.1 200 OK"
2026-04-26 22:46:23,532 INFO httpx — HTTP Request: POST http://localhost:11434/v1/chat/completions "HTTP/1.1 200 OK"
2026-04-26 22:46:39,268 INFO httpx — HTTP Request: POST http://localhost:11434/v1/chat/completions "HTTP/1.1 200 OK"
2026-04-26 22:46:54,789 INFO httpx — HTTP Request: POST http://localhost:11434/v1/chat/completions "HTTP/1.1 200 OK"
2026-04-26 22:47:10,437 INFO httpx — HTTP Request: POST http://localhost:11434/v1/chat/completions "HTTP/1.1 200 OK"
2026-04-26 22:47:24,683 INFO httpx — HTTP Request: POST http://localhost:11434/v1/chat/completions "HTTP/1.1 200 OK"
2026-04-26 22:47:35,027 INFO httpx — HTTP Request: POST http://localhost:11434/v1/chat/completions "HTTP/1.1 200 OK"
2026-04-26 22:48:00,044 INFO httpx — HTTP Request: POST http://localhost:11434/v1/chat/completions "HTTP/1.1 200 OK"
2026-04-26 22:48:19,916 INFO httpx — HTTP Request: POST http://localhost:11434/v1/chat/completions "HTTP/1.1 200 OK"
2026-04-26 22:48:35,324 INFO httpx — HTTP Request: POST http://localhost:11434/v1/chat/completions "HTTP/1.1 200 OK"
2026-04-26 22:48:49,483 INFO httpx — HTTP Request: POST http://localhost:11434/v1/chat/completions "HTTP/1.1 200 OK"
2026-04-26 22:49:06,201 INFO httpx — HTTP Request: POST http://localhost:11434/v1/chat/completions "HTTP/1.1 200 OK"
2026-04-26 22:49:17,764 INFO httpx — HTTP Request: POST http://localhost:11434/v1/chat/completions "HTTP/1.1 200 OK"
2026-04-26 22:49:31,577 INFO httpx — HTTP Request: POST http://localhost:11434/v1/chat/completions "HTTP/1.1 200 OK"
2026-04-26 22:49:49,751 INFO httpx — HTTP Request: POST http://localhost:11434/v1/chat/completions "HTTP/1.1 200 OK"
2026-04-26 22:50:06,728 INFO httpx — HTTP Request: POST http://localhost:11434/v1/chat/completions "HTTP/1.1 200 OK"
2026-04-26 22:50:31,361 INFO httpx — HTTP Request: POST http://localhost:11434/v1/chat/completions "HTTP/1.1 200 OK"
2026-04-26 22:50:52,737 INFO httpx — HTTP Request: POST http://localhost:11434/v1/chat/completions "HTTP/1.1 200 OK"
2026-04-26 22:51:03,964 INFO httpx — HTTP Request: POST http://localhost:11434/v1/chat/completions "HTTP/1.1 200 OK"
2026-04-26 22:51:18,325 INFO httpx — HTTP Request: POST http://localhost:11434/v1/chat/completions "HTTP/1.1 200 OK"
2026-04-26 22:51:33,971 INFO httpx — HTTP Request: POST http://localhost:11434/v1/chat/completions "HTTP/1.1 200 OK"
2026-04-26 22:51:48,397 INFO httpx — HTTP Request: POST http://localhost:11434/v1/chat/completions "HTTP/1.1 200 OK"
2026-04-26 22:52:03,984 INFO httpx — HTTP Request: POST http://localhost:11434/v1/chat/completions "HTTP/1.1 200 OK"
2026-04-26 22:52:13,763 INFO httpx — HTTP Request: POST http://localhost:11434/v1/chat/completions "HTTP/1.1 200 OK"
2026-04-26 22:52:24,014 INFO httpx — HTTP Request: POST http://localhost:11434/v1/chat/completions "HTTP/1.1 200 OK"
2026-04-26 22:52:40,002 INFO httpx — HTTP Request: POST http://localhost:11434/v1/chat/completions "HTTP/1.1 200 OK"
2026-04-26 22:52:51,993 INFO httpx — HTTP Request: POST http://localhost:11434/v1/chat/completions "HTTP/1.1 200 OK"
2026-04-26 22:53:07,743 INFO httpx — HTTP Request: POST http://localhost:11434/v1/chat/completions "HTTP/1.1 200 OK"
2026-04-26 22:53:22,531 INFO httpx — HTTP Request: POST http://localhost:11434/v1/chat/completions "HTTP/1.1 200 OK"
2026-04-26 22:53:35,646 INFO httpx — HTTP Request: POST http://localhost:11434/v1/chat/completions "HTTP/1.1 200 OK"
2026-04-26 22:53:47,650 INFO httpx — HTTP Request: POST http://localhost:11434/v1/chat/completions "HTTP/1.1 200 OK"
2026-04-26 22:54:08,459 INFO httpx — HTTP Request: POST http://localhost:11434/v1/chat/completions "HTTP/1.1 200 OK"
2026-04-26 22:54:23,897 INFO httpx — HTTP Request: POST http://localhost:11434/v1/chat/completions "HTTP/1.1 200 OK"
2026-04-26 22:54:37,485 INFO httpx — HTTP Request: POST http://localhost:11434/v1/chat/completions "HTTP/1.1 200 OK"
2026-04-26 22:54:51,682 INFO httpx — HTTP Request: POST http://localhost:11434/v1/chat/completions "HTTP/1.1 200 OK"
2026-04-26 22:55:06,252 INFO httpx — HTTP Request: POST http://localhost:11434/v1/chat/completions "HTTP/1.1 200 OK"
2026-04-26 22:55:15,394 INFO httpx — HTTP Request: POST http://localhost:11434/v1/chat/completions "HTTP/1.1 200 OK"
2026-04-26 22:55:36,667 INFO httpx — HTTP Request: POST http://localhost:11434/v1/chat/completions "HTTP/1.1 200 OK"
2026-04-26 22:55:57,721 INFO httpx — HTTP Request: POST http://localhost:11434/v1/chat/completions "HTTP/1.1 200 OK"
2026-04-26 22:56:20,989 INFO httpx — HTTP Request: POST http://localhost:11434/v1/chat/completions "HTTP/1.1 200 OK"
2026-04-26 22:56:38,796 INFO httpx — HTTP Request: POST http://localhost:11434/v1/chat/completions "HTTP/1.1 200 OK"
2026-04-26 22:56:55,350 INFO httpx — HTTP Request: POST http://localhost:11434/v1/chat/completions "HTTP/1.1 200 OK"
2026-04-26 22:57:08,949 INFO httpx — HTTP Request: POST http://localhost:11434/v1/chat/completions "HTTP/1.1 200 OK"
2026-04-26 22:57:30,248 INFO httpx — HTTP Request: POST http://localhost:11434/v1/chat/completions "HTTP/1.1 200 OK"
2026-04-26 22:57:51,466 INFO httpx — HTTP Request: POST http://localhost:11434/v1/chat/completions "HTTP/1.1 200 OK"
2026-04-26 22:58:04,610 INFO httpx — HTTP Request: POST http://localhost:11434/v1/chat/completions "HTTP/1.1 200 OK"
2026-04-26 22:58:24,154 INFO httpx — HTTP Request: POST http://localhost:11434/v1/chat/completions "HTTP/1.1 200 OK"
2026-04-26 22:58:39,377 INFO httpx — HTTP Request: POST http://localhost:11434/v1/chat/completions "HTTP/1.1 200 OK"
2026-04-26 22:58:51,211 INFO httpx — HTTP Request: POST http://localhost:11434/v1/chat/completions "HTTP/1.1 200 OK"
2026-04-26 22:59:12,677 INFO httpx — HTTP Request: POST http://localhost:11434/v1/chat/completions "HTTP/1.1 200 OK"
2026-04-26 22:59:28,754 INFO httpx — HTTP Request: POST http://localhost:11434/v1/chat/completions "HTTP/1.1 200 OK"
2026-04-26 22:59:46,758 INFO httpx — HTTP Request: POST http://localhost:11434/v1/chat/completions "HTTP/1.1 200 OK"
2026-04-26 23:00:13,927 INFO httpx — HTTP Request: POST http://localhost:11434/v1/chat/completions "HTTP/1.1 200 OK"
2026-04-26 23:00:28,118 INFO httpx — HTTP Request: POST http://localhost:11434/v1/chat/completions "HTTP/1.1 200 OK"
2026-04-26 23:00:42,583 INFO httpx — HTTP Request: POST http://localhost:11434/v1/chat/completions "HTTP/1.1 200 OK"
2026-04-26 23:00:58,478 INFO httpx — HTTP Request: POST http://localhost:11434/v1/chat/completions "HTTP/1.1 200 OK"
2026-04-26 23:01:11,554 INFO httpx — HTTP Request: POST http://localhost:11434/v1/chat/completions "HTTP/1.1 200 OK"
2026-04-26 23:01:21,684 INFO httpx — HTTP Request: POST http://localhost:11434/v1/chat/completions "HTTP/1.1 200 OK"
2026-04-26 23:01:35,105 INFO httpx — HTTP Request: POST http://localhost:11434/v1/chat/completions "HTTP/1.1 200 OK"
2026-04-26 23:01:45,500 INFO httpx — HTTP Request: POST http://localhost:11434/v1/chat/completions "HTTP/1.1 200 OK"
2026-04-26 23:01:56,224 INFO httpx — HTTP Request: POST http://localhost:11434/v1/chat/completions "HTTP/1.1 200 OK"
2026-04-26 23:02:10,694 INFO httpx — HTTP Request: POST http://localhost:11434/v1/chat/completions "HTTP/1.1 200 OK"
2026-04-26 23:02:24,515 INFO httpx — HTTP Request: POST http://localhost:11434/v1/chat/completions "HTTP/1.1 200 OK"
2026-04-26 23:02:39,022 INFO httpx — HTTP Request: POST http://localhost:11434/v1/chat/completions "HTTP/1.1 200 OK"
2026-04-26 23:02:55,047 INFO httpx — HTTP Request: POST http://localhost:11434/v1/chat/completions "HTTP/1.1 200 OK"
2026-04-26 23:03:03,610 INFO __main__ — Condition ic_stateful_local: completed 4/5 (attempt 4, replacements: 0)
2026-04-26 23:03:07,969 INFO httpx — HTTP Request: POST http://localhost:11434/v1/chat/completions "HTTP/1.1 200 OK"
2026-04-26 23:03:16,842 INFO httpx — HTTP Request: POST http://localhost:11434/v1/chat/completions "HTTP/1.1 200 OK"
2026-04-26 23:03:29,911 INFO httpx — HTTP Request: POST http://localhost:11434/v1/chat/completions "HTTP/1.1 200 OK"
2026-04-26 23:03:41,715 INFO httpx — HTTP Request: POST http://localhost:11434/v1/chat/completions "HTTP/1.1 200 OK"
2026-04-26 23:03:52,570 INFO httpx — HTTP Request: POST http://localhost:11434/v1/chat/completions "HTTP/1.1 200 OK"
2026-04-26 23:04:09,138 INFO httpx — HTTP Request: POST http://localhost:11434/v1/chat/completions "HTTP/1.1 200 OK"
2026-04-26 23:04:24,317 INFO httpx — HTTP Request: POST http://localhost:11434/v1/chat/completions "HTTP/1.1 200 OK"
2026-04-26 23:04:35,776 INFO httpx — HTTP Request: POST http://localhost:11434/v1/chat/completions "HTTP/1.1 200 OK"
2026-04-26 23:04:59,065 INFO httpx — HTTP Request: POST http://localhost:11434/v1/chat/completions "HTTP/1.1 200 OK"
2026-04-26 23:05:11,039 INFO httpx — HTTP Request: POST http://localhost:11434/v1/chat/completions "HTTP/1.1 200 OK"
2026-04-26 23:05:34,997 INFO httpx — HTTP Request: POST http://localhost:11434/v1/chat/completions "HTTP/1.1 200 OK"
2026-04-26 23:06:01,996 INFO httpx — HTTP Request: POST http://localhost:11434/v1/chat/completions "HTTP/1.1 200 OK"
2026-04-26 23:06:18,541 INFO httpx — HTTP Request: POST http://localhost:11434/v1/chat/completions "HTTP/1.1 200 OK"
2026-04-26 23:06:31,240 INFO httpx — HTTP Request: POST http://localhost:11434/v1/chat/completions "HTTP/1.1 200 OK"
2026-04-26 23:06:56,283 INFO httpx — HTTP Request: POST http://localhost:11434/v1/chat/completions "HTTP/1.1 200 OK"
2026-04-26 23:07:13,399 INFO httpx — HTTP Request: POST http://localhost:11434/v1/chat/completions "HTTP/1.1 200 OK"
2026-04-26 23:07:28,881 INFO httpx — HTTP Request: POST http://localhost:11434/v1/chat/completions "HTTP/1.1 200 OK"
2026-04-26 23:07:41,978 INFO httpx — HTTP Request: POST http://localhost:11434/v1/chat/completions "HTTP/1.1 200 OK"
2026-04-26 23:08:00,279 INFO httpx — HTTP Request: POST http://localhost:11434/v1/chat/completions "HTTP/1.1 200 OK"
2026-04-26 23:08:10,106 INFO httpx — HTTP Request: POST http://localhost:11434/v1/chat/completions "HTTP/1.1 200 OK"
2026-04-26 23:08:30,010 INFO httpx — HTTP Request: POST http://localhost:11434/v1/chat/completions "HTTP/1.1 200 OK"
2026-04-26 23:08:46,080 INFO httpx — HTTP Request: POST http://localhost:11434/v1/chat/completions "HTTP/1.1 200 OK"
2026-04-26 23:08:59,804 INFO httpx — HTTP Request: POST http://localhost:11434/v1/chat/completions "HTTP/1.1 200 OK"
2026-04-26 23:09:20,574 INFO httpx — HTTP Request: POST http://localhost:11434/v1/chat/completions "HTTP/1.1 200 OK"
2026-04-26 23:09:43,890 INFO httpx — HTTP Request: POST http://localhost:11434/v1/chat/completions "HTTP/1.1 200 OK"
2026-04-26 23:09:57,785 INFO httpx — HTTP Request: POST http://localhost:11434/v1/chat/completions "HTTP/1.1 200 OK"
2026-04-26 23:10:11,840 INFO httpx — HTTP Request: POST http://localhost:11434/v1/chat/completions "HTTP/1.1 200 OK"
2026-04-26 23:10:25,869 INFO httpx — HTTP Request: POST http://localhost:11434/v1/chat/completions "HTTP/1.1 200 OK"
2026-04-26 23:10:36,546 INFO httpx — HTTP Request: POST http://localhost:11434/v1/chat/completions "HTTP/1.1 200 OK"
2026-04-26 23:10:53,840 INFO httpx — HTTP Request: POST http://localhost:11434/v1/chat/completions "HTTP/1.1 200 OK"
2026-04-26 23:11:06,372 INFO httpx — HTTP Request: POST http://localhost:11434/v1/chat/completions "HTTP/1.1 200 OK"
2026-04-26 23:11:21,038 INFO httpx — HTTP Request: POST http://localhost:11434/v1/chat/completions "HTTP/1.1 200 OK"
2026-04-26 23:11:38,615 INFO httpx — HTTP Request: POST http://localhost:11434/v1/chat/completions "HTTP/1.1 200 OK"
2026-04-26 23:11:50,991 INFO httpx — HTTP Request: POST http://localhost:11434/v1/chat/completions "HTTP/1.1 200 OK"
2026-04-26 23:12:08,955 INFO httpx — HTTP Request: POST http://localhost:11434/v1/chat/completions "HTTP/1.1 200 OK"
2026-04-26 23:12:26,881 INFO httpx — HTTP Request: POST http://localhost:11434/v1/chat/completions "HTTP/1.1 200 OK"
2026-04-26 23:12:39,338 INFO httpx — HTTP Request: POST http://localhost:11434/v1/chat/completions "HTTP/1.1 200 OK"
2026-04-26 23:12:53,051 INFO httpx — HTTP Request: POST http://localhost:11434/v1/chat/completions "HTTP/1.1 200 OK"
2026-04-26 23:13:18,956 INFO httpx — HTTP Request: POST http://localhost:11434/v1/chat/completions "HTTP/1.1 200 OK"
2026-04-26 23:13:35,007 INFO httpx — HTTP Request: POST http://localhost:11434/v1/chat/completions "HTTP/1.1 200 OK"
2026-04-26 23:13:48,371 INFO httpx — HTTP Request: POST http://localhost:11434/v1/chat/completions "HTTP/1.1 200 OK"
2026-04-26 23:14:14,219 INFO httpx — HTTP Request: POST http://localhost:11434/v1/chat/completions "HTTP/1.1 200 OK"
2026-04-26 23:14:27,449 INFO httpx — HTTP Request: POST http://localhost:11434/v1/chat/completions "HTTP/1.1 200 OK"
2026-04-26 23:14:36,855 INFO httpx — HTTP Request: POST http://localhost:11434/v1/chat/completions "HTTP/1.1 200 OK"
2026-04-26 23:14:52,715 INFO httpx — HTTP Request: POST http://localhost:11434/v1/chat/completions "HTTP/1.1 200 OK"
2026-04-26 23:15:08,562 INFO httpx — HTTP Request: POST http://localhost:11434/v1/chat/completions "HTTP/1.1 200 OK"
2026-04-26 23:15:27,337 INFO httpx — HTTP Request: POST http://localhost:11434/v1/chat/completions "HTTP/1.1 200 OK"
2026-04-26 23:15:59,203 INFO httpx — HTTP Request: POST http://localhost:11434/v1/chat/completions "HTTP/1.1 200 OK"
2026-04-26 23:16:14,234 INFO httpx — HTTP Request: POST http://localhost:11434/v1/chat/completions "HTTP/1.1 200 OK"
2026-04-26 23:16:26,648 INFO httpx — HTTP Request: POST http://localhost:11434/v1/chat/completions "HTTP/1.1 200 OK"
2026-04-26 23:16:47,562 INFO httpx — HTTP Request: POST http://localhost:11434/v1/chat/completions "HTTP/1.1 200 OK"
2026-04-26 23:17:02,425 INFO httpx — HTTP Request: POST http://localhost:11434/v1/chat/completions "HTTP/1.1 200 OK"
2026-04-26 23:17:17,891 INFO httpx — HTTP Request: POST http://localhost:11434/v1/chat/completions "HTTP/1.1 200 OK"
2026-04-26 23:17:36,890 INFO httpx — HTTP Request: POST http://localhost:11434/v1/chat/completions "HTTP/1.1 200 OK"
2026-04-26 23:17:51,294 INFO httpx — HTTP Request: POST http://localhost:11434/v1/chat/completions "HTTP/1.1 200 OK"
2026-04-26 23:18:00,861 INFO httpx — HTTP Request: POST http://localhost:11434/v1/chat/completions "HTTP/1.1 200 OK"
2026-04-26 23:18:21,276 INFO httpx — HTTP Request: POST http://localhost:11434/v1/chat/completions "HTTP/1.1 200 OK"
2026-04-26 23:18:40,230 INFO httpx — HTTP Request: POST http://localhost:11434/v1/chat/completions "HTTP/1.1 200 OK"
2026-04-26 23:18:50,693 INFO httpx — HTTP Request: POST http://localhost:11434/v1/chat/completions "HTTP/1.1 200 OK"
2026-04-26 23:19:08,478 INFO httpx — HTTP Request: POST http://localhost:11434/v1/chat/completions "HTTP/1.1 200 OK"
2026-04-26 23:19:26,682 INFO httpx — HTTP Request: POST http://localhost:11434/v1/chat/completions "HTTP/1.1 200 OK"
2026-04-26 23:19:38,424 INFO httpx — HTTP Request: POST http://localhost:11434/v1/chat/completions "HTTP/1.1 200 OK"
2026-04-26 23:19:55,739 INFO httpx — HTTP Request: POST http://localhost:11434/v1/chat/completions "HTTP/1.1 200 OK"
2026-04-26 23:20:09,224 INFO httpx — HTTP Request: POST http://localhost:11434/v1/chat/completions "HTTP/1.1 200 OK"
2026-04-26 23:20:22,151 INFO httpx — HTTP Request: POST http://localhost:11434/v1/chat/completions "HTTP/1.1 200 OK"
2026-04-26 23:20:38,829 INFO httpx — HTTP Request: POST http://localhost:11434/v1/chat/completions "HTTP/1.1 200 OK"
2026-04-26 23:20:49,765 INFO httpx — HTTP Request: POST http://localhost:11434/v1/chat/completions "HTTP/1.1 200 OK"
2026-04-26 23:21:00,403 INFO httpx — HTTP Request: POST http://localhost:11434/v1/chat/completions "HTTP/1.1 200 OK"
2026-04-26 23:21:15,916 INFO httpx — HTTP Request: POST http://localhost:11434/v1/chat/completions "HTTP/1.1 200 OK"
2026-04-26 23:21:35,691 INFO httpx — HTTP Request: POST http://localhost:11434/v1/chat/completions "HTTP/1.1 200 OK"
2026-04-26 23:21:48,794 INFO httpx — HTTP Request: POST http://localhost:11434/v1/chat/completions "HTTP/1.1 200 OK"
2026-04-26 23:22:09,443 INFO httpx — HTTP Request: POST http://localhost:11434/v1/chat/completions "HTTP/1.1 200 OK"
2026-04-26 23:22:20,339 INFO __main__ — Condition ic_stateful_local: completed 5/5 (attempt 5, replacements: 0)
2026-04-26 23:22:20,356 INFO __main__ — Condition ic_stateful_local: finished — 5 valid runs in 5 attempts (0 replacement(s))
2026-04-26 23:22:20,364 INFO __main__ — Checkpoint written (375 records)
2026-04-26 23:22:20,364 INFO __main__ — Running condition: ic_stateful_local_phi
2026-04-26 23:22:24,753 INFO httpx — HTTP Request: POST http://localhost:11434/v1/chat/completions "HTTP/1.1 200 OK"
2026-04-26 23:22:28,483 INFO httpx — HTTP Request: POST http://localhost:11434/v1/chat/completions "HTTP/1.1 200 OK"
2026-04-26 23:22:32,549 INFO httpx — HTTP Request: POST http://localhost:11434/v1/chat/completions "HTTP/1.1 200 OK"
2026-04-26 23:22:36,611 INFO httpx — HTTP Request: POST http://localhost:11434/v1/chat/completions "HTTP/1.1 200 OK"
2026-04-26 23:22:40,869 INFO httpx — HTTP Request: POST http://localhost:11434/v1/chat/completions "HTTP/1.1 200 OK"
2026-04-26 23:22:45,684 INFO httpx — HTTP Request: POST http://localhost:11434/v1/chat/completions "HTTP/1.1 200 OK"
2026-04-26 23:22:50,948 INFO httpx — HTTP Request: POST http://localhost:11434/v1/chat/completions "HTTP/1.1 200 OK"
2026-04-26 23:22:54,973 INFO httpx — HTTP Request: POST http://localhost:11434/v1/chat/completions "HTTP/1.1 200 OK"
2026-04-26 23:22:59,584 INFO httpx — HTTP Request: POST http://localhost:11434/v1/chat/completions "HTTP/1.1 200 OK"
2026-04-26 23:23:03,548 INFO httpx — HTTP Request: POST http://localhost:11434/v1/chat/completions "HTTP/1.1 200 OK"
2026-04-26 23:23:08,513 INFO httpx — HTTP Request: POST http://localhost:11434/v1/chat/completions "HTTP/1.1 200 OK"
2026-04-26 23:23:12,271 INFO httpx — HTTP Request: POST http://localhost:11434/v1/chat/completions "HTTP/1.1 200 OK"
2026-04-26 23:23:16,337 INFO httpx — HTTP Request: POST http://localhost:11434/v1/chat/completions "HTTP/1.1 200 OK"
2026-04-26 23:23:20,217 INFO httpx — HTTP Request: POST http://localhost:11434/v1/chat/completions "HTTP/1.1 200 OK"
2026-04-26 23:23:25,027 INFO httpx — HTTP Request: POST http://localhost:11434/v1/chat/completions "HTTP/1.1 200 OK"
2026-04-26 23:23:29,905 INFO httpx — HTTP Request: POST http://localhost:11434/v1/chat/completions "HTTP/1.1 200 OK"
2026-04-26 23:23:33,950 INFO httpx — HTTP Request: POST http://localhost:11434/v1/chat/completions "HTTP/1.1 200 OK"
2026-04-26 23:23:38,613 INFO httpx — HTTP Request: POST http://localhost:11434/v1/chat/completions "HTTP/1.1 200 OK"
2026-04-26 23:23:44,789 INFO httpx — HTTP Request: POST http://localhost:11434/v1/chat/completions "HTTP/1.1 200 OK"
2026-04-26 23:23:49,364 INFO httpx — HTTP Request: POST http://localhost:11434/v1/chat/completions "HTTP/1.1 200 OK"
2026-04-26 23:23:53,333 INFO httpx — HTTP Request: POST http://localhost:11434/v1/chat/completions "HTTP/1.1 200 OK"
2026-04-26 23:23:57,956 INFO httpx — HTTP Request: POST http://localhost:11434/v1/chat/completions "HTTP/1.1 200 OK"
2026-04-26 23:24:02,625 INFO httpx — HTTP Request: POST http://localhost:11434/v1/chat/completions "HTTP/1.1 200 OK"
2026-04-26 23:24:07,326 INFO httpx — HTTP Request: POST http://localhost:11434/v1/chat/completions "HTTP/1.1 200 OK"
2026-04-26 23:24:12,864 INFO httpx — HTTP Request: POST http://localhost:11434/v1/chat/completions "HTTP/1.1 200 OK"
2026-04-26 23:24:17,171 INFO httpx — HTTP Request: POST http://localhost:11434/v1/chat/completions "HTTP/1.1 200 OK"
2026-04-26 23:24:21,812 INFO httpx — HTTP Request: POST http://localhost:11434/v1/chat/completions "HTTP/1.1 200 OK"
2026-04-26 23:24:27,475 INFO httpx — HTTP Request: POST http://localhost:11434/v1/chat/completions "HTTP/1.1 200 OK"
2026-04-26 23:24:32,302 INFO httpx — HTTP Request: POST http://localhost:11434/v1/chat/completions "HTTP/1.1 200 OK"
2026-04-26 23:24:37,287 INFO httpx — HTTP Request: POST http://localhost:11434/v1/chat/completions "HTTP/1.1 200 OK"
2026-04-26 23:24:41,807 INFO httpx — HTTP Request: POST http://localhost:11434/v1/chat/completions "HTTP/1.1 200 OK"
2026-04-26 23:24:46,011 INFO httpx — HTTP Request: POST http://localhost:11434/v1/chat/completions "HTTP/1.1 200 OK"
2026-04-26 23:24:54,534 INFO httpx — HTTP Request: POST http://localhost:11434/v1/chat/completions "HTTP/1.1 200 OK"
2026-04-26 23:24:59,246 INFO httpx — HTTP Request: POST http://localhost:11434/v1/chat/completions "HTTP/1.1 200 OK"
2026-04-26 23:25:03,205 INFO httpx — HTTP Request: POST http://localhost:11434/v1/chat/completions "HTTP/1.1 200 OK"
2026-04-26 23:25:07,946 INFO httpx — HTTP Request: POST http://localhost:11434/v1/chat/completions "HTTP/1.1 200 OK"
2026-04-26 23:25:12,304 INFO httpx — HTTP Request: POST http://localhost:11434/v1/chat/completions "HTTP/1.1 200 OK"
2026-04-26 23:25:16,746 INFO httpx — HTTP Request: POST http://localhost:11434/v1/chat/completions "HTTP/1.1 200 OK"
2026-04-26 23:25:20,426 INFO httpx — HTTP Request: POST http://localhost:11434/v1/chat/completions "HTTP/1.1 200 OK"
2026-04-26 23:25:24,099 INFO httpx — HTTP Request: POST http://localhost:11434/v1/chat/completions "HTTP/1.1 200 OK"
2026-04-26 23:25:28,294 INFO httpx — HTTP Request: POST http://localhost:11434/v1/chat/completions "HTTP/1.1 200 OK"
2026-04-26 23:25:32,678 INFO httpx — HTTP Request: POST http://localhost:11434/v1/chat/completions "HTTP/1.1 200 OK"
2026-04-26 23:25:37,360 INFO httpx — HTTP Request: POST http://localhost:11434/v1/chat/completions "HTTP/1.1 200 OK"
2026-04-26 23:25:41,620 INFO httpx — HTTP Request: POST http://localhost:11434/v1/chat/completions "HTTP/1.1 200 OK"
2026-04-26 23:25:46,872 INFO httpx — HTTP Request: POST http://localhost:11434/v1/chat/completions "HTTP/1.1 200 OK"
2026-04-26 23:25:53,757 INFO httpx — HTTP Request: POST http://localhost:11434/v1/chat/completions "HTTP/1.1 200 OK"
2026-04-26 23:25:58,435 INFO httpx — HTTP Request: POST http://localhost:11434/v1/chat/completions "HTTP/1.1 200 OK"
2026-04-26 23:26:03,595 INFO httpx — HTTP Request: POST http://localhost:11434/v1/chat/completions "HTTP/1.1 200 OK"
2026-04-26 23:26:08,481 INFO httpx — HTTP Request: POST http://localhost:11434/v1/chat/completions "HTTP/1.1 200 OK"
2026-04-26 23:26:12,761 INFO httpx — HTTP Request: POST http://localhost:11434/v1/chat/completions "HTTP/1.1 200 OK"
2026-04-26 23:26:18,560 INFO httpx — HTTP Request: POST http://localhost:11434/v1/chat/completions "HTTP/1.1 200 OK"
2026-04-26 23:26:23,909 INFO httpx — HTTP Request: POST http://localhost:11434/v1/chat/completions "HTTP/1.1 200 OK"
2026-04-26 23:26:28,627 INFO httpx — HTTP Request: POST http://localhost:11434/v1/chat/completions "HTTP/1.1 200 OK"
2026-04-26 23:26:34,149 INFO httpx — HTTP Request: POST http://localhost:11434/v1/chat/completions "HTTP/1.1 200 OK"
2026-04-26 23:26:38,957 INFO httpx — HTTP Request: POST http://localhost:11434/v1/chat/completions "HTTP/1.1 200 OK"
2026-04-26 23:26:42,977 INFO httpx — HTTP Request: POST http://localhost:11434/v1/chat/completions "HTTP/1.1 200 OK"
2026-04-26 23:26:47,648 INFO httpx — HTTP Request: POST http://localhost:11434/v1/chat/completions "HTTP/1.1 200 OK"
2026-04-26 23:26:52,417 INFO httpx — HTTP Request: POST http://localhost:11434/v1/chat/completions "HTTP/1.1 200 OK"
2026-04-26 23:26:56,169 INFO httpx — HTTP Request: POST http://localhost:11434/v1/chat/completions "HTTP/1.1 200 OK"
2026-04-26 23:27:00,996 INFO httpx — HTTP Request: POST http://localhost:11434/v1/chat/completions "HTTP/1.1 200 OK"
2026-04-26 23:27:04,533 INFO httpx — HTTP Request: POST http://localhost:11434/v1/chat/completions "HTTP/1.1 200 OK"
2026-04-26 23:27:09,072 INFO httpx — HTTP Request: POST http://localhost:11434/v1/chat/completions "HTTP/1.1 200 OK"
2026-04-26 23:27:13,651 INFO httpx — HTTP Request: POST http://localhost:11434/v1/chat/completions "HTTP/1.1 200 OK"
2026-04-26 23:27:17,932 INFO httpx — HTTP Request: POST http://localhost:11434/v1/chat/completions "HTTP/1.1 200 OK"
2026-04-26 23:27:22,937 INFO httpx — HTTP Request: POST http://localhost:11434/v1/chat/completions "HTTP/1.1 200 OK"
2026-04-26 23:27:27,623 INFO httpx — HTTP Request: POST http://localhost:11434/v1/chat/completions "HTTP/1.1 200 OK"
2026-04-26 23:27:32,365 INFO httpx — HTTP Request: POST http://localhost:11434/v1/chat/completions "HTTP/1.1 200 OK"
2026-04-26 23:27:36,512 INFO httpx — HTTP Request: POST http://localhost:11434/v1/chat/completions "HTTP/1.1 200 OK"
2026-04-26 23:27:40,914 INFO httpx — HTTP Request: POST http://localhost:11434/v1/chat/completions "HTTP/1.1 200 OK"
2026-04-26 23:27:45,628 INFO httpx — HTTP Request: POST http://localhost:11434/v1/chat/completions "HTTP/1.1 200 OK"
2026-04-26 23:27:49,452 INFO httpx — HTTP Request: POST http://localhost:11434/v1/chat/completions "HTTP/1.1 200 OK"
2026-04-26 23:27:54,610 INFO httpx — HTTP Request: POST http://localhost:11434/v1/chat/completions "HTTP/1.1 200 OK"
2026-04-26 23:27:58,117 INFO __main__ — Condition ic_stateful_local_phi: completed 1/5 (attempt 1, replacements: 0)
2026-04-26 23:27:58,672 INFO httpx — HTTP Request: POST http://localhost:11434/v1/chat/completions "HTTP/1.1 200 OK"
2026-04-26 23:28:02,750 INFO httpx — HTTP Request: POST http://localhost:11434/v1/chat/completions "HTTP/1.1 200 OK"
2026-04-26 23:28:08,214 INFO httpx — HTTP Request: POST http://localhost:11434/v1/chat/completions "HTTP/1.1 200 OK"
2026-04-26 23:28:12,677 INFO httpx — HTTP Request: POST http://localhost:11434/v1/chat/completions "HTTP/1.1 200 OK"
2026-04-26 23:28:17,345 INFO httpx — HTTP Request: POST http://localhost:11434/v1/chat/completions "HTTP/1.1 200 OK"
2026-04-26 23:28:22,402 INFO httpx — HTTP Request: POST http://localhost:11434/v1/chat/completions "HTTP/1.1 200 OK"
2026-04-26 23:28:27,543 INFO httpx — HTTP Request: POST http://localhost:11434/v1/chat/completions "HTTP/1.1 200 OK"
2026-04-26 23:28:31,531 INFO httpx — HTTP Request: POST http://localhost:11434/v1/chat/completions "HTTP/1.1 200 OK"
2026-04-26 23:28:36,015 INFO httpx — HTTP Request: POST http://localhost:11434/v1/chat/completions "HTTP/1.1 200 OK"
2026-04-26 23:28:40,706 INFO httpx — HTTP Request: POST http://localhost:11434/v1/chat/completions "HTTP/1.1 200 OK"
2026-04-26 23:28:44,424 INFO httpx — HTTP Request: POST http://localhost:11434/v1/chat/completions "HTTP/1.1 200 OK"
2026-04-26 23:28:50,301 INFO httpx — HTTP Request: POST http://localhost:11434/v1/chat/completions "HTTP/1.1 200 OK"
2026-04-26 23:28:53,957 INFO httpx — HTTP Request: POST http://localhost:11434/v1/chat/completions "HTTP/1.1 200 OK"
2026-04-26 23:28:58,208 INFO httpx — HTTP Request: POST http://localhost:11434/v1/chat/completions "HTTP/1.1 200 OK"
2026-04-26 23:29:02,572 INFO httpx — HTTP Request: POST http://localhost:11434/v1/chat/completions "HTTP/1.1 200 OK"
2026-04-26 23:29:08,031 INFO httpx — HTTP Request: POST http://localhost:11434/v1/chat/completions "HTTP/1.1 200 OK"
2026-04-26 23:29:11,951 INFO httpx — HTTP Request: POST http://localhost:11434/v1/chat/completions "HTTP/1.1 200 OK"
2026-04-26 23:29:15,599 INFO httpx — HTTP Request: POST http://localhost:11434/v1/chat/completions "HTTP/1.1 200 OK"
2026-04-26 23:29:20,662 INFO httpx — HTTP Request: POST http://localhost:11434/v1/chat/completions "HTTP/1.1 200 OK"
2026-04-26 23:29:24,723 INFO httpx — HTTP Request: POST http://localhost:11434/v1/chat/completions "HTTP/1.1 200 OK"
2026-04-26 23:29:29,546 INFO httpx — HTTP Request: POST http://localhost:11434/v1/chat/completions "HTTP/1.1 200 OK"
2026-04-26 23:29:35,421 INFO httpx — HTTP Request: POST http://localhost:11434/v1/chat/completions "HTTP/1.1 200 OK"
2026-04-26 23:29:40,026 INFO httpx — HTTP Request: POST http://localhost:11434/v1/chat/completions "HTTP/1.1 200 OK"
2026-04-26 23:29:44,630 INFO httpx — HTTP Request: POST http://localhost:11434/v1/chat/completions "HTTP/1.1 200 OK"
2026-04-26 23:29:49,458 INFO httpx — HTTP Request: POST http://localhost:11434/v1/chat/completions "HTTP/1.1 200 OK"
2026-04-26 23:29:53,276 INFO httpx — HTTP Request: POST http://localhost:11434/v1/chat/completions "HTTP/1.1 200 OK"
2026-04-26 23:29:57,146 INFO httpx — HTTP Request: POST http://localhost:11434/v1/chat/completions "HTTP/1.1 200 OK"
2026-04-26 23:30:01,904 INFO httpx — HTTP Request: POST http://localhost:11434/v1/chat/completions "HTTP/1.1 200 OK"
2026-04-26 23:30:07,246 INFO httpx — HTTP Request: POST http://localhost:11434/v1/chat/completions "HTTP/1.1 200 OK"
2026-04-26 23:30:12,058 INFO httpx — HTTP Request: POST http://localhost:11434/v1/chat/completions "HTTP/1.1 200 OK"
2026-04-26 23:30:16,790 INFO httpx — HTTP Request: POST http://localhost:11434/v1/chat/completions "HTTP/1.1 200 OK"
2026-04-26 23:30:21,030 INFO httpx — HTTP Request: POST http://localhost:11434/v1/chat/completions "HTTP/1.1 200 OK"
2026-04-26 23:30:26,354 INFO httpx — HTTP Request: POST http://localhost:11434/v1/chat/completions "HTTP/1.1 200 OK"
2026-04-26 23:30:31,388 INFO httpx — HTTP Request: POST http://localhost:11434/v1/chat/completions "HTTP/1.1 200 OK"
2026-04-26 23:30:35,360 INFO httpx — HTTP Request: POST http://localhost:11434/v1/chat/completions "HTTP/1.1 200 OK"
2026-04-26 23:30:39,538 INFO httpx — HTTP Request: POST http://localhost:11434/v1/chat/completions "HTTP/1.1 200 OK"
2026-04-26 23:30:44,901 INFO httpx — HTTP Request: POST http://localhost:11434/v1/chat/completions "HTTP/1.1 200 OK"
2026-04-26 23:30:48,565 INFO httpx — HTTP Request: POST http://localhost:11434/v1/chat/completions "HTTP/1.1 200 OK"
2026-04-26 23:30:52,946 INFO httpx — HTTP Request: POST http://localhost:11434/v1/chat/completions "HTTP/1.1 200 OK"
2026-04-26 23:30:57,721 INFO httpx — HTTP Request: POST http://localhost:11434/v1/chat/completions "HTTP/1.1 200 OK"
2026-04-26 23:31:01,990 INFO httpx — HTTP Request: POST http://localhost:11434/v1/chat/completions "HTTP/1.1 200 OK"
2026-04-26 23:31:06,803 INFO httpx — HTTP Request: POST http://localhost:11434/v1/chat/completions "HTTP/1.1 200 OK"
2026-04-26 23:31:12,025 INFO httpx — HTTP Request: POST http://localhost:11434/v1/chat/completions "HTTP/1.1 200 OK"
2026-04-26 23:31:16,602 INFO httpx — HTTP Request: POST http://localhost:11434/v1/chat/completions "HTTP/1.1 200 OK"
2026-04-26 23:31:22,017 INFO httpx — HTTP Request: POST http://localhost:11434/v1/chat/completions "HTTP/1.1 200 OK"
2026-04-26 23:31:27,534 INFO httpx — HTTP Request: POST http://localhost:11434/v1/chat/completions "HTTP/1.1 200 OK"
2026-04-26 23:31:31,354 INFO httpx — HTTP Request: POST http://localhost:11434/v1/chat/completions "HTTP/1.1 200 OK"
2026-04-26 23:31:35,907 INFO httpx — HTTP Request: POST http://localhost:11434/v1/chat/completions "HTTP/1.1 200 OK"
2026-04-26 23:31:41,689 INFO httpx — HTTP Request: POST http://localhost:11434/v1/chat/completions "HTTP/1.1 200 OK"
2026-04-26 23:31:45,878 INFO httpx — HTTP Request: POST http://localhost:11434/v1/chat/completions "HTTP/1.1 200 OK"
2026-04-26 23:31:50,445 INFO httpx — HTTP Request: POST http://localhost:11434/v1/chat/completions "HTTP/1.1 200 OK"
2026-04-26 23:31:54,620 INFO httpx — HTTP Request: POST http://localhost:11434/v1/chat/completions "HTTP/1.1 200 OK"
2026-04-26 23:31:59,080 INFO httpx — HTTP Request: POST http://localhost:11434/v1/chat/completions "HTTP/1.1 200 OK"
2026-04-26 23:32:05,848 INFO httpx — HTTP Request: POST http://localhost:11434/v1/chat/completions "HTTP/1.1 200 OK"
2026-04-26 23:32:10,349 INFO httpx — HTTP Request: POST http://localhost:11434/v1/chat/completions "HTTP/1.1 200 OK"
2026-04-26 23:32:14,249 INFO httpx — HTTP Request: POST http://localhost:11434/v1/chat/completions "HTTP/1.1 200 OK"
2026-04-26 23:32:17,989 INFO httpx — HTTP Request: POST http://localhost:11434/v1/chat/completions "HTTP/1.1 200 OK"
2026-04-26 23:32:22,692 INFO httpx — HTTP Request: POST http://localhost:11434/v1/chat/completions "HTTP/1.1 200 OK"
2026-04-26 23:32:26,917 INFO httpx — HTTP Request: POST http://localhost:11434/v1/chat/completions "HTTP/1.1 200 OK"
2026-04-26 23:32:31,400 INFO httpx — HTTP Request: POST http://localhost:11434/v1/chat/completions "HTTP/1.1 200 OK"
2026-04-26 23:32:35,388 INFO httpx — HTTP Request: POST http://localhost:11434/v1/chat/completions "HTTP/1.1 200 OK"
2026-04-26 23:32:39,703 INFO httpx — HTTP Request: POST http://localhost:11434/v1/chat/completions "HTTP/1.1 200 OK"
2026-04-26 23:32:44,572 INFO httpx — HTTP Request: POST http://localhost:11434/v1/chat/completions "HTTP/1.1 200 OK"
2026-04-26 23:32:49,494 INFO httpx — HTTP Request: POST http://localhost:11434/v1/chat/completions "HTTP/1.1 200 OK"
2026-04-26 23:32:54,146 INFO httpx — HTTP Request: POST http://localhost:11434/v1/chat/completions "HTTP/1.1 200 OK"
2026-04-26 23:32:58,831 INFO httpx — HTTP Request: POST http://localhost:11434/v1/chat/completions "HTTP/1.1 200 OK"
2026-04-26 23:33:03,247 INFO httpx — HTTP Request: POST http://localhost:11434/v1/chat/completions "HTTP/1.1 200 OK"
2026-04-26 23:33:07,807 INFO httpx — HTTP Request: POST http://localhost:11434/v1/chat/completions "HTTP/1.1 200 OK"
2026-04-26 23:33:12,286 INFO httpx — HTTP Request: POST http://localhost:11434/v1/chat/completions "HTTP/1.1 200 OK"
2026-04-26 23:33:16,947 INFO httpx — HTTP Request: POST http://localhost:11434/v1/chat/completions "HTTP/1.1 200 OK"
2026-04-26 23:33:20,789 INFO httpx — HTTP Request: POST http://localhost:11434/v1/chat/completions "HTTP/1.1 200 OK"
2026-04-26 23:33:25,562 INFO httpx — HTTP Request: POST http://localhost:11434/v1/chat/completions "HTTP/1.1 200 OK"
2026-04-26 23:33:29,022 INFO __main__ — Condition ic_stateful_local_phi: completed 2/5 (attempt 2, replacements: 0)
2026-04-26 23:33:29,637 INFO httpx — HTTP Request: POST http://localhost:11434/v1/chat/completions "HTTP/1.1 200 OK"
2026-04-26 23:33:33,154 INFO httpx — HTTP Request: POST http://localhost:11434/v1/chat/completions "HTTP/1.1 200 OK"
2026-04-26 23:33:37,648 INFO httpx — HTTP Request: POST http://localhost:11434/v1/chat/completions "HTTP/1.1 200 OK"
2026-04-26 23:33:41,573 INFO httpx — HTTP Request: POST http://localhost:11434/v1/chat/completions "HTTP/1.1 200 OK"
2026-04-26 23:33:46,071 INFO httpx — HTTP Request: POST http://localhost:11434/v1/chat/completions "HTTP/1.1 200 OK"
2026-04-26 23:33:51,576 INFO httpx — HTTP Request: POST http://localhost:11434/v1/chat/completions "HTTP/1.1 200 OK"
2026-04-26 23:33:56,725 INFO httpx — HTTP Request: POST http://localhost:11434/v1/chat/completions "HTTP/1.1 200 OK"
2026-04-26 23:34:00,930 INFO httpx — HTTP Request: POST http://localhost:11434/v1/chat/completions "HTTP/1.1 200 OK"
2026-04-26 23:34:05,564 INFO httpx — HTTP Request: POST http://localhost:11434/v1/chat/completions "HTTP/1.1 200 OK"
2026-04-26 23:34:11,047 INFO httpx — HTTP Request: POST http://localhost:11434/v1/chat/completions "HTTP/1.1 200 OK"
2026-04-26 23:34:14,797 INFO httpx — HTTP Request: POST http://localhost:11434/v1/chat/completions "HTTP/1.1 200 OK"
2026-04-26 23:34:19,618 INFO httpx — HTTP Request: POST http://localhost:11434/v1/chat/completions "HTTP/1.1 200 OK"
2026-04-26 23:34:23,281 INFO httpx — HTTP Request: POST http://localhost:11434/v1/chat/completions "HTTP/1.1 200 OK"
2026-04-26 23:34:27,021 INFO httpx — HTTP Request: POST http://localhost:11434/v1/chat/completions "HTTP/1.1 200 OK"
2026-04-26 23:34:31,379 INFO httpx — HTTP Request: POST http://localhost:11434/v1/chat/completions "HTTP/1.1 200 OK"
2026-04-26 23:34:35,776 INFO httpx — HTTP Request: POST http://localhost:11434/v1/chat/completions "HTTP/1.1 200 OK"
2026-04-26 23:34:39,619 INFO httpx — HTTP Request: POST http://localhost:11434/v1/chat/completions "HTTP/1.1 200 OK"
2026-04-26 23:34:44,108 INFO httpx — HTTP Request: POST http://localhost:11434/v1/chat/completions "HTTP/1.1 200 OK"
2026-04-26 23:34:48,174 INFO httpx — HTTP Request: POST http://localhost:11434/v1/chat/completions "HTTP/1.1 200 OK"
2026-04-26 23:34:52,749 INFO httpx — HTTP Request: POST http://localhost:11434/v1/chat/completions "HTTP/1.1 200 OK"
2026-04-26 23:34:57,412 INFO httpx — HTTP Request: POST http://localhost:11434/v1/chat/completions "HTTP/1.1 200 OK"
2026-04-26 23:35:02,428 INFO httpx — HTTP Request: POST http://localhost:11434/v1/chat/completions "HTTP/1.1 200 OK"
2026-04-26 23:35:06,391 INFO httpx — HTTP Request: POST http://localhost:11434/v1/chat/completions "HTTP/1.1 200 OK"
2026-04-26 23:35:10,873 INFO httpx — HTTP Request: POST http://localhost:11434/v1/chat/completions "HTTP/1.1 200 OK"
2026-04-26 23:35:16,117 INFO httpx — HTTP Request: POST http://localhost:11434/v1/chat/completions "HTTP/1.1 200 OK"
2026-04-26 23:35:21,277 INFO httpx — HTTP Request: POST http://localhost:11434/v1/chat/completions "HTTP/1.1 200 OK"
2026-04-26 23:35:26,709 INFO httpx — HTTP Request: POST http://localhost:11434/v1/chat/completions "HTTP/1.1 200 OK"
2026-04-26 23:35:32,103 INFO httpx — HTTP Request: POST http://localhost:11434/v1/chat/completions "HTTP/1.1 200 OK"
2026-04-26 23:35:36,905 INFO httpx — HTTP Request: POST http://localhost:11434/v1/chat/completions "HTTP/1.1 200 OK"
2026-04-26 23:35:41,884 INFO httpx — HTTP Request: POST http://localhost:11434/v1/chat/completions "HTTP/1.1 200 OK"
2026-04-26 23:35:46,870 INFO httpx — HTTP Request: POST http://localhost:11434/v1/chat/completions "HTTP/1.1 200 OK"
2026-04-26 23:35:51,105 INFO httpx — HTTP Request: POST http://localhost:11434/v1/chat/completions "HTTP/1.1 200 OK"
2026-04-26 23:35:55,733 INFO httpx — HTTP Request: POST http://localhost:11434/v1/chat/completions "HTTP/1.1 200 OK"
2026-04-26 23:36:00,440 INFO httpx — HTTP Request: POST http://localhost:11434/v1/chat/completions "HTTP/1.1 200 OK"
2026-04-26 23:36:04,359 INFO httpx — HTTP Request: POST http://localhost:11434/v1/chat/completions "HTTP/1.1 200 OK"
2026-04-26 23:36:08,513 INFO httpx — HTTP Request: POST http://localhost:11434/v1/chat/completions "HTTP/1.1 200 OK"
2026-04-26 23:36:13,459 INFO httpx — HTTP Request: POST http://localhost:11434/v1/chat/completions "HTTP/1.1 200 OK"
2026-04-26 23:36:17,231 INFO httpx — HTTP Request: POST http://localhost:11434/v1/chat/completions "HTTP/1.1 200 OK"
2026-04-26 23:36:21,816 INFO httpx — HTTP Request: POST http://localhost:11434/v1/chat/completions "HTTP/1.1 200 OK"
2026-04-26 23:36:26,314 INFO httpx — HTTP Request: POST http://localhost:11434/v1/chat/completions "HTTP/1.1 200 OK"
2026-04-26 23:36:30,507 INFO httpx — HTTP Request: POST http://localhost:11434/v1/chat/completions "HTTP/1.1 200 OK"
2026-04-26 23:36:35,191 INFO httpx — HTTP Request: POST http://localhost:11434/v1/chat/completions "HTTP/1.1 200 OK"
2026-04-26 23:36:40,271 INFO httpx — HTTP Request: POST http://localhost:11434/v1/chat/completions "HTTP/1.1 200 OK"
2026-04-26 23:36:44,438 INFO httpx — HTTP Request: POST http://localhost:11434/v1/chat/completions "HTTP/1.1 200 OK"
2026-04-26 23:36:50,282 INFO httpx — HTTP Request: POST http://localhost:11434/v1/chat/completions "HTTP/1.1 200 OK"
2026-04-26 23:36:55,448 INFO httpx — HTTP Request: POST http://localhost:11434/v1/chat/completions "HTTP/1.1 200 OK"
2026-04-26 23:36:59,374 INFO httpx — HTTP Request: POST http://localhost:11434/v1/chat/completions "HTTP/1.1 200 OK"
2026-04-26 23:37:04,045 INFO httpx — HTTP Request: POST http://localhost:11434/v1/chat/completions "HTTP/1.1 200 OK"
2026-04-26 23:37:08,435 INFO httpx — HTTP Request: POST http://localhost:11434/v1/chat/completions "HTTP/1.1 200 OK"
2026-04-26 23:37:12,592 INFO httpx — HTTP Request: POST http://localhost:11434/v1/chat/completions "HTTP/1.1 200 OK"
2026-04-26 23:37:16,733 INFO httpx — HTTP Request: POST http://localhost:11434/v1/chat/completions "HTTP/1.1 200 OK"
2026-04-26 23:37:21,448 INFO httpx — HTTP Request: POST http://localhost:11434/v1/chat/completions "HTTP/1.1 200 OK"
2026-04-26 23:37:25,751 INFO httpx — HTTP Request: POST http://localhost:11434/v1/chat/completions "HTTP/1.1 200 OK"
2026-04-26 23:37:30,540 INFO httpx — HTTP Request: POST http://localhost:11434/v1/chat/completions "HTTP/1.1 200 OK"
2026-04-26 23:37:34,815 INFO httpx — HTTP Request: POST http://localhost:11434/v1/chat/completions "HTTP/1.1 200 OK"
2026-04-26 23:37:39,295 INFO httpx — HTTP Request: POST http://localhost:11434/v1/chat/completions "HTTP/1.1 200 OK"
2026-04-26 23:37:44,332 INFO httpx — HTTP Request: POST http://localhost:11434/v1/chat/completions "HTTP/1.1 200 OK"
2026-04-26 23:37:49,127 INFO httpx — HTTP Request: POST http://localhost:11434/v1/chat/completions "HTTP/1.1 200 OK"
2026-04-26 23:37:53,076 INFO httpx — HTTP Request: POST http://localhost:11434/v1/chat/completions "HTTP/1.1 200 OK"
2026-04-26 23:37:56,744 INFO httpx — HTTP Request: POST http://localhost:11434/v1/chat/completions "HTTP/1.1 200 OK"
2026-04-26 23:38:01,879 INFO httpx — HTTP Request: POST http://localhost:11434/v1/chat/completions "HTTP/1.1 200 OK"
2026-04-26 23:38:05,969 INFO httpx — HTTP Request: POST http://localhost:11434/v1/chat/completions "HTTP/1.1 200 OK"
2026-04-26 23:38:10,370 INFO httpx — HTTP Request: POST http://localhost:11434/v1/chat/completions "HTTP/1.1 200 OK"
2026-04-26 23:38:15,731 INFO httpx — HTTP Request: POST http://localhost:11434/v1/chat/completions "HTTP/1.1 200 OK"
2026-04-26 23:38:20,573 INFO httpx — HTTP Request: POST http://localhost:11434/v1/chat/completions "HTTP/1.1 200 OK"
2026-04-26 23:38:26,021 INFO httpx — HTTP Request: POST http://localhost:11434/v1/chat/completions "HTTP/1.1 200 OK"
2026-04-26 23:38:31,610 INFO httpx — HTTP Request: POST http://localhost:11434/v1/chat/completions "HTTP/1.1 200 OK"
2026-04-26 23:38:35,666 INFO httpx — HTTP Request: POST http://localhost:11434/v1/chat/completions "HTTP/1.1 200 OK"
2026-04-26 23:38:40,117 INFO httpx — HTTP Request: POST http://localhost:11434/v1/chat/completions "HTTP/1.1 200 OK"
2026-04-26 23:38:44,878 INFO httpx — HTTP Request: POST http://localhost:11434/v1/chat/completions "HTTP/1.1 200 OK"
2026-04-26 23:38:49,553 INFO httpx — HTTP Request: POST http://localhost:11434/v1/chat/completions "HTTP/1.1 200 OK"
2026-04-26 23:38:54,359 INFO httpx — HTTP Request: POST http://localhost:11434/v1/chat/completions "HTTP/1.1 200 OK"
2026-04-26 23:38:58,011 INFO __main__ — Condition ic_stateful_local_phi: completed 3/5 (attempt 3, replacements: 0)
2026-04-26 23:38:58,569 INFO httpx — HTTP Request: POST http://localhost:11434/v1/chat/completions "HTTP/1.1 200 OK"
2026-04-26 23:39:02,278 INFO httpx — HTTP Request: POST http://localhost:11434/v1/chat/completions "HTTP/1.1 200 OK"
2026-04-26 23:39:08,293 INFO httpx — HTTP Request: POST http://localhost:11434/v1/chat/completions "HTTP/1.1 200 OK"
2026-04-26 23:39:11,846 INFO httpx — HTTP Request: POST http://localhost:11434/v1/chat/completions "HTTP/1.1 200 OK"
2026-04-26 23:39:16,394 INFO httpx — HTTP Request: POST http://localhost:11434/v1/chat/completions "HTTP/1.1 200 OK"
2026-04-26 23:39:20,825 INFO httpx — HTTP Request: POST http://localhost:11434/v1/chat/completions "HTTP/1.1 200 OK"
2026-04-26 23:39:26,597 INFO httpx — HTTP Request: POST http://localhost:11434/v1/chat/completions "HTTP/1.1 200 OK"
2026-04-26 23:39:30,664 INFO httpx — HTTP Request: POST http://localhost:11434/v1/chat/completions "HTTP/1.1 200 OK"
2026-04-26 23:39:35,741 INFO httpx — HTTP Request: POST http://localhost:11434/v1/chat/completions "HTTP/1.1 200 OK"
2026-04-26 23:39:39,925 INFO httpx — HTTP Request: POST http://localhost:11434/v1/chat/completions "HTTP/1.1 200 OK"
2026-04-26 23:39:44,160 INFO httpx — HTTP Request: POST http://localhost:11434/v1/chat/completions "HTTP/1.1 200 OK"
2026-04-26 23:39:49,851 INFO httpx — HTTP Request: POST http://localhost:11434/v1/chat/completions "HTTP/1.1 200 OK"
2026-04-26 23:39:53,479 INFO httpx — HTTP Request: POST http://localhost:11434/v1/chat/completions "HTTP/1.1 200 OK"
2026-04-26 23:39:57,675 INFO httpx — HTTP Request: POST http://localhost:11434/v1/chat/completions "HTTP/1.1 200 OK"
2026-04-26 23:40:03,386 INFO httpx — HTTP Request: POST http://localhost:11434/v1/chat/completions "HTTP/1.1 200 OK"
2026-04-26 23:40:08,321 INFO httpx — HTTP Request: POST http://localhost:11434/v1/chat/completions "HTTP/1.1 200 OK"
2026-04-26 23:40:12,138 INFO httpx — HTTP Request: POST http://localhost:11434/v1/chat/completions "HTTP/1.1 200 OK"
2026-04-26 23:40:16,523 INFO httpx — HTTP Request: POST http://localhost:11434/v1/chat/completions "HTTP/1.1 200 OK"
2026-04-26 23:40:21,443 INFO httpx — HTTP Request: POST http://localhost:11434/v1/chat/completions "HTTP/1.1 200 OK"
2026-04-26 23:40:26,050 INFO httpx — HTTP Request: POST http://localhost:11434/v1/chat/completions "HTTP/1.1 200 OK"
2026-04-26 23:40:29,992 INFO httpx — HTTP Request: POST http://localhost:11434/v1/chat/completions "HTTP/1.1 200 OK"
2026-04-26 23:40:35,585 INFO httpx — HTTP Request: POST http://localhost:11434/v1/chat/completions "HTTP/1.1 200 OK"
2026-04-26 23:40:39,650 INFO httpx — HTTP Request: POST http://localhost:11434/v1/chat/completions "HTTP/1.1 200 OK"
2026-04-26 23:40:44,287 INFO httpx — HTTP Request: POST http://localhost:11434/v1/chat/completions "HTTP/1.1 200 OK"
2026-04-26 23:40:49,129 INFO httpx — HTTP Request: POST http://localhost:11434/v1/chat/completions "HTTP/1.1 200 OK"
2026-04-26 23:40:52,990 INFO httpx — HTTP Request: POST http://localhost:11434/v1/chat/completions "HTTP/1.1 200 OK"
2026-04-26 23:40:57,557 INFO httpx — HTTP Request: POST http://localhost:11434/v1/chat/completions "HTTP/1.1 200 OK"
2026-04-26 23:41:02,755 INFO httpx — HTTP Request: POST http://localhost:11434/v1/chat/completions "HTTP/1.1 200 OK"
2026-04-26 23:41:07,443 INFO httpx — HTTP Request: POST http://localhost:11434/v1/chat/completions "HTTP/1.1 200 OK"
2026-04-26 23:41:12,372 INFO httpx — HTTP Request: POST http://localhost:11434/v1/chat/completions "HTTP/1.1 200 OK"
2026-04-26 23:41:17,728 INFO httpx — HTTP Request: POST http://localhost:11434/v1/chat/completions "HTTP/1.1 200 OK"
2026-04-26 23:41:22,071 INFO httpx — HTTP Request: POST http://localhost:11434/v1/chat/completions "HTTP/1.1 200 OK"
2026-04-26 23:41:26,711 INFO httpx — HTTP Request: POST http://localhost:11434/v1/chat/completions "HTTP/1.1 200 OK"
2026-04-26 23:41:31,538 INFO httpx — HTTP Request: POST http://localhost:11434/v1/chat/completions "HTTP/1.1 200 OK"
2026-04-26 23:41:35,707 INFO httpx — HTTP Request: POST http://localhost:11434/v1/chat/completions "HTTP/1.1 200 OK"
2026-04-26 23:41:40,837 INFO httpx — HTTP Request: POST http://localhost:11434/v1/chat/completions "HTTP/1.1 200 OK"
2026-04-26 23:41:45,670 INFO httpx — HTTP Request: POST http://localhost:11434/v1/chat/completions "HTTP/1.1 200 OK"
2026-04-26 23:41:49,407 INFO httpx — HTTP Request: POST http://localhost:11434/v1/chat/completions "HTTP/1.1 200 OK"
2026-04-26 23:41:53,908 INFO httpx — HTTP Request: POST http://localhost:11434/v1/chat/completions "HTTP/1.1 200 OK"
2026-04-26 23:41:58,195 INFO httpx — HTTP Request: POST http://localhost:11434/v1/chat/completions "HTTP/1.1 200 OK"
2026-04-26 23:42:02,634 INFO httpx — HTTP Request: POST http://localhost:11434/v1/chat/completions "HTTP/1.1 200 OK"
2026-04-26 23:42:07,311 INFO httpx — HTTP Request: POST http://localhost:11434/v1/chat/completions "HTTP/1.1 200 OK"
2026-04-26 23:42:11,709 INFO httpx — HTTP Request: POST http://localhost:11434/v1/chat/completions "HTTP/1.1 200 OK"
2026-04-26 23:42:15,774 INFO httpx — HTTP Request: POST http://localhost:11434/v1/chat/completions "HTTP/1.1 200 OK"
2026-04-26 23:42:20,427 INFO httpx — HTTP Request: POST http://localhost:11434/v1/chat/completions "HTTP/1.1 200 OK"
2026-04-26 23:42:25,404 INFO httpx — HTTP Request: POST http://localhost:11434/v1/chat/completions "HTTP/1.1 200 OK"
2026-04-26 23:42:29,218 INFO httpx — HTTP Request: POST http://localhost:11434/v1/chat/completions "HTTP/1.1 200 OK"
2026-04-26 23:42:34,444 INFO httpx — HTTP Request: POST http://localhost:11434/v1/chat/completions "HTTP/1.1 200 OK"
2026-04-26 23:42:40,730 INFO httpx — HTTP Request: POST http://localhost:11434/v1/chat/completions "HTTP/1.1 200 OK"
2026-04-26 23:42:45,119 INFO httpx — HTTP Request: POST http://localhost:11434/v1/chat/completions "HTTP/1.1 200 OK"
2026-04-26 23:42:49,520 INFO httpx — HTTP Request: POST http://localhost:11434/v1/chat/completions "HTTP/1.1 200 OK"
2026-04-26 23:42:56,054 INFO httpx — HTTP Request: POST http://localhost:11434/v1/chat/completions "HTTP/1.1 200 OK"
2026-04-26 23:43:00,367 INFO httpx — HTTP Request: POST http://localhost:11434/v1/chat/completions "HTTP/1.1 200 OK"
2026-04-26 23:43:04,191 INFO httpx — HTTP Request: POST http://localhost:11434/v1/chat/completions "HTTP/1.1 200 OK"
2026-04-26 23:43:07,954 INFO httpx — HTTP Request: POST http://localhost:11434/v1/chat/completions "HTTP/1.1 200 OK"
2026-04-26 23:43:12,161 INFO httpx — HTTP Request: POST http://localhost:11434/v1/chat/completions "HTTP/1.1 200 OK"
2026-04-26 23:43:16,886 INFO httpx — HTTP Request: POST http://localhost:11434/v1/chat/completions "HTTP/1.1 200 OK"
2026-04-26 23:43:22,125 INFO httpx — HTTP Request: POST http://localhost:11434/v1/chat/completions "HTTP/1.1 200 OK"
2026-04-26 23:43:26,306 INFO httpx — HTTP Request: POST http://localhost:11434/v1/chat/completions "HTTP/1.1 200 OK"
2026-04-26 23:43:30,718 INFO httpx — HTTP Request: POST http://localhost:11434/v1/chat/completions "HTTP/1.1 200 OK"
2026-04-26 23:43:34,980 INFO httpx — HTTP Request: POST http://localhost:11434/v1/chat/completions "HTTP/1.1 200 OK"
2026-04-26 23:43:39,288 INFO httpx — HTTP Request: POST http://localhost:11434/v1/chat/completions "HTTP/1.1 200 OK"
2026-04-26 23:43:43,759 INFO httpx — HTTP Request: POST http://localhost:11434/v1/chat/completions "HTTP/1.1 200 OK"
2026-04-26 23:43:49,279 INFO httpx — HTTP Request: POST http://localhost:11434/v1/chat/completions "HTTP/1.1 200 OK"
2026-04-26 23:43:54,354 INFO httpx — HTTP Request: POST http://localhost:11434/v1/chat/completions "HTTP/1.1 200 OK"
2026-04-26 23:43:59,307 INFO httpx — HTTP Request: POST http://localhost:11434/v1/chat/completions "HTTP/1.1 200 OK"
2026-04-26 23:44:04,285 INFO httpx — HTTP Request: POST http://localhost:11434/v1/chat/completions "HTTP/1.1 200 OK"
2026-04-26 23:44:08,662 INFO httpx — HTTP Request: POST http://localhost:11434/v1/chat/completions "HTTP/1.1 200 OK"
2026-04-26 23:44:13,320 INFO httpx — HTTP Request: POST http://localhost:11434/v1/chat/completions "HTTP/1.1 200 OK"
2026-04-26 23:44:17,772 INFO httpx — HTTP Request: POST http://localhost:11434/v1/chat/completions "HTTP/1.1 200 OK"
2026-04-26 23:44:22,300 INFO httpx — HTTP Request: POST http://localhost:11434/v1/chat/completions "HTTP/1.1 200 OK"
2026-04-26 23:44:26,926 INFO httpx — HTTP Request: POST http://localhost:11434/v1/chat/completions "HTTP/1.1 200 OK"
2026-04-26 23:44:30,415 INFO __main__ — Condition ic_stateful_local_phi: completed 4/5 (attempt 4, replacements: 0)
2026-04-26 23:44:31,112 INFO httpx — HTTP Request: POST http://localhost:11434/v1/chat/completions "HTTP/1.1 200 OK"
2026-04-26 23:44:34,635 INFO httpx — HTTP Request: POST http://localhost:11434/v1/chat/completions "HTTP/1.1 200 OK"
2026-04-26 23:44:38,159 INFO httpx — HTTP Request: POST http://localhost:11434/v1/chat/completions "HTTP/1.1 200 OK"
2026-04-26 23:44:42,454 INFO httpx — HTTP Request: POST http://localhost:11434/v1/chat/completions "HTTP/1.1 200 OK"
2026-04-26 23:44:46,832 INFO httpx — HTTP Request: POST http://localhost:11434/v1/chat/completions "HTTP/1.1 200 OK"
2026-04-26 23:44:51,812 INFO httpx — HTTP Request: POST http://localhost:11434/v1/chat/completions "HTTP/1.1 200 OK"
2026-04-26 23:44:56,861 INFO httpx — HTTP Request: POST http://localhost:11434/v1/chat/completions "HTTP/1.1 200 OK"
2026-04-26 23:45:00,894 INFO httpx — HTTP Request: POST http://localhost:11434/v1/chat/completions "HTTP/1.1 200 OK"
2026-04-26 23:45:06,205 INFO httpx — HTTP Request: POST http://localhost:11434/v1/chat/completions "HTTP/1.1 200 OK"
2026-04-26 23:45:11,152 INFO httpx — HTTP Request: POST http://localhost:11434/v1/chat/completions "HTTP/1.1 200 OK"
2026-04-26 23:45:14,634 INFO httpx — HTTP Request: POST http://localhost:11434/v1/chat/completions "HTTP/1.1 200 OK"
2026-04-26 23:45:18,540 INFO httpx — HTTP Request: POST http://localhost:11434/v1/chat/completions "HTTP/1.1 200 OK"
2026-04-26 23:45:23,286 INFO httpx — HTTP Request: POST http://localhost:11434/v1/chat/completions "HTTP/1.1 200 OK"
2026-04-26 23:45:27,355 INFO httpx — HTTP Request: POST http://localhost:11434/v1/chat/completions "HTTP/1.1 200 OK"
2026-04-26 23:45:32,017 INFO httpx — HTTP Request: POST http://localhost:11434/v1/chat/completions "HTTP/1.1 200 OK"
2026-04-26 23:45:37,710 INFO httpx — HTTP Request: POST http://localhost:11434/v1/chat/completions "HTTP/1.1 200 OK"
2026-04-26 23:45:41,895 INFO httpx — HTTP Request: POST http://localhost:11434/v1/chat/completions "HTTP/1.1 200 OK"
2026-04-26 23:45:46,212 INFO httpx — HTTP Request: POST http://localhost:11434/v1/chat/completions "HTTP/1.1 200 OK"
2026-04-26 23:45:50,376 INFO httpx — HTTP Request: POST http://localhost:11434/v1/chat/completions "HTTP/1.1 200 OK"
2026-04-26 23:45:54,696 INFO httpx — HTTP Request: POST http://localhost:11434/v1/chat/completions "HTTP/1.1 200 OK"
2026-04-26 23:45:58,570 INFO httpx — HTTP Request: POST http://localhost:11434/v1/chat/completions "HTTP/1.1 200 OK"
2026-04-26 23:46:02,953 INFO httpx — HTTP Request: POST http://localhost:11434/v1/chat/completions "HTTP/1.1 200 OK"
2026-04-26 23:46:07,346 INFO httpx — HTTP Request: POST http://localhost:11434/v1/chat/completions "HTTP/1.1 200 OK"
2026-04-26 23:46:12,526 INFO httpx — HTTP Request: POST http://localhost:11434/v1/chat/completions "HTTP/1.1 200 OK"
2026-04-26 23:46:17,113 INFO httpx — HTTP Request: POST http://localhost:11434/v1/chat/completions "HTTP/1.1 200 OK"
2026-04-26 23:46:20,806 INFO httpx — HTTP Request: POST http://localhost:11434/v1/chat/completions "HTTP/1.1 200 OK"
2026-04-26 23:46:25,873 INFO httpx — HTTP Request: POST http://localhost:11434/v1/chat/completions "HTTP/1.1 200 OK"
2026-04-26 23:46:30,247 INFO httpx — HTTP Request: POST http://localhost:11434/v1/chat/completions "HTTP/1.1 200 OK"
2026-04-26 23:46:34,631 INFO httpx — HTTP Request: POST http://localhost:11434/v1/chat/completions "HTTP/1.1 200 OK"
2026-04-26 23:46:39,183 INFO httpx — HTTP Request: POST http://localhost:11434/v1/chat/completions "HTTP/1.1 200 OK"
2026-04-26 23:46:43,663 INFO httpx — HTTP Request: POST http://localhost:11434/v1/chat/completions "HTTP/1.1 200 OK"
2026-04-26 23:46:48,247 INFO httpx — HTTP Request: POST http://localhost:11434/v1/chat/completions "HTTP/1.1 200 OK"
2026-04-26 23:46:52,696 INFO httpx — HTTP Request: POST http://localhost:11434/v1/chat/completions "HTTP/1.1 200 OK"
2026-04-26 23:46:56,861 INFO httpx — HTTP Request: POST http://localhost:11434/v1/chat/completions "HTTP/1.1 200 OK"
2026-04-26 23:47:00,790 INFO httpx — HTTP Request: POST http://localhost:11434/v1/chat/completions "HTTP/1.1 200 OK"
2026-04-26 23:47:05,703 INFO httpx — HTTP Request: POST http://localhost:11434/v1/chat/completions "HTTP/1.1 200 OK"
2026-04-26 23:47:10,322 INFO httpx — HTTP Request: POST http://localhost:11434/v1/chat/completions "HTTP/1.1 200 OK"
2026-04-26 23:47:13,922 INFO httpx — HTTP Request: POST http://localhost:11434/v1/chat/completions "HTTP/1.1 200 OK"
2026-04-26 23:47:17,609 INFO httpx — HTTP Request: POST http://localhost:11434/v1/chat/completions "HTTP/1.1 200 OK"
2026-04-26 23:47:21,689 INFO httpx — HTTP Request: POST http://localhost:11434/v1/chat/completions "HTTP/1.1 200 OK"
2026-04-26 23:47:26,114 INFO httpx — HTTP Request: POST http://localhost:11434/v1/chat/completions "HTTP/1.1 200 OK"
2026-04-26 23:47:31,559 INFO httpx — HTTP Request: POST http://localhost:11434/v1/chat/completions "HTTP/1.1 200 OK"
2026-04-26 23:47:36,464 INFO httpx — HTTP Request: POST http://localhost:11434/v1/chat/completions "HTTP/1.1 200 OK"
2026-04-26 23:47:40,757 INFO httpx — HTTP Request: POST http://localhost:11434/v1/chat/completions "HTTP/1.1 200 OK"
2026-04-26 23:47:46,642 INFO httpx — HTTP Request: POST http://localhost:11434/v1/chat/completions "HTTP/1.1 200 OK"
2026-04-26 23:47:51,731 INFO httpx — HTTP Request: POST http://localhost:11434/v1/chat/completions "HTTP/1.1 200 OK"
2026-04-26 23:47:55,787 INFO httpx — HTTP Request: POST http://localhost:11434/v1/chat/completions "HTTP/1.1 200 OK"
2026-04-26 23:48:00,920 INFO httpx — HTTP Request: POST http://localhost:11434/v1/chat/completions "HTTP/1.1 200 OK"
2026-04-26 23:48:05,668 INFO httpx — HTTP Request: POST http://localhost:11434/v1/chat/completions "HTTP/1.1 200 OK"
2026-04-26 23:48:10,340 INFO httpx — HTTP Request: POST http://localhost:11434/v1/chat/completions "HTTP/1.1 200 OK"
2026-04-26 23:48:15,367 INFO httpx — HTTP Request: POST http://localhost:11434/v1/chat/completions "HTTP/1.1 200 OK"
2026-04-26 23:48:20,414 INFO httpx — HTTP Request: POST http://localhost:11434/v1/chat/completions "HTTP/1.1 200 OK"
2026-04-26 23:48:24,369 INFO httpx — HTTP Request: POST http://localhost:11434/v1/chat/completions "HTTP/1.1 200 OK"
2026-04-26 23:48:28,418 INFO httpx — HTTP Request: POST http://localhost:11434/v1/chat/completions "HTTP/1.1 200 OK"
2026-04-26 23:48:33,428 INFO httpx — HTTP Request: POST http://localhost:11434/v1/chat/completions "HTTP/1.1 200 OK"
2026-04-26 23:48:37,634 INFO httpx — HTTP Request: POST http://localhost:11434/v1/chat/completions "HTTP/1.1 200 OK"
2026-04-26 23:48:42,751 INFO httpx — HTTP Request: POST http://localhost:11434/v1/chat/completions "HTTP/1.1 200 OK"
2026-04-26 23:48:47,367 INFO httpx — HTTP Request: POST http://localhost:11434/v1/chat/completions "HTTP/1.1 200 OK"
2026-04-26 23:48:51,367 INFO httpx — HTTP Request: POST http://localhost:11434/v1/chat/completions "HTTP/1.1 200 OK"
2026-04-26 23:48:55,110 INFO httpx — HTTP Request: POST http://localhost:11434/v1/chat/completions "HTTP/1.1 200 OK"
2026-04-26 23:49:00,021 INFO httpx — HTTP Request: POST http://localhost:11434/v1/chat/completions "HTTP/1.1 200 OK"
2026-04-26 23:49:04,283 INFO httpx — HTTP Request: POST http://localhost:11434/v1/chat/completions "HTTP/1.1 200 OK"
2026-04-26 23:49:08,769 INFO httpx — HTTP Request: POST http://localhost:11434/v1/chat/completions "HTTP/1.1 200 OK"
2026-04-26 23:49:14,051 INFO httpx — HTTP Request: POST http://localhost:11434/v1/chat/completions "HTTP/1.1 200 OK"
2026-04-26 23:49:18,745 INFO httpx — HTTP Request: POST http://localhost:11434/v1/chat/completions "HTTP/1.1 200 OK"
2026-04-26 23:49:23,833 INFO httpx — HTTP Request: POST http://localhost:11434/v1/chat/completions "HTTP/1.1 200 OK"
2026-04-26 23:49:28,979 INFO httpx — HTTP Request: POST http://localhost:11434/v1/chat/completions "HTTP/1.1 200 OK"
2026-04-26 23:49:33,028 INFO httpx — HTTP Request: POST http://localhost:11434/v1/chat/completions "HTTP/1.1 200 OK"
2026-04-26 23:49:37,520 INFO httpx — HTTP Request: POST http://localhost:11434/v1/chat/completions "HTTP/1.1 200 OK"
2026-04-26 23:49:42,217 INFO httpx — HTTP Request: POST http://localhost:11434/v1/chat/completions "HTTP/1.1 200 OK"
2026-04-26 23:49:46,042 INFO httpx — HTTP Request: POST http://localhost:11434/v1/chat/completions "HTTP/1.1 200 OK"
2026-04-26 23:49:50,725 INFO httpx — HTTP Request: POST http://localhost:11434/v1/chat/completions "HTTP/1.1 200 OK"
2026-04-26 23:49:54,745 INFO __main__ — Condition ic_stateful_local_phi: completed 5/5 (attempt 5, replacements: 0)
2026-04-26 23:49:54,765 INFO __main__ — Condition ic_stateful_local_phi: finished — 5 valid runs in 5 attempts (0 replacement(s))
2026-04-26 23:49:54,777 INFO __main__ — Checkpoint written (750 records)
2026-04-26 23:49:54,910 INFO __main__ — Results saved to ../results/H3_IC/20260426T161857
2026-04-26 23:49:54,910 INFO __main__ — === H3_IC complete — results at ../results/H3_IC/20260426T161857 ===
