nohup: ignoring input
2026-04-26 18:26:29,304 INFO __main__ — Demand file SHA-256: 03b0bea6551ce8630ecbb0bbee95babf01ae183fa7d28a220965ca151a9b4bbe
2026-04-26 18:26:29,305 INFO __main__ — Derived S = 45046  (mean=39432.5, std=3402.2)
2026-04-26 18:26:29,305 INFO __main__ — Derived safety stock = 5614
2026-04-26 18:26:29,305 INFO __main__ — World events enabled: {'conflict', 'pandemic', 'port_disruption'}
2026-04-26 18:26:29,305 INFO __main__ — === Starting experiment: baselines ===
2026-04-26 18:26:29,308 INFO __main__ — Condition naive_passthrough: completed 1/100 (attempt 1, replacements: 0)
2026-04-26 18:26:29,311 INFO __main__ — Condition naive_passthrough: completed 2/100 (attempt 2, replacements: 0)
2026-04-26 18:26:29,315 INFO __main__ — Condition naive_passthrough: completed 3/100 (attempt 3, replacements: 0)
2026-04-26 18:26:29,318 INFO __main__ — Condition naive_passthrough: completed 4/100 (attempt 4, replacements: 0)
2026-04-26 18:26:29,321 INFO __main__ — Condition naive_passthrough: completed 5/100 (attempt 5, replacements: 0)
2026-04-26 18:26:29,324 INFO __main__ — Condition naive_passthrough: completed 6/100 (attempt 6, replacements: 0)
2026-04-26 18:26:29,327 INFO __main__ — Condition naive_passthrough: completed 7/100 (attempt 7, replacements: 0)
2026-04-26 18:26:29,330 INFO __main__ — Condition naive_passthrough: completed 8/100 (attempt 8, replacements: 0)
2026-04-26 18:26:29,333 INFO __main__ — Condition naive_passthrough: completed 9/100 (attempt 9, replacements: 0)
2026-04-26 18:26:29,336 INFO __main__ — Condition naive_passthrough: completed 10/100 (attempt 10, replacements: 0)
2026-04-26 18:26:29,339 INFO __main__ — Condition naive_passthrough: completed 11/100 (attempt 11, replacements: 0)
2026-04-26 18:26:29,342 INFO __main__ — Condition naive_passthrough: completed 12/100 (attempt 12, replacements: 0)
2026-04-26 18:26:29,345 INFO __main__ — Condition naive_passthrough: completed 13/100 (attempt 13, replacements: 0)
2026-04-26 18:26:29,348 INFO __main__ — Condition naive_passthrough: completed 14/100 (attempt 14, replacements: 0)
2026-04-26 18:26:29,351 INFO __main__ — Condition naive_passthrough: completed 15/100 (attempt 15, replacements: 0)
2026-04-26 18:26:29,354 INFO __main__ — Condition naive_passthrough: completed 16/100 (attempt 16, replacements: 0)
2026-04-26 18:26:29,357 INFO __main__ — Condition naive_passthrough: completed 17/100 (attempt 17, replacements: 0)
2026-04-26 18:26:29,360 INFO __main__ — Condition naive_passthrough: completed 18/100 (attempt 18, replacements: 0)
2026-04-26 18:26:29,363 INFO __main__ — Condition naive_passthrough: completed 19/100 (attempt 19, replacements: 0)
2026-04-26 18:26:29,367 INFO __main__ — Condition naive_passthrough: completed 20/100 (attempt 20, replacements: 0)
2026-04-26 18:26:29,370 INFO __main__ — Condition naive_passthrough: completed 21/100 (attempt 21, replacements: 0)
2026-04-26 18:26:29,373 INFO __main__ — Condition naive_passthrough: completed 22/100 (attempt 22, replacements: 0)
2026-04-26 18:26:29,376 INFO __main__ — Condition naive_passthrough: completed 23/100 (attempt 23, replacements: 0)
2026-04-26 18:26:29,379 INFO __main__ — Condition naive_passthrough: completed 24/100 (attempt 24, replacements: 0)
2026-04-26 18:26:29,382 INFO __main__ — Condition naive_passthrough: completed 25/100 (attempt 25, replacements: 0)
2026-04-26 18:26:29,385 INFO __main__ — Condition naive_passthrough: completed 26/100 (attempt 26, replacements: 0)
2026-04-26 18:26:29,388 INFO __main__ — Condition naive_passthrough: completed 27/100 (attempt 27, replacements: 0)
2026-04-26 18:26:29,392 INFO __main__ — Condition naive_passthrough: completed 28/100 (attempt 28, replacements: 0)
2026-04-26 18:26:29,395 INFO __main__ — Condition naive_passthrough: completed 29/100 (attempt 29, replacements: 0)
2026-04-26 18:26:29,398 INFO __main__ — Condition naive_passthrough: completed 30/100 (attempt 30, replacements: 0)
2026-04-26 18:26:29,401 INFO __main__ — Condition naive_passthrough: completed 31/100 (attempt 31, replacements: 0)
2026-04-26 18:26:29,404 INFO __main__ — Condition naive_passthrough: completed 32/100 (attempt 32, replacements: 0)
2026-04-26 18:26:29,407 INFO __main__ — Condition naive_passthrough: completed 33/100 (attempt 33, replacements: 0)
2026-04-26 18:26:29,410 INFO __main__ — Condition naive_passthrough: completed 34/100 (attempt 34, replacements: 0)
2026-04-26 18:26:29,413 INFO __main__ — Condition naive_passthrough: completed 35/100 (attempt 35, replacements: 0)
2026-04-26 18:26:29,416 INFO __main__ — Condition naive_passthrough: completed 36/100 (attempt 36, replacements: 0)
2026-04-26 18:26:29,419 INFO __main__ — Condition naive_passthrough: completed 37/100 (attempt 37, replacements: 0)
2026-04-26 18:26:29,422 INFO __main__ — Condition naive_passthrough: completed 38/100 (attempt 38, replacements: 0)
2026-04-26 18:26:29,425 INFO __main__ — Condition naive_passthrough: completed 39/100 (attempt 39, replacements: 0)
2026-04-26 18:26:29,428 INFO __main__ — Condition naive_passthrough: completed 40/100 (attempt 40, replacements: 0)
2026-04-26 18:26:29,431 INFO __main__ — Condition naive_passthrough: completed 41/100 (attempt 41, replacements: 0)
2026-04-26 18:26:29,434 INFO __main__ — Condition naive_passthrough: completed 42/100 (attempt 42, replacements: 0)
2026-04-26 18:26:29,437 INFO __main__ — Condition naive_passthrough: completed 43/100 (attempt 43, replacements: 0)
2026-04-26 18:26:29,440 INFO __main__ — Condition naive_passthrough: completed 44/100 (attempt 44, replacements: 0)
2026-04-26 18:26:29,443 INFO __main__ — Condition naive_passthrough: completed 45/100 (attempt 45, replacements: 0)
2026-04-26 18:26:29,446 INFO __main__ — Condition naive_passthrough: completed 46/100 (attempt 46, replacements: 0)
2026-04-26 18:26:29,449 INFO __main__ — Condition naive_passthrough: completed 47/100 (attempt 47, replacements: 0)
2026-04-26 18:26:29,452 INFO __main__ — Condition naive_passthrough: completed 48/100 (attempt 48, replacements: 0)
2026-04-26 18:26:29,456 INFO __main__ — Condition naive_passthrough: completed 49/100 (attempt 49, replacements: 0)
2026-04-26 18:26:29,459 INFO __main__ — Condition naive_passthrough: completed 50/100 (attempt 50, replacements: 0)
2026-04-26 18:26:29,462 INFO __main__ — Condition naive_passthrough: completed 51/100 (attempt 51, replacements: 0)
2026-04-26 18:26:29,465 INFO __main__ — Condition naive_passthrough: completed 52/100 (attempt 52, replacements: 0)
2026-04-26 18:26:29,468 INFO __main__ — Condition naive_passthrough: completed 53/100 (attempt 53, replacements: 0)
2026-04-26 18:26:29,471 INFO __main__ — Condition naive_passthrough: completed 54/100 (attempt 54, replacements: 0)
2026-04-26 18:26:29,474 INFO __main__ — Condition naive_passthrough: completed 55/100 (attempt 55, replacements: 0)
2026-04-26 18:26:29,477 INFO __main__ — Condition naive_passthrough: completed 56/100 (attempt 56, replacements: 0)
2026-04-26 18:26:29,480 INFO __main__ — Condition naive_passthrough: completed 57/100 (attempt 57, replacements: 0)
2026-04-26 18:26:29,483 INFO __main__ — Condition naive_passthrough: completed 58/100 (attempt 58, replacements: 0)
2026-04-26 18:26:29,486 INFO __main__ — Condition naive_passthrough: completed 59/100 (attempt 59, replacements: 0)
2026-04-26 18:26:29,489 INFO __main__ — Condition naive_passthrough: completed 60/100 (attempt 60, replacements: 0)
2026-04-26 18:26:29,492 INFO __main__ — Condition naive_passthrough: completed 61/100 (attempt 61, replacements: 0)
2026-04-26 18:26:29,495 INFO __main__ — Condition naive_passthrough: completed 62/100 (attempt 62, replacements: 0)
2026-04-26 18:26:29,498 INFO __main__ — Condition naive_passthrough: completed 63/100 (attempt 63, replacements: 0)
2026-04-26 18:26:29,501 INFO __main__ — Condition naive_passthrough: completed 64/100 (attempt 64, replacements: 0)
2026-04-26 18:26:29,504 INFO __main__ — Condition naive_passthrough: completed 65/100 (attempt 65, replacements: 0)
2026-04-26 18:26:29,507 INFO __main__ — Condition naive_passthrough: completed 66/100 (attempt 66, replacements: 0)
2026-04-26 18:26:29,510 INFO __main__ — Condition naive_passthrough: completed 67/100 (attempt 67, replacements: 0)
2026-04-26 18:26:29,514 INFO __main__ — Condition naive_passthrough: completed 68/100 (attempt 68, replacements: 0)
2026-04-26 18:26:29,517 INFO __main__ — Condition naive_passthrough: completed 69/100 (attempt 69, replacements: 0)
2026-04-26 18:26:29,520 INFO __main__ — Condition naive_passthrough: completed 70/100 (attempt 70, replacements: 0)
2026-04-26 18:26:29,523 INFO __main__ — Condition naive_passthrough: completed 71/100 (attempt 71, replacements: 0)
2026-04-26 18:26:29,526 INFO __main__ — Condition naive_passthrough: completed 72/100 (attempt 72, replacements: 0)
2026-04-26 18:26:29,529 INFO __main__ — Condition naive_passthrough: completed 73/100 (attempt 73, replacements: 0)
2026-04-26 18:26:29,532 INFO __main__ — Condition naive_passthrough: completed 74/100 (attempt 74, replacements: 0)
2026-04-26 18:26:29,535 INFO __main__ — Condition naive_passthrough: completed 75/100 (attempt 75, replacements: 0)
2026-04-26 18:26:29,538 INFO __main__ — Condition naive_passthrough: completed 76/100 (attempt 76, replacements: 0)
2026-04-26 18:26:29,541 INFO __main__ — Condition naive_passthrough: completed 77/100 (attempt 77, replacements: 0)
2026-04-26 18:26:29,544 INFO __main__ — Condition naive_passthrough: completed 78/100 (attempt 78, replacements: 0)
2026-04-26 18:26:29,547 INFO __main__ — Condition naive_passthrough: completed 79/100 (attempt 79, replacements: 0)
2026-04-26 18:26:29,550 INFO __main__ — Condition naive_passthrough: completed 80/100 (attempt 80, replacements: 0)
2026-04-26 18:26:29,553 INFO __main__ — Condition naive_passthrough: completed 81/100 (attempt 81, replacements: 0)
2026-04-26 18:26:29,556 INFO __main__ — Condition naive_passthrough: completed 82/100 (attempt 82, replacements: 0)
2026-04-26 18:26:29,559 INFO __main__ — Condition naive_passthrough: completed 83/100 (attempt 83, replacements: 0)
2026-04-26 18:26:29,562 INFO __main__ — Condition naive_passthrough: completed 84/100 (attempt 84, replacements: 0)
2026-04-26 18:26:29,565 INFO __main__ — Condition naive_passthrough: completed 85/100 (attempt 85, replacements: 0)
2026-04-26 18:26:29,568 INFO __main__ — Condition naive_passthrough: completed 86/100 (attempt 86, replacements: 0)
2026-04-26 18:26:29,571 INFO __main__ — Condition naive_passthrough: completed 87/100 (attempt 87, replacements: 0)
2026-04-26 18:26:29,574 INFO __main__ — Condition naive_passthrough: completed 88/100 (attempt 88, replacements: 0)
2026-04-26 18:26:29,577 INFO __main__ — Condition naive_passthrough: completed 89/100 (attempt 89, replacements: 0)
2026-04-26 18:26:29,580 INFO __main__ — Condition naive_passthrough: completed 90/100 (attempt 90, replacements: 0)
2026-04-26 18:26:29,583 INFO __main__ — Condition naive_passthrough: completed 91/100 (attempt 91, replacements: 0)
2026-04-26 18:26:29,586 INFO __main__ — Condition naive_passthrough: completed 92/100 (attempt 92, replacements: 0)
2026-04-26 18:26:29,589 INFO __main__ — Condition naive_passthrough: completed 93/100 (attempt 93, replacements: 0)
2026-04-26 18:26:29,592 INFO __main__ — Condition naive_passthrough: completed 94/100 (attempt 94, replacements: 0)
2026-04-26 18:26:29,596 INFO __main__ — Condition naive_passthrough: completed 95/100 (attempt 95, replacements: 0)
2026-04-26 18:26:29,599 INFO __main__ — Condition naive_passthrough: completed 96/100 (attempt 96, replacements: 0)
2026-04-26 18:26:29,602 INFO __main__ — Condition naive_passthrough: completed 97/100 (attempt 97, replacements: 0)
2026-04-26 18:26:29,605 INFO __main__ — Condition naive_passthrough: completed 98/100 (attempt 98, replacements: 0)
2026-04-26 18:26:29,608 INFO __main__ — Condition naive_passthrough: completed 99/100 (attempt 99, replacements: 0)
2026-04-26 18:26:29,611 INFO __main__ — Condition naive_passthrough: completed 100/100 (attempt 100, replacements: 0)
2026-04-26 18:26:29,611 INFO __main__ — Condition naive_passthrough: finished — 100 valid runs in 100 attempts (0 replacement(s))
2026-04-26 18:26:29,636 INFO __main__ — Checkpoint written (10600 records so far)
2026-04-26 18:26:29,640 INFO __main__ — Condition exp_smoothing: completed 1/100 (attempt 1, replacements: 0)
2026-04-26 18:26:29,643 INFO __main__ — Condition exp_smoothing: completed 2/100 (attempt 2, replacements: 0)
2026-04-26 18:26:29,646 INFO __main__ — Condition exp_smoothing: completed 3/100 (attempt 3, replacements: 0)
2026-04-26 18:26:29,649 INFO __main__ — Condition exp_smoothing: completed 4/100 (attempt 4, replacements: 0)
2026-04-26 18:26:29,652 INFO __main__ — Condition exp_smoothing: completed 5/100 (attempt 5, replacements: 0)
2026-04-26 18:26:29,655 INFO __main__ — Condition exp_smoothing: completed 6/100 (attempt 6, replacements: 0)
2026-04-26 18:26:29,658 INFO __main__ — Condition exp_smoothing: completed 7/100 (attempt 7, replacements: 0)
2026-04-26 18:26:29,661 INFO __main__ — Condition exp_smoothing: completed 8/100 (attempt 8, replacements: 0)
2026-04-26 18:26:29,664 INFO __main__ — Condition exp_smoothing: completed 9/100 (attempt 9, replacements: 0)
2026-04-26 18:26:29,668 INFO __main__ — Condition exp_smoothing: completed 10/100 (attempt 10, replacements: 0)
2026-04-26 18:26:29,671 INFO __main__ — Condition exp_smoothing: completed 11/100 (attempt 11, replacements: 0)
2026-04-26 18:26:29,674 INFO __main__ — Condition exp_smoothing: completed 12/100 (attempt 12, replacements: 0)
2026-04-26 18:26:29,677 INFO __main__ — Condition exp_smoothing: completed 13/100 (attempt 13, replacements: 0)
2026-04-26 18:26:29,680 INFO __main__ — Condition exp_smoothing: completed 14/100 (attempt 14, replacements: 0)
2026-04-26 18:26:29,683 INFO __main__ — Condition exp_smoothing: completed 15/100 (attempt 15, replacements: 0)
2026-04-26 18:26:29,686 INFO __main__ — Condition exp_smoothing: completed 16/100 (attempt 16, replacements: 0)
2026-04-26 18:26:29,689 INFO __main__ — Condition exp_smoothing: completed 17/100 (attempt 17, replacements: 0)
2026-04-26 18:26:29,693 INFO __main__ — Condition exp_smoothing: completed 18/100 (attempt 18, replacements: 0)
2026-04-26 18:26:29,696 INFO __main__ — Condition exp_smoothing: completed 19/100 (attempt 19, replacements: 0)
2026-04-26 18:26:29,699 INFO __main__ — Condition exp_smoothing: completed 20/100 (attempt 20, replacements: 0)
2026-04-26 18:26:29,702 INFO __main__ — Condition exp_smoothing: completed 21/100 (attempt 21, replacements: 0)
2026-04-26 18:26:29,705 INFO __main__ — Condition exp_smoothing: completed 22/100 (attempt 22, replacements: 0)
2026-04-26 18:26:29,708 INFO __main__ — Condition exp_smoothing: completed 23/100 (attempt 23, replacements: 0)
2026-04-26 18:26:29,711 INFO __main__ — Condition exp_smoothing: completed 24/100 (attempt 24, replacements: 0)
2026-04-26 18:26:29,714 INFO __main__ — Condition exp_smoothing: completed 25/100 (attempt 25, replacements: 0)
2026-04-26 18:26:29,717 INFO __main__ — Condition exp_smoothing: completed 26/100 (attempt 26, replacements: 0)
2026-04-26 18:26:29,720 INFO __main__ — Condition exp_smoothing: completed 27/100 (attempt 27, replacements: 0)
2026-04-26 18:26:29,723 INFO __main__ — Condition exp_smoothing: completed 28/100 (attempt 28, replacements: 0)
2026-04-26 18:26:29,727 INFO __main__ — Condition exp_smoothing: completed 29/100 (attempt 29, replacements: 0)
2026-04-26 18:26:29,730 INFO __main__ — Condition exp_smoothing: completed 30/100 (attempt 30, replacements: 0)
2026-04-26 18:26:29,733 INFO __main__ — Condition exp_smoothing: completed 31/100 (attempt 31, replacements: 0)
2026-04-26 18:26:29,736 INFO __main__ — Condition exp_smoothing: completed 32/100 (attempt 32, replacements: 0)
2026-04-26 18:26:29,739 INFO __main__ — Condition exp_smoothing: completed 33/100 (attempt 33, replacements: 0)
2026-04-26 18:26:29,742 INFO __main__ — Condition exp_smoothing: completed 34/100 (attempt 34, replacements: 0)
2026-04-26 18:26:29,745 INFO __main__ — Condition exp_smoothing: completed 35/100 (attempt 35, replacements: 0)
2026-04-26 18:26:29,748 INFO __main__ — Condition exp_smoothing: completed 36/100 (attempt 36, replacements: 0)
2026-04-26 18:26:29,751 INFO __main__ — Condition exp_smoothing: completed 37/100 (attempt 37, replacements: 0)
2026-04-26 18:26:29,754 INFO __main__ — Condition exp_smoothing: completed 38/100 (attempt 38, replacements: 0)
2026-04-26 18:26:29,757 INFO __main__ — Condition exp_smoothing: completed 39/100 (attempt 39, replacements: 0)
2026-04-26 18:26:29,760 INFO __main__ — Condition exp_smoothing: completed 40/100 (attempt 40, replacements: 0)
2026-04-26 18:26:29,763 INFO __main__ — Condition exp_smoothing: completed 41/100 (attempt 41, replacements: 0)
2026-04-26 18:26:29,766 INFO __main__ — Condition exp_smoothing: completed 42/100 (attempt 42, replacements: 0)
2026-04-26 18:26:29,769 INFO __main__ — Condition exp_smoothing: completed 43/100 (attempt 43, replacements: 0)
2026-04-26 18:26:29,773 INFO __main__ — Condition exp_smoothing: completed 44/100 (attempt 44, replacements: 0)
2026-04-26 18:26:29,776 INFO __main__ — Condition exp_smoothing: completed 45/100 (attempt 45, replacements: 0)
2026-04-26 18:26:29,779 INFO __main__ — Condition exp_smoothing: completed 46/100 (attempt 46, replacements: 0)
2026-04-26 18:26:29,782 INFO __main__ — Condition exp_smoothing: completed 47/100 (attempt 47, replacements: 0)
2026-04-26 18:26:29,785 INFO __main__ — Condition exp_smoothing: completed 48/100 (attempt 48, replacements: 0)
2026-04-26 18:26:29,788 INFO __main__ — Condition exp_smoothing: completed 49/100 (attempt 49, replacements: 0)
2026-04-26 18:26:29,791 INFO __main__ — Condition exp_smoothing: completed 50/100 (attempt 50, replacements: 0)
2026-04-26 18:26:29,794 INFO __main__ — Condition exp_smoothing: completed 51/100 (attempt 51, replacements: 0)
2026-04-26 18:26:29,797 INFO __main__ — Condition exp_smoothing: completed 52/100 (attempt 52, replacements: 0)
2026-04-26 18:26:29,800 INFO __main__ — Condition exp_smoothing: completed 53/100 (attempt 53, replacements: 0)
2026-04-26 18:26:29,803 INFO __main__ — Condition exp_smoothing: completed 54/100 (attempt 54, replacements: 0)
2026-04-26 18:26:29,806 INFO __main__ — Condition exp_smoothing: completed 55/100 (attempt 55, replacements: 0)
2026-04-26 18:26:29,809 INFO __main__ — Condition exp_smoothing: completed 56/100 (attempt 56, replacements: 0)
2026-04-26 18:26:29,813 INFO __main__ — Condition exp_smoothing: completed 57/100 (attempt 57, replacements: 0)
2026-04-26 18:26:29,816 INFO __main__ — Condition exp_smoothing: completed 58/100 (attempt 58, replacements: 0)
2026-04-26 18:26:29,819 INFO __main__ — Condition exp_smoothing: completed 59/100 (attempt 59, replacements: 0)
2026-04-26 18:26:29,822 INFO __main__ — Condition exp_smoothing: completed 60/100 (attempt 60, replacements: 0)
2026-04-26 18:26:29,825 INFO __main__ — Condition exp_smoothing: completed 61/100 (attempt 61, replacements: 0)
2026-04-26 18:26:29,828 INFO __main__ — Condition exp_smoothing: completed 62/100 (attempt 62, replacements: 0)
2026-04-26 18:26:29,831 INFO __main__ — Condition exp_smoothing: completed 63/100 (attempt 63, replacements: 0)
2026-04-26 18:26:29,834 INFO __main__ — Condition exp_smoothing: completed 64/100 (attempt 64, replacements: 0)
2026-04-26 18:26:29,837 INFO __main__ — Condition exp_smoothing: completed 65/100 (attempt 65, replacements: 0)
2026-04-26 18:26:29,840 INFO __main__ — Condition exp_smoothing: completed 66/100 (attempt 66, replacements: 0)
2026-04-26 18:26:29,843 INFO __main__ — Condition exp_smoothing: completed 67/100 (attempt 67, replacements: 0)
2026-04-26 18:26:29,847 INFO __main__ — Condition exp_smoothing: completed 68/100 (attempt 68, replacements: 0)
2026-04-26 18:26:29,850 INFO __main__ — Condition exp_smoothing: completed 69/100 (attempt 69, replacements: 0)
2026-04-26 18:26:29,853 INFO __main__ — Condition exp_smoothing: completed 70/100 (attempt 70, replacements: 0)
2026-04-26 18:26:29,856 INFO __main__ — Condition exp_smoothing: completed 71/100 (attempt 71, replacements: 0)
2026-04-26 18:26:29,859 INFO __main__ — Condition exp_smoothing: completed 72/100 (attempt 72, replacements: 0)
2026-04-26 18:26:29,862 INFO __main__ — Condition exp_smoothing: completed 73/100 (attempt 73, replacements: 0)
2026-04-26 18:26:29,865 INFO __main__ — Condition exp_smoothing: completed 74/100 (attempt 74, replacements: 0)
2026-04-26 18:26:29,868 INFO __main__ — Condition exp_smoothing: completed 75/100 (attempt 75, replacements: 0)
2026-04-26 18:26:29,871 INFO __main__ — Condition exp_smoothing: completed 76/100 (attempt 76, replacements: 0)
2026-04-26 18:26:29,874 INFO __main__ — Condition exp_smoothing: completed 77/100 (attempt 77, replacements: 0)
2026-04-26 18:26:29,877 INFO __main__ — Condition exp_smoothing: completed 78/100 (attempt 78, replacements: 0)
2026-04-26 18:26:29,880 INFO __main__ — Condition exp_smoothing: completed 79/100 (attempt 79, replacements: 0)
2026-04-26 18:26:29,883 INFO __main__ — Condition exp_smoothing: completed 80/100 (attempt 80, replacements: 0)
2026-04-26 18:26:29,887 INFO __main__ — Condition exp_smoothing: completed 81/100 (attempt 81, replacements: 0)
2026-04-26 18:26:29,890 INFO __main__ — Condition exp_smoothing: completed 82/100 (attempt 82, replacements: 0)
2026-04-26 18:26:29,893 INFO __main__ — Condition exp_smoothing: completed 83/100 (attempt 83, replacements: 0)
2026-04-26 18:26:29,896 INFO __main__ — Condition exp_smoothing: completed 84/100 (attempt 84, replacements: 0)
2026-04-26 18:26:29,899 INFO __main__ — Condition exp_smoothing: completed 85/100 (attempt 85, replacements: 0)
2026-04-26 18:26:29,902 INFO __main__ — Condition exp_smoothing: completed 86/100 (attempt 86, replacements: 0)
2026-04-26 18:26:29,905 INFO __main__ — Condition exp_smoothing: completed 87/100 (attempt 87, replacements: 0)
2026-04-26 18:26:29,908 INFO __main__ — Condition exp_smoothing: completed 88/100 (attempt 88, replacements: 0)
2026-04-26 18:26:29,911 INFO __main__ — Condition exp_smoothing: completed 89/100 (attempt 89, replacements: 0)
2026-04-26 18:26:29,914 INFO __main__ — Condition exp_smoothing: completed 90/100 (attempt 90, replacements: 0)
2026-04-26 18:26:29,917 INFO __main__ — Condition exp_smoothing: completed 91/100 (attempt 91, replacements: 0)
2026-04-26 18:26:29,920 INFO __main__ — Condition exp_smoothing: completed 92/100 (attempt 92, replacements: 0)
2026-04-26 18:26:29,923 INFO __main__ — Condition exp_smoothing: completed 93/100 (attempt 93, replacements: 0)
2026-04-26 18:26:29,927 INFO __main__ — Condition exp_smoothing: completed 94/100 (attempt 94, replacements: 0)
2026-04-26 18:26:29,930 INFO __main__ — Condition exp_smoothing: completed 95/100 (attempt 95, replacements: 0)
2026-04-26 18:26:29,933 INFO __main__ — Condition exp_smoothing: completed 96/100 (attempt 96, replacements: 0)
2026-04-26 18:26:29,936 INFO __main__ — Condition exp_smoothing: completed 97/100 (attempt 97, replacements: 0)
2026-04-26 18:26:29,939 INFO __main__ — Condition exp_smoothing: completed 98/100 (attempt 98, replacements: 0)
2026-04-26 18:26:29,942 INFO __main__ — Condition exp_smoothing: completed 99/100 (attempt 99, replacements: 0)
2026-04-26 18:26:29,945 INFO __main__ — Condition exp_smoothing: completed 100/100 (attempt 100, replacements: 0)
2026-04-26 18:26:29,945 INFO __main__ — Condition exp_smoothing: finished — 100 valid runs in 100 attempts (0 replacement(s))
2026-04-26 18:26:29,981 INFO __main__ — Checkpoint written (21200 records so far)
2026-04-26 18:26:29,985 INFO __main__ — Condition order_up_to: completed 1/100 (attempt 1, replacements: 0)
2026-04-26 18:26:29,988 INFO __main__ — Condition order_up_to: completed 2/100 (attempt 2, replacements: 0)
2026-04-26 18:26:29,991 INFO __main__ — Condition order_up_to: completed 3/100 (attempt 3, replacements: 0)
2026-04-26 18:26:29,994 INFO __main__ — Condition order_up_to: completed 4/100 (attempt 4, replacements: 0)
2026-04-26 18:26:29,997 INFO __main__ — Condition order_up_to: completed 5/100 (attempt 5, replacements: 0)
2026-04-26 18:26:30,001 INFO __main__ — Condition order_up_to: completed 6/100 (attempt 6, replacements: 0)
2026-04-26 18:26:30,004 INFO __main__ — Condition order_up_to: completed 7/100 (attempt 7, replacements: 0)
2026-04-26 18:26:30,007 INFO __main__ — Condition order_up_to: completed 8/100 (attempt 8, replacements: 0)
2026-04-26 18:26:30,010 INFO __main__ — Condition order_up_to: completed 9/100 (attempt 9, replacements: 0)
2026-04-26 18:26:30,013 INFO __main__ — Condition order_up_to: completed 10/100 (attempt 10, replacements: 0)
2026-04-26 18:26:30,016 INFO __main__ — Condition order_up_to: completed 11/100 (attempt 11, replacements: 0)
2026-04-26 18:26:30,019 INFO __main__ — Condition order_up_to: completed 12/100 (attempt 12, replacements: 0)
2026-04-26 18:26:30,022 INFO __main__ — Condition order_up_to: completed 13/100 (attempt 13, replacements: 0)
2026-04-26 18:26:30,025 INFO __main__ — Condition order_up_to: completed 14/100 (attempt 14, replacements: 0)
2026-04-26 18:26:30,028 INFO __main__ — Condition order_up_to: completed 15/100 (attempt 15, replacements: 0)
2026-04-26 18:26:30,031 INFO __main__ — Condition order_up_to: completed 16/100 (attempt 16, replacements: 0)
2026-04-26 18:26:30,034 INFO __main__ — Condition order_up_to: completed 17/100 (attempt 17, replacements: 0)
2026-04-26 18:26:30,038 INFO __main__ — Condition order_up_to: completed 18/100 (attempt 18, replacements: 0)
2026-04-26 18:26:30,041 INFO __main__ — Condition order_up_to: completed 19/100 (attempt 19, replacements: 0)
2026-04-26 18:26:30,044 INFO __main__ — Condition order_up_to: completed 20/100 (attempt 20, replacements: 0)
2026-04-26 18:26:30,047 INFO __main__ — Condition order_up_to: completed 21/100 (attempt 21, replacements: 0)
2026-04-26 18:26:30,050 INFO __main__ — Condition order_up_to: completed 22/100 (attempt 22, replacements: 0)
2026-04-26 18:26:30,053 INFO __main__ — Condition order_up_to: completed 23/100 (attempt 23, replacements: 0)
2026-04-26 18:26:30,056 INFO __main__ — Condition order_up_to: completed 24/100 (attempt 24, replacements: 0)
2026-04-26 18:26:30,059 INFO __main__ — Condition order_up_to: completed 25/100 (attempt 25, replacements: 0)
2026-04-26 18:26:30,062 INFO __main__ — Condition order_up_to: completed 26/100 (attempt 26, replacements: 0)
2026-04-26 18:26:30,065 INFO __main__ — Condition order_up_to: completed 27/100 (attempt 27, replacements: 0)
2026-04-26 18:26:30,068 INFO __main__ — Condition order_up_to: completed 28/100 (attempt 28, replacements: 0)
2026-04-26 18:26:30,071 INFO __main__ — Condition order_up_to: completed 29/100 (attempt 29, replacements: 0)
2026-04-26 18:26:30,074 INFO __main__ — Condition order_up_to: completed 30/100 (attempt 30, replacements: 0)
2026-04-26 18:26:30,077 INFO __main__ — Condition order_up_to: completed 31/100 (attempt 31, replacements: 0)
2026-04-26 18:26:30,081 INFO __main__ — Condition order_up_to: completed 32/100 (attempt 32, replacements: 0)
2026-04-26 18:26:30,084 INFO __main__ — Condition order_up_to: completed 33/100 (attempt 33, replacements: 0)
2026-04-26 18:26:30,087 INFO __main__ — Condition order_up_to: completed 34/100 (attempt 34, replacements: 0)
2026-04-26 18:26:30,090 INFO __main__ — Condition order_up_to: completed 35/100 (attempt 35, replacements: 0)
2026-04-26 18:26:30,093 INFO __main__ — Condition order_up_to: completed 36/100 (attempt 36, replacements: 0)
2026-04-26 18:26:30,096 INFO __main__ — Condition order_up_to: completed 37/100 (attempt 37, replacements: 0)
2026-04-26 18:26:30,099 INFO __main__ — Condition order_up_to: completed 38/100 (attempt 38, replacements: 0)
2026-04-26 18:26:30,102 INFO __main__ — Condition order_up_to: completed 39/100 (attempt 39, replacements: 0)
2026-04-26 18:26:30,105 INFO __main__ — Condition order_up_to: completed 40/100 (attempt 40, replacements: 0)
2026-04-26 18:26:30,108 INFO __main__ — Condition order_up_to: completed 41/100 (attempt 41, replacements: 0)
2026-04-26 18:26:30,112 INFO __main__ — Condition order_up_to: completed 42/100 (attempt 42, replacements: 0)
2026-04-26 18:26:30,115 INFO __main__ — Condition order_up_to: completed 43/100 (attempt 43, replacements: 0)
2026-04-26 18:26:30,118 INFO __main__ — Condition order_up_to: completed 44/100 (attempt 44, replacements: 0)
2026-04-26 18:26:30,121 INFO __main__ — Condition order_up_to: completed 45/100 (attempt 45, replacements: 0)
2026-04-26 18:26:30,124 INFO __main__ — Condition order_up_to: completed 46/100 (attempt 46, replacements: 0)
2026-04-26 18:26:30,127 INFO __main__ — Condition order_up_to: completed 47/100 (attempt 47, replacements: 0)
2026-04-26 18:26:30,130 INFO __main__ — Condition order_up_to: completed 48/100 (attempt 48, replacements: 0)
2026-04-26 18:26:30,133 INFO __main__ — Condition order_up_to: completed 49/100 (attempt 49, replacements: 0)
2026-04-26 18:26:30,136 INFO __main__ — Condition order_up_to: completed 50/100 (attempt 50, replacements: 0)
2026-04-26 18:26:30,139 INFO __main__ — Condition order_up_to: completed 51/100 (attempt 51, replacements: 0)
2026-04-26 18:26:30,142 INFO __main__ — Condition order_up_to: completed 52/100 (attempt 52, replacements: 0)
2026-04-26 18:26:30,145 INFO __main__ — Condition order_up_to: completed 53/100 (attempt 53, replacements: 0)
2026-04-26 18:26:30,148 INFO __main__ — Condition order_up_to: completed 54/100 (attempt 54, replacements: 0)
2026-04-26 18:26:30,151 INFO __main__ — Condition order_up_to: completed 55/100 (attempt 55, replacements: 0)
2026-04-26 18:26:30,155 INFO __main__ — Condition order_up_to: completed 56/100 (attempt 56, replacements: 0)
2026-04-26 18:26:30,158 INFO __main__ — Condition order_up_to: completed 57/100 (attempt 57, replacements: 0)
2026-04-26 18:26:30,161 INFO __main__ — Condition order_up_to: completed 58/100 (attempt 58, replacements: 0)
2026-04-26 18:26:30,164 INFO __main__ — Condition order_up_to: completed 59/100 (attempt 59, replacements: 0)
2026-04-26 18:26:30,167 INFO __main__ — Condition order_up_to: completed 60/100 (attempt 60, replacements: 0)
2026-04-26 18:26:30,170 INFO __main__ — Condition order_up_to: completed 61/100 (attempt 61, replacements: 0)
2026-04-26 18:26:30,173 INFO __main__ — Condition order_up_to: completed 62/100 (attempt 62, replacements: 0)
2026-04-26 18:26:30,176 INFO __main__ — Condition order_up_to: completed 63/100 (attempt 63, replacements: 0)
2026-04-26 18:26:30,179 INFO __main__ — Condition order_up_to: completed 64/100 (attempt 64, replacements: 0)
2026-04-26 18:26:30,182 INFO __main__ — Condition order_up_to: completed 65/100 (attempt 65, replacements: 0)
2026-04-26 18:26:30,185 INFO __main__ — Condition order_up_to: completed 66/100 (attempt 66, replacements: 0)
2026-04-26 18:26:30,188 INFO __main__ — Condition order_up_to: completed 67/100 (attempt 67, replacements: 0)
2026-04-26 18:26:30,191 INFO __main__ — Condition order_up_to: completed 68/100 (attempt 68, replacements: 0)
2026-04-26 18:26:30,195 INFO __main__ — Condition order_up_to: completed 69/100 (attempt 69, replacements: 0)
2026-04-26 18:26:30,198 INFO __main__ — Condition order_up_to: completed 70/100 (attempt 70, replacements: 0)
2026-04-26 18:26:30,201 INFO __main__ — Condition order_up_to: completed 71/100 (attempt 71, replacements: 0)
2026-04-26 18:26:30,204 INFO __main__ — Condition order_up_to: completed 72/100 (attempt 72, replacements: 0)
2026-04-26 18:26:30,207 INFO __main__ — Condition order_up_to: completed 73/100 (attempt 73, replacements: 0)
2026-04-26 18:26:30,210 INFO __main__ — Condition order_up_to: completed 74/100 (attempt 74, replacements: 0)
2026-04-26 18:26:30,213 INFO __main__ — Condition order_up_to: completed 75/100 (attempt 75, replacements: 0)
2026-04-26 18:26:30,216 INFO __main__ — Condition order_up_to: completed 76/100 (attempt 76, replacements: 0)
2026-04-26 18:26:30,219 INFO __main__ — Condition order_up_to: completed 77/100 (attempt 77, replacements: 0)
2026-04-26 18:26:30,222 INFO __main__ — Condition order_up_to: completed 78/100 (attempt 78, replacements: 0)
2026-04-26 18:26:30,225 INFO __main__ — Condition order_up_to: completed 79/100 (attempt 79, replacements: 0)
2026-04-26 18:26:30,229 INFO __main__ — Condition order_up_to: completed 80/100 (attempt 80, replacements: 0)
2026-04-26 18:26:30,232 INFO __main__ — Condition order_up_to: completed 81/100 (attempt 81, replacements: 0)
2026-04-26 18:26:30,235 INFO __main__ — Condition order_up_to: completed 82/100 (attempt 82, replacements: 0)
2026-04-26 18:26:30,238 INFO __main__ — Condition order_up_to: completed 83/100 (attempt 83, replacements: 0)
2026-04-26 18:26:30,241 INFO __main__ — Condition order_up_to: completed 84/100 (attempt 84, replacements: 0)
2026-04-26 18:26:30,244 INFO __main__ — Condition order_up_to: completed 85/100 (attempt 85, replacements: 0)
2026-04-26 18:26:30,247 INFO __main__ — Condition order_up_to: completed 86/100 (attempt 86, replacements: 0)
2026-04-26 18:26:30,250 INFO __main__ — Condition order_up_to: completed 87/100 (attempt 87, replacements: 0)
2026-04-26 18:26:30,253 INFO __main__ — Condition order_up_to: completed 88/100 (attempt 88, replacements: 0)
2026-04-26 18:26:30,256 INFO __main__ — Condition order_up_to: completed 89/100 (attempt 89, replacements: 0)
2026-04-26 18:26:30,259 INFO __main__ — Condition order_up_to: completed 90/100 (attempt 90, replacements: 0)
2026-04-26 18:26:30,262 INFO __main__ — Condition order_up_to: completed 91/100 (attempt 91, replacements: 0)
2026-04-26 18:26:30,265 INFO __main__ — Condition order_up_to: completed 92/100 (attempt 92, replacements: 0)
2026-04-26 18:26:30,269 INFO __main__ — Condition order_up_to: completed 93/100 (attempt 93, replacements: 0)
2026-04-26 18:26:30,272 INFO __main__ — Condition order_up_to: completed 94/100 (attempt 94, replacements: 0)
2026-04-26 18:26:30,275 INFO __main__ — Condition order_up_to: completed 95/100 (attempt 95, replacements: 0)
2026-04-26 18:26:30,278 INFO __main__ — Condition order_up_to: completed 96/100 (attempt 96, replacements: 0)
2026-04-26 18:26:30,281 INFO __main__ — Condition order_up_to: completed 97/100 (attempt 97, replacements: 0)
2026-04-26 18:26:30,284 INFO __main__ — Condition order_up_to: completed 98/100 (attempt 98, replacements: 0)
2026-04-26 18:26:30,287 INFO __main__ — Condition order_up_to: completed 99/100 (attempt 99, replacements: 0)
2026-04-26 18:26:30,290 INFO __main__ — Condition order_up_to: completed 100/100 (attempt 100, replacements: 0)
2026-04-26 18:26:30,290 INFO __main__ — Condition order_up_to: finished — 100 valid runs in 100 attempts (0 replacement(s))
2026-04-26 18:26:30,345 INFO __main__ — Checkpoint written (31800 records so far)
2026-04-26 18:26:30,481 INFO __main__ — Results saved to results/baselines/20260426T125629
2026-04-26 18:26:30,482 INFO __main__ — === baselines complete — results at results/baselines/20260426T125629 ===
2026-04-26 18:26:30,482 INFO __main__ — === Starting experiment: E1 ===
2026-04-26 18:26:45,938 INFO httpx — HTTP Request: POST http://localhost:11434/v1/chat/completions "HTTP/1.1 200 OK"
2026-04-26 18:26:50,810 INFO httpx — HTTP Request: POST http://localhost:11434/v1/chat/completions "HTTP/1.1 200 OK"
2026-04-26 18:26:55,156 INFO httpx — HTTP Request: POST http://localhost:11434/v1/chat/completions "HTTP/1.1 200 OK"
2026-04-26 18:26:59,775 INFO httpx — HTTP Request: POST http://localhost:11434/v1/chat/completions "HTTP/1.1 200 OK"
2026-04-26 18:27:04,273 INFO httpx — HTTP Request: POST http://localhost:11434/v1/chat/completions "HTTP/1.1 200 OK"
2026-04-26 18:27:09,386 INFO httpx — HTTP Request: POST http://localhost:11434/v1/chat/completions "HTTP/1.1 200 OK"
2026-04-26 18:27:13,354 INFO httpx — HTTP Request: POST http://localhost:11434/v1/chat/completions "HTTP/1.1 200 OK"
2026-04-26 18:27:16,741 INFO httpx — HTTP Request: POST http://localhost:11434/v1/chat/completions "HTTP/1.1 200 OK"
2026-04-26 18:27:21,054 INFO httpx — HTTP Request: POST http://localhost:11434/v1/chat/completions "HTTP/1.1 200 OK"
2026-04-26 18:27:24,312 INFO httpx — HTTP Request: POST http://localhost:11434/v1/chat/completions "HTTP/1.1 200 OK"
2026-04-26 18:27:28,992 INFO httpx — HTTP Request: POST http://localhost:11434/v1/chat/completions "HTTP/1.1 200 OK"
2026-04-26 18:27:33,679 INFO httpx — HTTP Request: POST http://localhost:11434/v1/chat/completions "HTTP/1.1 200 OK"
2026-04-26 18:27:38,199 INFO httpx — HTTP Request: POST http://localhost:11434/v1/chat/completions "HTTP/1.1 200 OK"
2026-04-26 18:27:42,327 INFO httpx — HTTP Request: POST http://localhost:11434/v1/chat/completions "HTTP/1.1 200 OK"
2026-04-26 18:27:46,593 INFO httpx — HTTP Request: POST http://localhost:11434/v1/chat/completions "HTTP/1.1 200 OK"
2026-04-26 18:27:50,291 INFO httpx — HTTP Request: POST http://localhost:11434/v1/chat/completions "HTTP/1.1 200 OK"
2026-04-26 18:27:54,471 INFO httpx — HTTP Request: POST http://localhost:11434/v1/chat/completions "HTTP/1.1 200 OK"
2026-04-26 18:27:58,317 INFO httpx — HTTP Request: POST http://localhost:11434/v1/chat/completions "HTTP/1.1 200 OK"
2026-04-26 18:28:02,907 INFO httpx — HTTP Request: POST http://localhost:11434/v1/chat/completions "HTTP/1.1 200 OK"
2026-04-26 18:28:08,548 INFO httpx — HTTP Request: POST http://localhost:11434/v1/chat/completions "HTTP/1.1 200 OK"
2026-04-26 18:28:12,196 INFO httpx — HTTP Request: POST http://localhost:11434/v1/chat/completions "HTTP/1.1 200 OK"
2026-04-26 18:28:16,368 INFO httpx — HTTP Request: POST http://localhost:11434/v1/chat/completions "HTTP/1.1 200 OK"
2026-04-26 18:28:20,369 INFO httpx — HTTP Request: POST http://localhost:11434/v1/chat/completions "HTTP/1.1 200 OK"
2026-04-26 18:28:24,079 INFO httpx — HTTP Request: POST http://localhost:11434/v1/chat/completions "HTTP/1.1 200 OK"
2026-04-26 18:28:28,836 INFO httpx — HTTP Request: POST http://localhost:11434/v1/chat/completions "HTTP/1.1 200 OK"
2026-04-26 18:28:32,564 INFO httpx — HTTP Request: POST http://localhost:11434/v1/chat/completions "HTTP/1.1 200 OK"
2026-04-26 18:28:36,518 INFO httpx — HTTP Request: POST http://localhost:11434/v1/chat/completions "HTTP/1.1 200 OK"
2026-04-26 18:28:39,898 INFO httpx — HTTP Request: POST http://localhost:11434/v1/chat/completions "HTTP/1.1 200 OK"
2026-04-26 18:28:43,461 INFO httpx — HTTP Request: POST http://localhost:11434/v1/chat/completions "HTTP/1.1 200 OK"
2026-04-26 18:28:49,255 INFO httpx — HTTP Request: POST http://localhost:11434/v1/chat/completions "HTTP/1.1 200 OK"
2026-04-26 18:28:52,435 INFO httpx — HTTP Request: POST http://localhost:11434/v1/chat/completions "HTTP/1.1 200 OK"
2026-04-26 18:28:56,303 INFO httpx — HTTP Request: POST http://localhost:11434/v1/chat/completions "HTTP/1.1 200 OK"
2026-04-26 18:29:01,174 INFO httpx — HTTP Request: POST http://localhost:11434/v1/chat/completions "HTTP/1.1 200 OK"
2026-04-26 18:29:04,162 INFO httpx — HTTP Request: POST http://localhost:11434/v1/chat/completions "HTTP/1.1 200 OK"
2026-04-26 18:29:07,843 INFO httpx — HTTP Request: POST http://localhost:11434/v1/chat/completions "HTTP/1.1 200 OK"
2026-04-26 18:29:12,066 INFO httpx — HTTP Request: POST http://localhost:11434/v1/chat/completions "HTTP/1.1 200 OK"
2026-04-26 18:29:16,765 INFO httpx — HTTP Request: POST http://localhost:11434/v1/chat/completions "HTTP/1.1 200 OK"
2026-04-26 18:29:19,933 INFO httpx — HTTP Request: POST http://localhost:11434/v1/chat/completions "HTTP/1.1 200 OK"
2026-04-26 18:29:23,120 INFO httpx — HTTP Request: POST http://localhost:11434/v1/chat/completions "HTTP/1.1 200 OK"
2026-04-26 18:29:27,323 INFO httpx — HTTP Request: POST http://localhost:11434/v1/chat/completions "HTTP/1.1 200 OK"
2026-04-26 18:29:31,874 INFO httpx — HTTP Request: POST http://localhost:11434/v1/chat/completions "HTTP/1.1 200 OK"
2026-04-26 18:29:35,006 INFO httpx — HTTP Request: POST http://localhost:11434/v1/chat/completions "HTTP/1.1 200 OK"
2026-04-26 18:29:38,607 INFO httpx — HTTP Request: POST http://localhost:11434/v1/chat/completions "HTTP/1.1 200 OK"
2026-04-26 18:29:43,286 INFO httpx — HTTP Request: POST http://localhost:11434/v1/chat/completions "HTTP/1.1 200 OK"
2026-04-26 18:29:46,560 INFO httpx — HTTP Request: POST http://localhost:11434/v1/chat/completions "HTTP/1.1 200 OK"
2026-04-26 18:29:50,389 INFO httpx — HTTP Request: POST http://localhost:11434/v1/chat/completions "HTTP/1.1 200 OK"
2026-04-26 18:29:54,214 INFO httpx — HTTP Request: POST http://localhost:11434/v1/chat/completions "HTTP/1.1 200 OK"
2026-04-26 18:29:57,255 INFO httpx — HTTP Request: POST http://localhost:11434/v1/chat/completions "HTTP/1.1 200 OK"
2026-04-26 18:30:01,923 INFO httpx — HTTP Request: POST http://localhost:11434/v1/chat/completions "HTTP/1.1 200 OK"
2026-04-26 18:30:06,147 INFO httpx — HTTP Request: POST http://localhost:11434/v1/chat/completions "HTTP/1.1 200 OK"
2026-04-26 18:30:11,203 INFO httpx — HTTP Request: POST http://localhost:11434/v1/chat/completions "HTTP/1.1 200 OK"
2026-04-26 18:30:16,084 INFO httpx — HTTP Request: POST http://localhost:11434/v1/chat/completions "HTTP/1.1 200 OK"
2026-04-26 18:30:19,946 INFO httpx — HTTP Request: POST http://localhost:11434/v1/chat/completions "HTTP/1.1 200 OK"
2026-04-26 18:30:23,298 INFO httpx — HTTP Request: POST http://localhost:11434/v1/chat/completions "HTTP/1.1 200 OK"
2026-04-26 18:30:27,663 INFO httpx — HTTP Request: POST http://localhost:11434/v1/chat/completions "HTTP/1.1 200 OK"
2026-04-26 18:30:31,540 INFO httpx — HTTP Request: POST http://localhost:11434/v1/chat/completions "HTTP/1.1 200 OK"
2026-04-26 18:30:35,661 INFO httpx — HTTP Request: POST http://localhost:11434/v1/chat/completions "HTTP/1.1 200 OK"
2026-04-26 18:30:38,863 INFO httpx — HTTP Request: POST http://localhost:11434/v1/chat/completions "HTTP/1.1 200 OK"
2026-04-26 18:30:42,949 INFO httpx — HTTP Request: POST http://localhost:11434/v1/chat/completions "HTTP/1.1 200 OK"
2026-04-26 18:30:46,240 INFO httpx — HTTP Request: POST http://localhost:11434/v1/chat/completions "HTTP/1.1 200 OK"
2026-04-26 18:30:50,512 INFO httpx — HTTP Request: POST http://localhost:11434/v1/chat/completions "HTTP/1.1 200 OK"
2026-04-26 18:30:54,519 INFO httpx — HTTP Request: POST http://localhost:11434/v1/chat/completions "HTTP/1.1 200 OK"
2026-04-26 18:30:57,756 INFO httpx — HTTP Request: POST http://localhost:11434/v1/chat/completions "HTTP/1.1 200 OK"
2026-04-26 18:31:01,266 INFO httpx — HTTP Request: POST http://localhost:11434/v1/chat/completions "HTTP/1.1 200 OK"
2026-04-26 18:31:05,608 INFO httpx — HTTP Request: POST http://localhost:11434/v1/chat/completions "HTTP/1.1 200 OK"
2026-04-26 18:31:10,413 INFO httpx — HTTP Request: POST http://localhost:11434/v1/chat/completions "HTTP/1.1 200 OK"
2026-04-26 18:31:13,996 INFO httpx — HTTP Request: POST http://localhost:11434/v1/chat/completions "HTTP/1.1 200 OK"
2026-04-26 18:31:18,589 INFO httpx — HTTP Request: POST http://localhost:11434/v1/chat/completions "HTTP/1.1 200 OK"
2026-04-26 18:31:21,532 INFO httpx — HTTP Request: POST http://localhost:11434/v1/chat/completions "HTTP/1.1 200 OK"
2026-04-26 18:31:25,161 INFO httpx — HTTP Request: POST http://localhost:11434/v1/chat/completions "HTTP/1.1 200 OK"
2026-04-26 18:31:28,264 INFO httpx — HTTP Request: POST http://localhost:11434/v1/chat/completions "HTTP/1.1 200 OK"
2026-04-26 18:31:31,404 INFO httpx — HTTP Request: POST http://localhost:11434/v1/chat/completions "HTTP/1.1 200 OK"
2026-04-26 18:31:35,956 INFO httpx — HTTP Request: POST http://localhost:11434/v1/chat/completions "HTTP/1.1 200 OK"
2026-04-26 18:31:38,726 INFO httpx — HTTP Request: POST http://localhost:11434/v1/chat/completions "HTTP/1.1 200 OK"
2026-04-26 18:31:42,998 INFO httpx — HTTP Request: POST http://localhost:11434/v1/chat/completions "HTTP/1.1 200 OK"
2026-04-26 18:31:46,347 INFO httpx — HTTP Request: POST http://localhost:11434/v1/chat/completions "HTTP/1.1 200 OK"
2026-04-26 18:31:53,073 INFO httpx — HTTP Request: POST http://localhost:11434/v1/chat/completions "HTTP/1.1 200 OK"
2026-04-26 18:31:56,377 INFO httpx — HTTP Request: POST http://localhost:11434/v1/chat/completions "HTTP/1.1 200 OK"
2026-04-26 18:32:01,169 INFO httpx — HTTP Request: POST http://localhost:11434/v1/chat/completions "HTTP/1.1 200 OK"
2026-04-26 18:32:05,071 INFO httpx — HTTP Request: POST http://localhost:11434/v1/chat/completions "HTTP/1.1 200 OK"
2026-04-26 18:32:09,545 INFO httpx — HTTP Request: POST http://localhost:11434/v1/chat/completions "HTTP/1.1 200 OK"
2026-04-26 18:32:13,459 INFO httpx — HTTP Request: POST http://localhost:11434/v1/chat/completions "HTTP/1.1 200 OK"
2026-04-26 18:32:18,347 INFO httpx — HTTP Request: POST http://localhost:11434/v1/chat/completions "HTTP/1.1 200 OK"
2026-04-26 18:32:21,434 INFO httpx — HTTP Request: POST http://localhost:11434/v1/chat/completions "HTTP/1.1 200 OK"
2026-04-26 18:32:25,404 INFO httpx — HTTP Request: POST http://localhost:11434/v1/chat/completions "HTTP/1.1 200 OK"
2026-04-26 18:32:29,093 INFO httpx — HTTP Request: POST http://localhost:11434/v1/chat/completions "HTTP/1.1 200 OK"
2026-04-26 18:32:32,970 INFO httpx — HTTP Request: POST http://localhost:11434/v1/chat/completions "HTTP/1.1 200 OK"
2026-04-26 18:32:36,874 INFO httpx — HTTP Request: POST http://localhost:11434/v1/chat/completions "HTTP/1.1 200 OK"
2026-04-26 18:32:40,016 INFO httpx — HTTP Request: POST http://localhost:11434/v1/chat/completions "HTTP/1.1 200 OK"
2026-04-26 18:32:43,760 INFO httpx — HTTP Request: POST http://localhost:11434/v1/chat/completions "HTTP/1.1 200 OK"
2026-04-26 18:32:47,718 INFO httpx — HTTP Request: POST http://localhost:11434/v1/chat/completions "HTTP/1.1 200 OK"
2026-04-26 18:32:51,432 INFO httpx — HTTP Request: POST http://localhost:11434/v1/chat/completions "HTTP/1.1 200 OK"
2026-04-26 18:32:56,057 INFO httpx — HTTP Request: POST http://localhost:11434/v1/chat/completions "HTTP/1.1 200 OK"
2026-04-26 18:33:00,867 INFO httpx — HTTP Request: POST http://localhost:11434/v1/chat/completions "HTTP/1.1 200 OK"
2026-04-26 18:33:04,106 INFO httpx — HTTP Request: POST http://localhost:11434/v1/chat/completions "HTTP/1.1 200 OK"
2026-04-26 18:33:08,064 INFO httpx — HTTP Request: POST http://localhost:11434/v1/chat/completions "HTTP/1.1 200 OK"
2026-04-26 18:33:11,428 INFO httpx — HTTP Request: POST http://localhost:11434/v1/chat/completions "HTTP/1.1 200 OK"
2026-04-26 18:33:15,743 INFO httpx — HTTP Request: POST http://localhost:11434/v1/chat/completions "HTTP/1.1 200 OK"
2026-04-26 18:33:18,938 INFO httpx — HTTP Request: POST http://localhost:11434/v1/chat/completions "HTTP/1.1 200 OK"
2026-04-26 18:33:23,190 INFO httpx — HTTP Request: POST http://localhost:11434/v1/chat/completions "HTTP/1.1 200 OK"
2026-04-26 18:33:26,410 INFO httpx — HTTP Request: POST http://localhost:11434/v1/chat/completions "HTTP/1.1 200 OK"
2026-04-26 18:33:30,529 INFO httpx — HTTP Request: POST http://localhost:11434/v1/chat/completions "HTTP/1.1 200 OK"
2026-04-26 18:33:34,196 INFO httpx — HTTP Request: POST http://localhost:11434/v1/chat/completions "HTTP/1.1 200 OK"
2026-04-26 18:33:37,265 INFO httpx — HTTP Request: POST http://localhost:11434/v1/chat/completions "HTTP/1.1 200 OK"
2026-04-26 18:33:42,619 INFO httpx — HTTP Request: POST http://localhost:11434/v1/chat/completions "HTTP/1.1 200 OK"
2026-04-26 18:33:45,645 INFO __main__ — Condition blind_lightweight: completed 1/5 (attempt 1, replacements: 0)
2026-04-26 18:33:45,892 INFO httpx — HTTP Request: POST http://localhost:11434/v1/chat/completions "HTTP/1.1 200 OK"
2026-04-26 18:33:50,220 INFO httpx — HTTP Request: POST http://localhost:11434/v1/chat/completions "HTTP/1.1 200 OK"
2026-04-26 18:33:55,218 INFO httpx — HTTP Request: POST http://localhost:11434/v1/chat/completions "HTTP/1.1 200 OK"
2026-04-26 18:33:59,953 INFO httpx — HTTP Request: POST http://localhost:11434/v1/chat/completions "HTTP/1.1 200 OK"
2026-04-26 18:34:04,415 INFO httpx — HTTP Request: POST http://localhost:11434/v1/chat/completions "HTTP/1.1 200 OK"
2026-04-26 18:34:08,936 INFO httpx — HTTP Request: POST http://localhost:11434/v1/chat/completions "HTTP/1.1 200 OK"
2026-04-26 18:34:13,355 INFO httpx — HTTP Request: POST http://localhost:11434/v1/chat/completions "HTTP/1.1 200 OK"
2026-04-26 18:34:16,224 INFO httpx — HTTP Request: POST http://localhost:11434/v1/chat/completions "HTTP/1.1 200 OK"
2026-04-26 18:34:20,095 INFO httpx — HTTP Request: POST http://localhost:11434/v1/chat/completions "HTTP/1.1 200 OK"
2026-04-26 18:34:23,844 INFO httpx — HTTP Request: POST http://localhost:11434/v1/chat/completions "HTTP/1.1 200 OK"
2026-04-26 18:34:28,619 INFO httpx — HTTP Request: POST http://localhost:11434/v1/chat/completions "HTTP/1.1 200 OK"
2026-04-26 18:34:32,373 INFO httpx — HTTP Request: POST http://localhost:11434/v1/chat/completions "HTTP/1.1 200 OK"
2026-04-26 18:34:35,532 INFO httpx — HTTP Request: POST http://localhost:11434/v1/chat/completions "HTTP/1.1 200 OK"
2026-04-26 18:34:39,462 INFO httpx — HTTP Request: POST http://localhost:11434/v1/chat/completions "HTTP/1.1 200 OK"
2026-04-26 18:34:44,937 INFO httpx — HTTP Request: POST http://localhost:11434/v1/chat/completions "HTTP/1.1 200 OK"
2026-04-26 18:34:48,459 INFO httpx — HTTP Request: POST http://localhost:11434/v1/chat/completions "HTTP/1.1 200 OK"
2026-04-26 18:34:52,256 INFO httpx — HTTP Request: POST http://localhost:11434/v1/chat/completions "HTTP/1.1 200 OK"
2026-04-26 18:34:55,491 INFO httpx — HTTP Request: POST http://localhost:11434/v1/chat/completions "HTTP/1.1 200 OK"
2026-04-26 18:34:58,797 INFO httpx — HTTP Request: POST http://localhost:11434/v1/chat/completions "HTTP/1.1 200 OK"
2026-04-26 18:35:03,468 INFO httpx — HTTP Request: POST http://localhost:11434/v1/chat/completions "HTTP/1.1 200 OK"
2026-04-26 18:35:07,198 INFO httpx — HTTP Request: POST http://localhost:11434/v1/chat/completions "HTTP/1.1 200 OK"
2026-04-26 18:35:10,278 INFO httpx — HTTP Request: POST http://localhost:11434/v1/chat/completions "HTTP/1.1 200 OK"
2026-04-26 18:35:13,165 INFO httpx — HTTP Request: POST http://localhost:11434/v1/chat/completions "HTTP/1.1 200 OK"
2026-04-26 18:35:16,689 INFO httpx — HTTP Request: POST http://localhost:11434/v1/chat/completions "HTTP/1.1 200 OK"
2026-04-26 18:35:19,956 INFO httpx — HTTP Request: POST http://localhost:11434/v1/chat/completions "HTTP/1.1 200 OK"
2026-04-26 18:35:23,098 INFO httpx — HTTP Request: POST http://localhost:11434/v1/chat/completions "HTTP/1.1 200 OK"
2026-04-26 18:35:25,969 INFO httpx — HTTP Request: POST http://localhost:11434/v1/chat/completions "HTTP/1.1 200 OK"
2026-04-26 18:35:29,682 INFO httpx — HTTP Request: POST http://localhost:11434/v1/chat/completions "HTTP/1.1 200 OK"
2026-04-26 18:35:33,905 INFO httpx — HTTP Request: POST http://localhost:11434/v1/chat/completions "HTTP/1.1 200 OK"
2026-04-26 18:35:37,832 INFO httpx — HTTP Request: POST http://localhost:11434/v1/chat/completions "HTTP/1.1 200 OK"
2026-04-26 18:35:41,824 INFO httpx — HTTP Request: POST http://localhost:11434/v1/chat/completions "HTTP/1.1 200 OK"
2026-04-26 18:35:45,583 INFO httpx — HTTP Request: POST http://localhost:11434/v1/chat/completions "HTTP/1.1 200 OK"
2026-04-26 18:35:48,969 INFO httpx — HTTP Request: POST http://localhost:11434/v1/chat/completions "HTTP/1.1 200 OK"
2026-04-26 18:35:53,737 INFO httpx — HTTP Request: POST http://localhost:11434/v1/chat/completions "HTTP/1.1 200 OK"
2026-04-26 18:35:57,903 INFO httpx — HTTP Request: POST http://localhost:11434/v1/chat/completions "HTTP/1.1 200 OK"
2026-04-26 18:36:02,330 INFO httpx — HTTP Request: POST http://localhost:11434/v1/chat/completions "HTTP/1.1 200 OK"
2026-04-26 18:36:06,314 INFO httpx — HTTP Request: POST http://localhost:11434/v1/chat/completions "HTTP/1.1 200 OK"
2026-04-26 18:36:09,858 INFO httpx — HTTP Request: POST http://localhost:11434/v1/chat/completions "HTTP/1.1 200 OK"
2026-04-26 18:36:13,603 INFO httpx — HTTP Request: POST http://localhost:11434/v1/chat/completions "HTTP/1.1 200 OK"
2026-04-26 18:36:16,577 INFO httpx — HTTP Request: POST http://localhost:11434/v1/chat/completions "HTTP/1.1 200 OK"
2026-04-26 18:36:20,171 INFO httpx — HTTP Request: POST http://localhost:11434/v1/chat/completions "HTTP/1.1 200 OK"
2026-04-26 18:36:24,348 INFO httpx — HTTP Request: POST http://localhost:11434/v1/chat/completions "HTTP/1.1 200 OK"
2026-04-26 18:36:27,750 INFO httpx — HTTP Request: POST http://localhost:11434/v1/chat/completions "HTTP/1.1 200 OK"
2026-04-26 18:36:30,742 INFO httpx — HTTP Request: POST http://localhost:11434/v1/chat/completions "HTTP/1.1 200 OK"
2026-04-26 18:36:34,272 INFO httpx — HTTP Request: POST http://localhost:11434/v1/chat/completions "HTTP/1.1 200 OK"
2026-04-26 18:36:38,159 INFO httpx — HTTP Request: POST http://localhost:11434/v1/chat/completions "HTTP/1.1 200 OK"
2026-04-26 18:36:42,434 INFO httpx — HTTP Request: POST http://localhost:11434/v1/chat/completions "HTTP/1.1 200 OK"
2026-04-26 18:36:47,194 INFO httpx — HTTP Request: POST http://localhost:11434/v1/chat/completions "HTTP/1.1 200 OK"
2026-04-26 18:36:50,263 INFO httpx — HTTP Request: POST http://localhost:11434/v1/chat/completions "HTTP/1.1 200 OK"
2026-04-26 18:36:54,456 INFO httpx — HTTP Request: POST http://localhost:11434/v1/chat/completions "HTTP/1.1 200 OK"
2026-04-26 18:36:58,156 INFO httpx — HTTP Request: POST http://localhost:11434/v1/chat/completions "HTTP/1.1 200 OK"
2026-04-26 18:37:01,627 INFO httpx — HTTP Request: POST http://localhost:11434/v1/chat/completions "HTTP/1.1 200 OK"
2026-04-26 18:37:05,732 INFO httpx — HTTP Request: POST http://localhost:11434/v1/chat/completions "HTTP/1.1 200 OK"
2026-04-26 18:37:09,712 INFO httpx — HTTP Request: POST http://localhost:11434/v1/chat/completions "HTTP/1.1 200 OK"
2026-04-26 18:37:14,571 INFO httpx — HTTP Request: POST http://localhost:11434/v1/chat/completions "HTTP/1.1 200 OK"
2026-04-26 18:37:18,872 INFO httpx — HTTP Request: POST http://localhost:11434/v1/chat/completions "HTTP/1.1 200 OK"
2026-04-26 18:37:22,309 INFO httpx — HTTP Request: POST http://localhost:11434/v1/chat/completions "HTTP/1.1 200 OK"
2026-04-26 18:37:25,780 INFO httpx — HTTP Request: POST http://localhost:11434/v1/chat/completions "HTTP/1.1 200 OK"
2026-04-26 18:37:30,143 INFO httpx — HTTP Request: POST http://localhost:11434/v1/chat/completions "HTTP/1.1 200 OK"
2026-04-26 18:37:34,756 INFO httpx — HTTP Request: POST http://localhost:11434/v1/chat/completions "HTTP/1.1 200 OK"
2026-04-26 18:37:38,548 INFO httpx — HTTP Request: POST http://localhost:11434/v1/chat/completions "HTTP/1.1 200 OK"
2026-04-26 18:37:42,105 INFO httpx — HTTP Request: POST http://localhost:11434/v1/chat/completions "HTTP/1.1 200 OK"
2026-04-26 18:37:45,608 INFO httpx — HTTP Request: POST http://localhost:11434/v1/chat/completions "HTTP/1.1 200 OK"
2026-04-26 18:37:48,769 INFO httpx — HTTP Request: POST http://localhost:11434/v1/chat/completions "HTTP/1.1 200 OK"
2026-04-26 18:37:51,956 INFO httpx — HTTP Request: POST http://localhost:11434/v1/chat/completions "HTTP/1.1 200 OK"
2026-04-26 18:37:55,217 INFO httpx — HTTP Request: POST http://localhost:11434/v1/chat/completions "HTTP/1.1 200 OK"
2026-04-26 18:37:58,849 INFO httpx — HTTP Request: POST http://localhost:11434/v1/chat/completions "HTTP/1.1 200 OK"
2026-04-26 18:38:02,951 INFO httpx — HTTP Request: POST http://localhost:11434/v1/chat/completions "HTTP/1.1 200 OK"
2026-04-26 18:38:06,218 INFO httpx — HTTP Request: POST http://localhost:11434/v1/chat/completions "HTTP/1.1 200 OK"
2026-04-26 18:38:09,409 INFO httpx — HTTP Request: POST http://localhost:11434/v1/chat/completions "HTTP/1.1 200 OK"
2026-04-26 18:38:12,176 INFO httpx — HTTP Request: POST http://localhost:11434/v1/chat/completions "HTTP/1.1 200 OK"
2026-04-26 18:38:16,970 INFO httpx — HTTP Request: POST http://localhost:11434/v1/chat/completions "HTTP/1.1 200 OK"
2026-04-26 18:38:20,497 INFO httpx — HTTP Request: POST http://localhost:11434/v1/chat/completions "HTTP/1.1 200 OK"
2026-04-26 18:38:24,737 INFO httpx — HTTP Request: POST http://localhost:11434/v1/chat/completions "HTTP/1.1 200 OK"
2026-04-26 18:38:28,275 INFO httpx — HTTP Request: POST http://localhost:11434/v1/chat/completions "HTTP/1.1 200 OK"
2026-04-26 18:38:33,285 INFO httpx — HTTP Request: POST http://localhost:11434/v1/chat/completions "HTTP/1.1 200 OK"
2026-04-26 18:38:36,776 INFO httpx — HTTP Request: POST http://localhost:11434/v1/chat/completions "HTTP/1.1 200 OK"
2026-04-26 18:38:40,416 INFO httpx — HTTP Request: POST http://localhost:11434/v1/chat/completions "HTTP/1.1 200 OK"
2026-04-26 18:38:43,944 INFO httpx — HTTP Request: POST http://localhost:11434/v1/chat/completions "HTTP/1.1 200 OK"
2026-04-26 18:38:48,653 INFO httpx — HTTP Request: POST http://localhost:11434/v1/chat/completions "HTTP/1.1 200 OK"
2026-04-26 18:38:51,928 INFO httpx — HTTP Request: POST http://localhost:11434/v1/chat/completions "HTTP/1.1 200 OK"
2026-04-26 18:38:55,087 INFO httpx — HTTP Request: POST http://localhost:11434/v1/chat/completions "HTTP/1.1 200 OK"
2026-04-26 18:38:58,397 INFO httpx — HTTP Request: POST http://localhost:11434/v1/chat/completions "HTTP/1.1 200 OK"
2026-04-26 18:39:02,259 INFO httpx — HTTP Request: POST http://localhost:11434/v1/chat/completions "HTTP/1.1 200 OK"
2026-04-26 18:39:06,758 INFO httpx — HTTP Request: POST http://localhost:11434/v1/chat/completions "HTTP/1.1 200 OK"
2026-04-26 18:39:10,754 INFO httpx — HTTP Request: POST http://localhost:11434/v1/chat/completions "HTTP/1.1 200 OK"
2026-04-26 18:39:14,788 INFO httpx — HTTP Request: POST http://localhost:11434/v1/chat/completions "HTTP/1.1 200 OK"
2026-04-26 18:39:18,107 INFO httpx — HTTP Request: POST http://localhost:11434/v1/chat/completions "HTTP/1.1 200 OK"
2026-04-26 18:39:21,898 INFO httpx — HTTP Request: POST http://localhost:11434/v1/chat/completions "HTTP/1.1 200 OK"
2026-04-26 18:39:25,092 INFO httpx — HTTP Request: POST http://localhost:11434/v1/chat/completions "HTTP/1.1 200 OK"
2026-04-26 18:39:28,722 INFO httpx — HTTP Request: POST http://localhost:11434/v1/chat/completions "HTTP/1.1 200 OK"
2026-04-26 18:39:32,882 INFO httpx — HTTP Request: POST http://localhost:11434/v1/chat/completions "HTTP/1.1 200 OK"
2026-04-26 18:39:36,450 INFO httpx — HTTP Request: POST http://localhost:11434/v1/chat/completions "HTTP/1.1 200 OK"
2026-04-26 18:39:39,635 INFO httpx — HTTP Request: POST http://localhost:11434/v1/chat/completions "HTTP/1.1 200 OK"
2026-04-26 18:39:43,206 INFO httpx — HTTP Request: POST http://localhost:11434/v1/chat/completions "HTTP/1.1 200 OK"
2026-04-26 18:39:46,722 INFO httpx — HTTP Request: POST http://localhost:11434/v1/chat/completions "HTTP/1.1 200 OK"
2026-04-26 18:39:50,216 INFO httpx — HTTP Request: POST http://localhost:11434/v1/chat/completions "HTTP/1.1 200 OK"
2026-04-26 18:39:54,572 INFO httpx — HTTP Request: POST http://localhost:11434/v1/chat/completions "HTTP/1.1 200 OK"
2026-04-26 18:39:57,631 INFO httpx — HTTP Request: POST http://localhost:11434/v1/chat/completions "HTTP/1.1 200 OK"
2026-04-26 18:40:01,013 INFO httpx — HTTP Request: POST http://localhost:11434/v1/chat/completions "HTTP/1.1 200 OK"
2026-04-26 18:40:05,626 INFO httpx — HTTP Request: POST http://localhost:11434/v1/chat/completions "HTTP/1.1 200 OK"
2026-04-26 18:40:08,892 INFO httpx — HTTP Request: POST http://localhost:11434/v1/chat/completions "HTTP/1.1 200 OK"
2026-04-26 18:40:11,920 INFO httpx — HTTP Request: POST http://localhost:11434/v1/chat/completions "HTTP/1.1 200 OK"
2026-04-26 18:40:15,591 INFO httpx — HTTP Request: POST http://localhost:11434/v1/chat/completions "HTTP/1.1 200 OK"
2026-04-26 18:40:18,965 INFO httpx — HTTP Request: POST http://localhost:11434/v1/chat/completions "HTTP/1.1 200 OK"
2026-04-26 18:40:23,522 INFO __main__ — Condition blind_lightweight: completed 2/5 (attempt 2, replacements: 0)
2026-04-26 18:40:23,763 INFO httpx — HTTP Request: POST http://localhost:11434/v1/chat/completions "HTTP/1.1 200 OK"
2026-04-26 18:40:28,267 INFO httpx — HTTP Request: POST http://localhost:11434/v1/chat/completions "HTTP/1.1 200 OK"
2026-04-26 18:40:33,871 INFO httpx — HTTP Request: POST http://localhost:11434/v1/chat/completions "HTTP/1.1 200 OK"
2026-04-26 18:40:37,818 INFO httpx — HTTP Request: POST http://localhost:11434/v1/chat/completions "HTTP/1.1 200 OK"
2026-04-26 18:40:41,827 INFO httpx — HTTP Request: POST http://localhost:11434/v1/chat/completions "HTTP/1.1 200 OK"
2026-04-26 18:40:45,854 INFO httpx — HTTP Request: POST http://localhost:11434/v1/chat/completions "HTTP/1.1 200 OK"
2026-04-26 18:40:50,215 INFO httpx — HTTP Request: POST http://localhost:11434/v1/chat/completions "HTTP/1.1 200 OK"
2026-04-26 18:40:55,105 INFO httpx — HTTP Request: POST http://localhost:11434/v1/chat/completions "HTTP/1.1 200 OK"
2026-04-26 18:40:59,566 INFO httpx — HTTP Request: POST http://localhost:11434/v1/chat/completions "HTTP/1.1 200 OK"
2026-04-26 18:41:04,372 INFO httpx — HTTP Request: POST http://localhost:11434/v1/chat/completions "HTTP/1.1 200 OK"
2026-04-26 18:41:08,323 INFO httpx — HTTP Request: POST http://localhost:11434/v1/chat/completions "HTTP/1.1 200 OK"
2026-04-26 18:41:12,590 INFO httpx — HTTP Request: POST http://localhost:11434/v1/chat/completions "HTTP/1.1 200 OK"
2026-04-26 18:41:17,663 INFO httpx — HTTP Request: POST http://localhost:11434/v1/chat/completions "HTTP/1.1 200 OK"
2026-04-26 18:41:21,220 INFO httpx — HTTP Request: POST http://localhost:11434/v1/chat/completions "HTTP/1.1 200 OK"
2026-04-26 18:41:26,713 INFO httpx — HTTP Request: POST http://localhost:11434/v1/chat/completions "HTTP/1.1 200 OK"
2026-04-26 18:41:31,094 INFO httpx — HTTP Request: POST http://localhost:11434/v1/chat/completions "HTTP/1.1 200 OK"
2026-04-26 18:41:35,260 INFO httpx — HTTP Request: POST http://localhost:11434/v1/chat/completions "HTTP/1.1 200 OK"
2026-04-26 18:41:39,153 INFO httpx — HTTP Request: POST http://localhost:11434/v1/chat/completions "HTTP/1.1 200 OK"
2026-04-26 18:41:43,127 INFO httpx — HTTP Request: POST http://localhost:11434/v1/chat/completions "HTTP/1.1 200 OK"
2026-04-26 18:41:47,858 INFO httpx — HTTP Request: POST http://localhost:11434/v1/chat/completions "HTTP/1.1 200 OK"
2026-04-26 18:41:51,109 INFO httpx — HTTP Request: POST http://localhost:11434/v1/chat/completions "HTTP/1.1 200 OK"
2026-04-26 18:41:54,487 INFO httpx — HTTP Request: POST http://localhost:11434/v1/chat/completions "HTTP/1.1 200 OK"
2026-04-26 18:41:59,158 INFO httpx — HTTP Request: POST http://localhost:11434/v1/chat/completions "HTTP/1.1 200 OK"
2026-04-26 18:42:03,634 INFO httpx — HTTP Request: POST http://localhost:11434/v1/chat/completions "HTTP/1.1 200 OK"
2026-04-26 18:42:08,388 INFO httpx — HTTP Request: POST http://localhost:11434/v1/chat/completions "HTTP/1.1 200 OK"
2026-04-26 18:42:12,972 INFO httpx — HTTP Request: POST http://localhost:11434/v1/chat/completions "HTTP/1.1 200 OK"
2026-04-26 18:42:15,979 INFO httpx — HTTP Request: POST http://localhost:11434/v1/chat/completions "HTTP/1.1 200 OK"
2026-04-26 18:42:19,647 INFO httpx — HTTP Request: POST http://localhost:11434/v1/chat/completions "HTTP/1.1 200 OK"
2026-04-26 18:42:23,353 INFO httpx — HTTP Request: POST http://localhost:11434/v1/chat/completions "HTTP/1.1 200 OK"
2026-04-26 18:42:28,085 INFO httpx — HTTP Request: POST http://localhost:11434/v1/chat/completions "HTTP/1.1 200 OK"
2026-04-26 18:42:32,980 INFO httpx — HTTP Request: POST http://localhost:11434/v1/chat/completions "HTTP/1.1 200 OK"
2026-04-26 18:42:37,592 INFO httpx — HTTP Request: POST http://localhost:11434/v1/chat/completions "HTTP/1.1 200 OK"
2026-04-26 18:42:41,465 INFO httpx — HTTP Request: POST http://localhost:11434/v1/chat/completions "HTTP/1.1 200 OK"
2026-04-26 18:42:46,248 INFO httpx — HTTP Request: POST http://localhost:11434/v1/chat/completions "HTTP/1.1 200 OK"
2026-04-26 18:42:50,574 INFO httpx — HTTP Request: POST http://localhost:11434/v1/chat/completions "HTTP/1.1 200 OK"
2026-04-26 18:42:54,255 INFO httpx — HTTP Request: POST http://localhost:11434/v1/chat/completions "HTTP/1.1 200 OK"
2026-04-26 18:42:57,231 INFO httpx — HTTP Request: POST http://localhost:11434/v1/chat/completions "HTTP/1.1 200 OK"
2026-04-26 18:43:00,932 INFO httpx — HTTP Request: POST http://localhost:11434/v1/chat/completions "HTTP/1.1 200 OK"
2026-04-26 18:43:04,704 INFO httpx — HTTP Request: POST http://localhost:11434/v1/chat/completions "HTTP/1.1 200 OK"
2026-04-26 18:43:08,251 INFO httpx — HTTP Request: POST http://localhost:11434/v1/chat/completions "HTTP/1.1 200 OK"
2026-04-26 18:43:11,415 INFO httpx — HTTP Request: POST http://localhost:11434/v1/chat/completions "HTTP/1.1 200 OK"
2026-04-26 18:43:14,598 INFO httpx — HTTP Request: POST http://localhost:11434/v1/chat/completions "HTTP/1.1 200 OK"
2026-04-26 18:43:18,552 INFO httpx — HTTP Request: POST http://localhost:11434/v1/chat/completions "HTTP/1.1 200 OK"
2026-04-26 18:43:22,058 INFO httpx — HTTP Request: POST http://localhost:11434/v1/chat/completions "HTTP/1.1 200 OK"
2026-04-26 18:43:25,638 INFO httpx — HTTP Request: POST http://localhost:11434/v1/chat/completions "HTTP/1.1 200 OK"
2026-04-26 18:43:29,321 INFO httpx — HTTP Request: POST http://localhost:11434/v1/chat/completions "HTTP/1.1 200 OK"
2026-04-26 18:43:33,811 INFO httpx — HTTP Request: POST http://localhost:11434/v1/chat/completions "HTTP/1.1 200 OK"
2026-04-26 18:43:37,172 INFO httpx — HTTP Request: POST http://localhost:11434/v1/chat/completions "HTTP/1.1 200 OK"
2026-04-26 18:43:41,270 INFO httpx — HTTP Request: POST http://localhost:11434/v1/chat/completions "HTTP/1.1 200 OK"
2026-04-26 18:43:44,590 INFO httpx — HTTP Request: POST http://localhost:11434/v1/chat/completions "HTTP/1.1 200 OK"
2026-04-26 18:43:48,124 INFO httpx — HTTP Request: POST http://localhost:11434/v1/chat/completions "HTTP/1.1 200 OK"
2026-04-26 18:43:52,158 INFO httpx — HTTP Request: POST http://localhost:11434/v1/chat/completions "HTTP/1.1 200 OK"
2026-04-26 18:43:55,380 INFO httpx — HTTP Request: POST http://localhost:11434/v1/chat/completions "HTTP/1.1 200 OK"
2026-04-26 18:43:58,835 INFO httpx — HTTP Request: POST http://localhost:11434/v1/chat/completions "HTTP/1.1 200 OK"
2026-04-26 18:44:02,780 INFO httpx — HTTP Request: POST http://localhost:11434/v1/chat/completions "HTTP/1.1 200 OK"
2026-04-26 18:44:07,547 INFO httpx — HTTP Request: POST http://localhost:11434/v1/chat/completions "HTTP/1.1 200 OK"
2026-04-26 18:44:12,526 INFO httpx — HTTP Request: POST http://localhost:11434/v1/chat/completions "HTTP/1.1 200 OK"
2026-04-26 18:44:16,229 INFO httpx — HTTP Request: POST http://localhost:11434/v1/chat/completions "HTTP/1.1 200 OK"
2026-04-26 18:44:19,682 INFO httpx — HTTP Request: POST http://localhost:11434/v1/chat/completions "HTTP/1.1 200 OK"
2026-04-26 18:44:23,581 INFO httpx — HTTP Request: POST http://localhost:11434/v1/chat/completions "HTTP/1.1 200 OK"
2026-04-26 18:44:26,737 INFO httpx — HTTP Request: POST http://localhost:11434/v1/chat/completions "HTTP/1.1 200 OK"
2026-04-26 18:44:31,905 INFO httpx — HTTP Request: POST http://localhost:11434/v1/chat/completions "HTTP/1.1 200 OK"
2026-04-26 18:44:36,466 INFO httpx — HTTP Request: POST http://localhost:11434/v1/chat/completions "HTTP/1.1 200 OK"
2026-04-26 18:44:39,453 INFO httpx — HTTP Request: POST http://localhost:11434/v1/chat/completions "HTTP/1.1 200 OK"
2026-04-26 18:44:42,575 INFO httpx — HTTP Request: POST http://localhost:11434/v1/chat/completions "HTTP/1.1 200 OK"
2026-04-26 18:44:46,190 INFO httpx — HTTP Request: POST http://localhost:11434/v1/chat/completions "HTTP/1.1 200 OK"
2026-04-26 18:44:49,486 INFO httpx — HTTP Request: POST http://localhost:11434/v1/chat/completions "HTTP/1.1 200 OK"
2026-04-26 18:44:53,214 INFO httpx — HTTP Request: POST http://localhost:11434/v1/chat/completions "HTTP/1.1 200 OK"
2026-04-26 18:44:56,402 INFO httpx — HTTP Request: POST http://localhost:11434/v1/chat/completions "HTTP/1.1 200 OK"
2026-04-26 18:45:00,263 INFO httpx — HTTP Request: POST http://localhost:11434/v1/chat/completions "HTTP/1.1 200 OK"
2026-04-26 18:45:04,573 INFO httpx — HTTP Request: POST http://localhost:11434/v1/chat/completions "HTTP/1.1 200 OK"
2026-04-26 18:45:07,801 INFO httpx — HTTP Request: POST http://localhost:11434/v1/chat/completions "HTTP/1.1 200 OK"
2026-04-26 18:45:11,469 INFO httpx — HTTP Request: POST http://localhost:11434/v1/chat/completions "HTTP/1.1 200 OK"
2026-04-26 18:45:15,117 INFO httpx — HTTP Request: POST http://localhost:11434/v1/chat/completions "HTTP/1.1 200 OK"
2026-04-26 18:45:19,419 INFO httpx — HTTP Request: POST http://localhost:11434/v1/chat/completions "HTTP/1.1 200 OK"
2026-04-26 18:45:22,628 INFO httpx — HTTP Request: POST http://localhost:11434/v1/chat/completions "HTTP/1.1 200 OK"
2026-04-26 18:45:27,544 INFO httpx — HTTP Request: POST http://localhost:11434/v1/chat/completions "HTTP/1.1 200 OK"
2026-04-26 18:45:30,686 INFO httpx — HTTP Request: POST http://localhost:11434/v1/chat/completions "HTTP/1.1 200 OK"
2026-04-26 18:45:34,320 INFO httpx — HTTP Request: POST http://localhost:11434/v1/chat/completions "HTTP/1.1 200 OK"
2026-04-26 18:45:38,375 INFO httpx — HTTP Request: POST http://localhost:11434/v1/chat/completions "HTTP/1.1 200 OK"
2026-04-26 18:45:41,787 INFO httpx — HTTP Request: POST http://localhost:11434/v1/chat/completions "HTTP/1.1 200 OK"
2026-04-26 18:45:46,489 INFO httpx — HTTP Request: POST http://localhost:11434/v1/chat/completions "HTTP/1.1 200 OK"
2026-04-26 18:45:50,031 INFO httpx — HTTP Request: POST http://localhost:11434/v1/chat/completions "HTTP/1.1 200 OK"
2026-04-26 18:45:53,225 INFO httpx — HTTP Request: POST http://localhost:11434/v1/chat/completions "HTTP/1.1 200 OK"
2026-04-26 18:45:56,745 INFO httpx — HTTP Request: POST http://localhost:11434/v1/chat/completions "HTTP/1.1 200 OK"
2026-04-26 18:46:00,383 INFO httpx — HTTP Request: POST http://localhost:11434/v1/chat/completions "HTTP/1.1 200 OK"
2026-04-26 18:46:04,402 INFO httpx — HTTP Request: POST http://localhost:11434/v1/chat/completions "HTTP/1.1 200 OK"
2026-04-26 18:46:08,586 INFO httpx — HTTP Request: POST http://localhost:11434/v1/chat/completions "HTTP/1.1 200 OK"
2026-04-26 18:46:12,778 INFO httpx — HTTP Request: POST http://localhost:11434/v1/chat/completions "HTTP/1.1 200 OK"
2026-04-26 18:46:16,305 INFO httpx — HTTP Request: POST http://localhost:11434/v1/chat/completions "HTTP/1.1 200 OK"
2026-04-26 18:46:19,930 INFO httpx — HTTP Request: POST http://localhost:11434/v1/chat/completions "HTTP/1.1 200 OK"
2026-04-26 18:46:23,423 INFO httpx — HTTP Request: POST http://localhost:11434/v1/chat/completions "HTTP/1.1 200 OK"
2026-04-26 18:46:26,444 INFO httpx — HTTP Request: POST http://localhost:11434/v1/chat/completions "HTTP/1.1 200 OK"
2026-04-26 18:46:29,511 INFO httpx — HTTP Request: POST http://localhost:11434/v1/chat/completions "HTTP/1.1 200 OK"
2026-04-26 18:46:32,793 INFO httpx — HTTP Request: POST http://localhost:11434/v1/chat/completions "HTTP/1.1 200 OK"
2026-04-26 18:46:37,931 INFO httpx — HTTP Request: POST http://localhost:11434/v1/chat/completions "HTTP/1.1 200 OK"
2026-04-26 18:46:42,011 INFO httpx — HTTP Request: POST http://localhost:11434/v1/chat/completions "HTTP/1.1 200 OK"
2026-04-26 18:46:45,916 INFO httpx — HTTP Request: POST http://localhost:11434/v1/chat/completions "HTTP/1.1 200 OK"
2026-04-26 18:46:50,355 INFO httpx — HTTP Request: POST http://localhost:11434/v1/chat/completions "HTTP/1.1 200 OK"
2026-04-26 18:46:53,281 INFO httpx — HTTP Request: POST http://localhost:11434/v1/chat/completions "HTTP/1.1 200 OK"
2026-04-26 18:46:56,790 INFO httpx — HTTP Request: POST http://localhost:11434/v1/chat/completions "HTTP/1.1 200 OK"
2026-04-26 18:47:00,159 INFO httpx — HTTP Request: POST http://localhost:11434/v1/chat/completions "HTTP/1.1 200 OK"
2026-04-26 18:47:04,048 INFO httpx — HTTP Request: POST http://localhost:11434/v1/chat/completions "HTTP/1.1 200 OK"
2026-04-26 18:47:07,997 INFO httpx — HTTP Request: POST http://localhost:11434/v1/chat/completions "HTTP/1.1 200 OK"
2026-04-26 18:47:11,680 INFO httpx — HTTP Request: POST http://localhost:11434/v1/chat/completions "HTTP/1.1 200 OK"
2026-04-26 18:47:14,776 INFO __main__ — Condition blind_lightweight: completed 3/5 (attempt 3, replacements: 0)
2026-04-26 18:47:15,015 INFO httpx — HTTP Request: POST http://localhost:11434/v1/chat/completions "HTTP/1.1 200 OK"
2026-04-26 18:47:19,699 INFO httpx — HTTP Request: POST http://localhost:11434/v1/chat/completions "HTTP/1.1 200 OK"
2026-04-26 18:47:24,411 INFO httpx — HTTP Request: POST http://localhost:11434/v1/chat/completions "HTTP/1.1 200 OK"
2026-04-26 18:47:27,752 INFO httpx — HTTP Request: POST http://localhost:11434/v1/chat/completions "HTTP/1.1 200 OK"
2026-04-26 18:47:32,452 INFO httpx — HTTP Request: POST http://localhost:11434/v1/chat/completions "HTTP/1.1 200 OK"
2026-04-26 18:47:36,950 INFO httpx — HTTP Request: POST http://localhost:11434/v1/chat/completions "HTTP/1.1 200 OK"
2026-04-26 18:47:40,592 INFO httpx — HTTP Request: POST http://localhost:11434/v1/chat/completions "HTTP/1.1 200 OK"
2026-04-26 18:47:44,336 INFO httpx — HTTP Request: POST http://localhost:11434/v1/chat/completions "HTTP/1.1 200 OK"
2026-04-26 18:47:48,289 INFO httpx — HTTP Request: POST http://localhost:11434/v1/chat/completions "HTTP/1.1 200 OK"
2026-04-26 18:47:52,168 INFO httpx — HTTP Request: POST http://localhost:11434/v1/chat/completions "HTTP/1.1 200 OK"
2026-04-26 18:47:56,220 INFO httpx — HTTP Request: POST http://localhost:11434/v1/chat/completions "HTTP/1.1 200 OK"
2026-04-26 18:48:00,174 INFO httpx — HTTP Request: POST http://localhost:11434/v1/chat/completions "HTTP/1.1 200 OK"
2026-04-26 18:48:04,244 INFO httpx — HTTP Request: POST http://localhost:11434/v1/chat/completions "HTTP/1.1 200 OK"
2026-04-26 18:48:08,862 INFO httpx — HTTP Request: POST http://localhost:11434/v1/chat/completions "HTTP/1.1 200 OK"
2026-04-26 18:48:13,726 INFO httpx — HTTP Request: POST http://localhost:11434/v1/chat/completions "HTTP/1.1 200 OK"
2026-04-26 18:48:19,037 INFO httpx — HTTP Request: POST http://localhost:11434/v1/chat/completions "HTTP/1.1 200 OK"
2026-04-26 18:48:23,774 INFO httpx — HTTP Request: POST http://localhost:11434/v1/chat/completions "HTTP/1.1 200 OK"
2026-04-26 18:48:28,410 INFO httpx — HTTP Request: POST http://localhost:11434/v1/chat/completions "HTTP/1.1 200 OK"
2026-04-26 18:48:32,394 INFO httpx — HTTP Request: POST http://localhost:11434/v1/chat/completions "HTTP/1.1 200 OK"
2026-04-26 18:48:36,915 INFO httpx — HTTP Request: POST http://localhost:11434/v1/chat/completions "HTTP/1.1 200 OK"
2026-04-26 18:48:40,897 INFO httpx — HTTP Request: POST http://localhost:11434/v1/chat/completions "HTTP/1.1 200 OK"
2026-04-26 18:48:44,378 INFO httpx — HTTP Request: POST http://localhost:11434/v1/chat/completions "HTTP/1.1 200 OK"
2026-04-26 18:48:48,287 INFO httpx — HTTP Request: POST http://localhost:11434/v1/chat/completions "HTTP/1.1 200 OK"
2026-04-26 18:48:53,657 INFO httpx — HTTP Request: POST http://localhost:11434/v1/chat/completions "HTTP/1.1 200 OK"
2026-04-26 18:48:56,691 INFO httpx — HTTP Request: POST http://localhost:11434/v1/chat/completions "HTTP/1.1 200 OK"
2026-04-26 18:49:00,866 INFO httpx — HTTP Request: POST http://localhost:11434/v1/chat/completions "HTTP/1.1 200 OK"
2026-04-26 18:49:08,409 INFO httpx — HTTP Request: POST http://localhost:11434/v1/chat/completions "HTTP/1.1 200 OK"
2026-04-26 18:49:12,070 INFO httpx — HTTP Request: POST http://localhost:11434/v1/chat/completions "HTTP/1.1 200 OK"
2026-04-26 18:49:16,891 INFO httpx — HTTP Request: POST http://localhost:11434/v1/chat/completions "HTTP/1.1 200 OK"
2026-04-26 18:49:21,826 INFO httpx — HTTP Request: POST http://localhost:11434/v1/chat/completions "HTTP/1.1 200 OK"
2026-04-26 18:49:25,691 INFO httpx — HTTP Request: POST http://localhost:11434/v1/chat/completions "HTTP/1.1 200 OK"
2026-04-26 18:49:29,456 INFO httpx — HTTP Request: POST http://localhost:11434/v1/chat/completions "HTTP/1.1 200 OK"
2026-04-26 18:49:36,052 INFO httpx — HTTP Request: POST http://localhost:11434/v1/chat/completions "HTTP/1.1 200 OK"
2026-04-26 18:49:39,962 INFO httpx — HTTP Request: POST http://localhost:11434/v1/chat/completions "HTTP/1.1 200 OK"
2026-04-26 18:49:44,775 INFO httpx — HTTP Request: POST http://localhost:11434/v1/chat/completions "HTTP/1.1 200 OK"
2026-04-26 18:49:48,931 INFO httpx — HTTP Request: POST http://localhost:11434/v1/chat/completions "HTTP/1.1 200 OK"
2026-04-26 18:49:52,105 INFO httpx — HTTP Request: POST http://localhost:11434/v1/chat/completions "HTTP/1.1 200 OK"
2026-04-26 18:49:57,527 INFO httpx — HTTP Request: POST http://localhost:11434/v1/chat/completions "HTTP/1.1 200 OK"
2026-04-26 18:50:01,647 INFO httpx — HTTP Request: POST http://localhost:11434/v1/chat/completions "HTTP/1.1 200 OK"
2026-04-26 18:50:05,162 INFO httpx — HTTP Request: POST http://localhost:11434/v1/chat/completions "HTTP/1.1 200 OK"
2026-04-26 18:50:08,724 INFO httpx — HTTP Request: POST http://localhost:11434/v1/chat/completions "HTTP/1.1 200 OK"
2026-04-26 18:50:13,029 INFO httpx — HTTP Request: POST http://localhost:11434/v1/chat/completions "HTTP/1.1 200 OK"
2026-04-26 18:50:16,486 INFO httpx — HTTP Request: POST http://localhost:11434/v1/chat/completions "HTTP/1.1 200 OK"
2026-04-26 18:50:21,281 INFO httpx — HTTP Request: POST http://localhost:11434/v1/chat/completions "HTTP/1.1 200 OK"
2026-04-26 18:50:25,217 INFO httpx — HTTP Request: POST http://localhost:11434/v1/chat/completions "HTTP/1.1 200 OK"
2026-04-26 18:50:28,108 INFO httpx — HTTP Request: POST http://localhost:11434/v1/chat/completions "HTTP/1.1 200 OK"
2026-04-26 18:50:32,361 INFO httpx — HTTP Request: POST http://localhost:11434/v1/chat/completions "HTTP/1.1 200 OK"
2026-04-26 18:50:37,931 INFO httpx — HTTP Request: POST http://localhost:11434/v1/chat/completions "HTTP/1.1 200 OK"
2026-04-26 18:50:40,834 INFO httpx — HTTP Request: POST http://localhost:11434/v1/chat/completions "HTTP/1.1 200 OK"
2026-04-26 18:50:45,110 INFO httpx — HTTP Request: POST http://localhost:11434/v1/chat/completions "HTTP/1.1 200 OK"
2026-04-26 18:50:48,625 INFO httpx — HTTP Request: POST http://localhost:11434/v1/chat/completions "HTTP/1.1 200 OK"
2026-04-26 18:50:52,603 INFO httpx — HTTP Request: POST http://localhost:11434/v1/chat/completions "HTTP/1.1 200 OK"
2026-04-26 18:50:55,766 INFO httpx — HTTP Request: POST http://localhost:11434/v1/chat/completions "HTTP/1.1 200 OK"
2026-04-26 18:50:58,978 INFO httpx — HTTP Request: POST http://localhost:11434/v1/chat/completions "HTTP/1.1 200 OK"
2026-04-26 18:51:03,019 INFO httpx — HTTP Request: POST http://localhost:11434/v1/chat/completions "HTTP/1.1 200 OK"
2026-04-26 18:51:06,320 INFO httpx — HTTP Request: POST http://localhost:11434/v1/chat/completions "HTTP/1.1 200 OK"
2026-04-26 18:51:11,216 INFO httpx — HTTP Request: POST http://localhost:11434/v1/chat/completions "HTTP/1.1 200 OK"
2026-04-26 18:51:15,873 INFO httpx — HTTP Request: POST http://localhost:11434/v1/chat/completions "HTTP/1.1 200 OK"
2026-04-26 18:51:19,273 INFO httpx — HTTP Request: POST http://localhost:11434/v1/chat/completions "HTTP/1.1 200 OK"
2026-04-26 18:51:22,789 INFO httpx — HTTP Request: POST http://localhost:11434/v1/chat/completions "HTTP/1.1 200 OK"
2026-04-26 18:51:26,465 INFO httpx — HTTP Request: POST http://localhost:11434/v1/chat/completions "HTTP/1.1 200 OK"
2026-04-26 18:51:29,989 INFO httpx — HTTP Request: POST http://localhost:11434/v1/chat/completions "HTTP/1.1 200 OK"
2026-04-26 18:51:33,717 INFO httpx — HTTP Request: POST http://localhost:11434/v1/chat/completions "HTTP/1.1 200 OK"
2026-04-26 18:51:38,957 INFO httpx — HTTP Request: POST http://localhost:11434/v1/chat/completions "HTTP/1.1 200 OK"
2026-04-26 18:51:42,716 INFO httpx — HTTP Request: POST http://localhost:11434/v1/chat/completions "HTTP/1.1 200 OK"
2026-04-26 18:51:47,523 INFO httpx — HTTP Request: POST http://localhost:11434/v1/chat/completions "HTTP/1.1 200 OK"
2026-04-26 18:51:51,055 INFO httpx — HTTP Request: POST http://localhost:11434/v1/chat/completions "HTTP/1.1 200 OK"
2026-04-26 18:51:54,706 INFO httpx — HTTP Request: POST http://localhost:11434/v1/chat/completions "HTTP/1.1 200 OK"
2026-04-26 18:51:57,897 INFO httpx — HTTP Request: POST http://localhost:11434/v1/chat/completions "HTTP/1.1 200 OK"
2026-04-26 18:52:02,503 INFO httpx — HTTP Request: POST http://localhost:11434/v1/chat/completions "HTTP/1.1 200 OK"
2026-04-26 18:52:05,790 INFO httpx — HTTP Request: POST http://localhost:11434/v1/chat/completions "HTTP/1.1 200 OK"
2026-04-26 18:52:10,517 INFO httpx — HTTP Request: POST http://localhost:11434/v1/chat/completions "HTTP/1.1 200 OK"
2026-04-26 18:52:13,623 INFO httpx — HTTP Request: POST http://localhost:11434/v1/chat/completions "HTTP/1.1 200 OK"
2026-04-26 18:52:17,196 INFO httpx — HTTP Request: POST http://localhost:11434/v1/chat/completions "HTTP/1.1 200 OK"
2026-04-26 18:52:22,124 INFO httpx — HTTP Request: POST http://localhost:11434/v1/chat/completions "HTTP/1.1 200 OK"
2026-04-26 18:52:25,607 INFO httpx — HTTP Request: POST http://localhost:11434/v1/chat/completions "HTTP/1.1 200 OK"
2026-04-26 18:52:29,295 INFO httpx — HTTP Request: POST http://localhost:11434/v1/chat/completions "HTTP/1.1 200 OK"
2026-04-26 18:52:32,723 INFO httpx — HTTP Request: POST http://localhost:11434/v1/chat/completions "HTTP/1.1 200 OK"
2026-04-26 18:52:37,575 INFO httpx — HTTP Request: POST http://localhost:11434/v1/chat/completions "HTTP/1.1 200 OK"
2026-04-26 18:52:41,130 INFO httpx — HTTP Request: POST http://localhost:11434/v1/chat/completions "HTTP/1.1 200 OK"
2026-04-26 18:52:44,362 INFO httpx — HTTP Request: POST http://localhost:11434/v1/chat/completions "HTTP/1.1 200 OK"
2026-04-26 18:52:48,098 INFO httpx — HTTP Request: POST http://localhost:11434/v1/chat/completions "HTTP/1.1 200 OK"
2026-04-26 18:52:52,659 INFO httpx — HTTP Request: POST http://localhost:11434/v1/chat/completions "HTTP/1.1 200 OK"
2026-04-26 18:52:56,540 INFO httpx — HTTP Request: POST http://localhost:11434/v1/chat/completions "HTTP/1.1 200 OK"
2026-04-26 18:52:59,745 INFO httpx — HTTP Request: POST http://localhost:11434/v1/chat/completions "HTTP/1.1 200 OK"
2026-04-26 18:53:04,149 INFO httpx — HTTP Request: POST http://localhost:11434/v1/chat/completions "HTTP/1.1 200 OK"
2026-04-26 18:53:07,790 INFO httpx — HTTP Request: POST http://localhost:11434/v1/chat/completions "HTTP/1.1 200 OK"
2026-04-26 18:53:11,025 INFO httpx — HTTP Request: POST http://localhost:11434/v1/chat/completions "HTTP/1.1 200 OK"
2026-04-26 18:53:14,563 INFO httpx — HTTP Request: POST http://localhost:11434/v1/chat/completions "HTTP/1.1 200 OK"
2026-04-26 18:53:17,852 INFO httpx — HTTP Request: POST http://localhost:11434/v1/chat/completions "HTTP/1.1 200 OK"
2026-04-26 18:53:21,083 INFO httpx — HTTP Request: POST http://localhost:11434/v1/chat/completions "HTTP/1.1 200 OK"
2026-04-26 18:53:24,254 INFO httpx — HTTP Request: POST http://localhost:11434/v1/chat/completions "HTTP/1.1 200 OK"
2026-04-26 18:53:28,994 INFO httpx — HTTP Request: POST http://localhost:11434/v1/chat/completions "HTTP/1.1 200 OK"
2026-04-26 18:53:33,629 INFO httpx — HTTP Request: POST http://localhost:11434/v1/chat/completions "HTTP/1.1 200 OK"
2026-04-26 18:53:37,365 INFO httpx — HTTP Request: POST http://localhost:11434/v1/chat/completions "HTTP/1.1 200 OK"
2026-04-26 18:53:41,072 INFO httpx — HTTP Request: POST http://localhost:11434/v1/chat/completions "HTTP/1.1 200 OK"
2026-04-26 18:53:45,646 INFO httpx — HTTP Request: POST http://localhost:11434/v1/chat/completions "HTTP/1.1 200 OK"
2026-04-26 18:53:48,857 INFO httpx — HTTP Request: POST http://localhost:11434/v1/chat/completions "HTTP/1.1 200 OK"
2026-04-26 18:53:52,160 INFO httpx — HTTP Request: POST http://localhost:11434/v1/chat/completions "HTTP/1.1 200 OK"
2026-04-26 18:53:55,309 INFO httpx — HTTP Request: POST http://localhost:11434/v1/chat/completions "HTTP/1.1 200 OK"
2026-04-26 18:53:59,382 INFO httpx — HTTP Request: POST http://localhost:11434/v1/chat/completions "HTTP/1.1 200 OK"
2026-04-26 18:54:03,233 INFO httpx — HTTP Request: POST http://localhost:11434/v1/chat/completions "HTTP/1.1 200 OK"
2026-04-26 18:54:07,009 INFO httpx — HTTP Request: POST http://localhost:11434/v1/chat/completions "HTTP/1.1 200 OK"
2026-04-26 18:54:10,968 INFO httpx — HTTP Request: POST http://localhost:11434/v1/chat/completions "HTTP/1.1 200 OK"
2026-04-26 18:54:14,178 INFO httpx — HTTP Request: POST http://localhost:11434/v1/chat/completions "HTTP/1.1 200 OK"
2026-04-26 18:54:18,659 INFO __main__ — Condition blind_lightweight: completed 4/5 (attempt 4, replacements: 0)
2026-04-26 18:54:18,904 INFO httpx — HTTP Request: POST http://localhost:11434/v1/chat/completions "HTTP/1.1 200 OK"
2026-04-26 18:54:25,335 INFO httpx — HTTP Request: POST http://localhost:11434/v1/chat/completions "HTTP/1.1 200 OK"
2026-04-26 18:54:30,075 INFO httpx — HTTP Request: POST http://localhost:11434/v1/chat/completions "HTTP/1.1 200 OK"
2026-04-26 18:54:33,832 INFO httpx — HTTP Request: POST http://localhost:11434/v1/chat/completions "HTTP/1.1 200 OK"
2026-04-26 18:54:37,409 INFO httpx — HTTP Request: POST http://localhost:11434/v1/chat/completions "HTTP/1.1 200 OK"
2026-04-26 18:54:41,665 INFO httpx — HTTP Request: POST http://localhost:11434/v1/chat/completions "HTTP/1.1 200 OK"
2026-04-26 18:54:45,134 INFO httpx — HTTP Request: POST http://localhost:11434/v1/chat/completions "HTTP/1.1 200 OK"
2026-04-26 18:54:48,208 INFO httpx — HTTP Request: POST http://localhost:11434/v1/chat/completions "HTTP/1.1 200 OK"
2026-04-26 18:54:53,235 INFO httpx — HTTP Request: POST http://localhost:11434/v1/chat/completions "HTTP/1.1 200 OK"
2026-04-26 18:54:59,102 INFO httpx — HTTP Request: POST http://localhost:11434/v1/chat/completions "HTTP/1.1 200 OK"
2026-04-26 18:55:03,598 INFO httpx — HTTP Request: POST http://localhost:11434/v1/chat/completions "HTTP/1.1 200 OK"
2026-04-26 18:55:08,210 INFO httpx — HTTP Request: POST http://localhost:11434/v1/chat/completions "HTTP/1.1 200 OK"
2026-04-26 18:55:11,975 INFO httpx — HTTP Request: POST http://localhost:11434/v1/chat/completions "HTTP/1.1 200 OK"
2026-04-26 18:55:16,755 INFO httpx — HTTP Request: POST http://localhost:11434/v1/chat/completions "HTTP/1.1 200 OK"
2026-04-26 18:55:22,097 INFO httpx — HTTP Request: POST http://localhost:11434/v1/chat/completions "HTTP/1.1 200 OK"
2026-04-26 18:55:26,410 INFO httpx — HTTP Request: POST http://localhost:11434/v1/chat/completions "HTTP/1.1 200 OK"
2026-04-26 18:55:31,128 INFO httpx — HTTP Request: POST http://localhost:11434/v1/chat/completions "HTTP/1.1 200 OK"
2026-04-26 18:55:34,786 INFO httpx — HTTP Request: POST http://localhost:11434/v1/chat/completions "HTTP/1.1 200 OK"
2026-04-26 18:55:37,808 INFO httpx — HTTP Request: POST http://localhost:11434/v1/chat/completions "HTTP/1.1 200 OK"
2026-04-26 18:55:42,014 INFO httpx — HTTP Request: POST http://localhost:11434/v1/chat/completions "HTTP/1.1 200 OK"
2026-04-26 18:55:45,140 INFO httpx — HTTP Request: POST http://localhost:11434/v1/chat/completions "HTTP/1.1 200 OK"
2026-04-26 18:55:47,980 INFO httpx — HTTP Request: POST http://localhost:11434/v1/chat/completions "HTTP/1.1 200 OK"
2026-04-26 18:55:51,095 INFO httpx — HTTP Request: POST http://localhost:11434/v1/chat/completions "HTTP/1.1 200 OK"
2026-04-26 18:55:54,322 INFO httpx — HTTP Request: POST http://localhost:11434/v1/chat/completions "HTTP/1.1 200 OK"
2026-04-26 18:55:58,010 INFO httpx — HTTP Request: POST http://localhost:11434/v1/chat/completions "HTTP/1.1 200 OK"
2026-04-26 18:56:01,506 INFO httpx — HTTP Request: POST http://localhost:11434/v1/chat/completions "HTTP/1.1 200 OK"
2026-04-26 18:56:06,675 INFO httpx — HTTP Request: POST http://localhost:11434/v1/chat/completions "HTTP/1.1 200 OK"
2026-04-26 18:56:10,151 INFO httpx — HTTP Request: POST http://localhost:11434/v1/chat/completions "HTTP/1.1 200 OK"
2026-04-26 18:56:14,322 INFO httpx — HTTP Request: POST http://localhost:11434/v1/chat/completions "HTTP/1.1 200 OK"
2026-04-26 18:56:17,978 INFO httpx — HTTP Request: POST http://localhost:11434/v1/chat/completions "HTTP/1.1 200 OK"
2026-04-26 18:56:21,651 INFO httpx — HTTP Request: POST http://localhost:11434/v1/chat/completions "HTTP/1.1 200 OK"
2026-04-26 18:56:25,333 INFO httpx — HTTP Request: POST http://localhost:11434/v1/chat/completions "HTTP/1.1 200 OK"
2026-04-26 18:56:28,517 INFO httpx — HTTP Request: POST http://localhost:11434/v1/chat/completions "HTTP/1.1 200 OK"
2026-04-26 18:56:32,489 INFO httpx — HTTP Request: POST http://localhost:11434/v1/chat/completions "HTTP/1.1 200 OK"
2026-04-26 18:56:36,013 INFO httpx — HTTP Request: POST http://localhost:11434/v1/chat/completions "HTTP/1.1 200 OK"
2026-04-26 18:56:39,239 INFO httpx — HTTP Request: POST http://localhost:11434/v1/chat/completions "HTTP/1.1 200 OK"
2026-04-26 18:56:42,361 INFO httpx — HTTP Request: POST http://localhost:11434/v1/chat/completions "HTTP/1.1 200 OK"
2026-04-26 18:56:45,495 INFO httpx — HTTP Request: POST http://localhost:11434/v1/chat/completions "HTTP/1.1 200 OK"
2026-04-26 18:56:49,574 INFO httpx — HTTP Request: POST http://localhost:11434/v1/chat/completions "HTTP/1.1 200 OK"
2026-04-26 18:56:54,374 INFO httpx — HTTP Request: POST http://localhost:11434/v1/chat/completions "HTTP/1.1 200 OK"
2026-04-26 18:56:59,857 INFO httpx — HTTP Request: POST http://localhost:11434/v1/chat/completions "HTTP/1.1 200 OK"
2026-04-26 18:57:04,578 INFO httpx — HTTP Request: POST http://localhost:11434/v1/chat/completions "HTTP/1.1 200 OK"
2026-04-26 18:57:08,530 INFO httpx — HTTP Request: POST http://localhost:11434/v1/chat/completions "HTTP/1.1 200 OK"
2026-04-26 18:57:13,358 INFO httpx — HTTP Request: POST http://localhost:11434/v1/chat/completions "HTTP/1.1 200 OK"
2026-04-26 18:57:18,031 INFO httpx — HTTP Request: POST http://localhost:11434/v1/chat/completions "HTTP/1.1 200 OK"
2026-04-26 18:57:22,473 INFO httpx — HTTP Request: POST http://localhost:11434/v1/chat/completions "HTTP/1.1 200 OK"
2026-04-26 18:57:26,004 INFO httpx — HTTP Request: POST http://localhost:11434/v1/chat/completions "HTTP/1.1 200 OK"
2026-04-26 18:57:29,671 INFO httpx — HTTP Request: POST http://localhost:11434/v1/chat/completions "HTTP/1.1 200 OK"
2026-04-26 18:57:34,512 INFO httpx — HTTP Request: POST http://localhost:11434/v1/chat/completions "HTTP/1.1 200 OK"
2026-04-26 18:57:37,932 INFO httpx — HTTP Request: POST http://localhost:11434/v1/chat/completions "HTTP/1.1 200 OK"
2026-04-26 18:57:40,889 INFO httpx — HTTP Request: POST http://localhost:11434/v1/chat/completions "HTTP/1.1 200 OK"
2026-04-26 18:57:45,167 INFO httpx — HTTP Request: POST http://localhost:11434/v1/chat/completions "HTTP/1.1 200 OK"
2026-04-26 18:57:50,535 INFO httpx — HTTP Request: POST http://localhost:11434/v1/chat/completions "HTTP/1.1 200 OK"
2026-04-26 18:57:53,758 INFO httpx — HTTP Request: POST http://localhost:11434/v1/chat/completions "HTTP/1.1 200 OK"
2026-04-26 18:57:56,838 INFO httpx — HTTP Request: POST http://localhost:11434/v1/chat/completions "HTTP/1.1 200 OK"
2026-04-26 18:57:59,915 INFO httpx — HTTP Request: POST http://localhost:11434/v1/chat/completions "HTTP/1.1 200 OK"
2026-04-26 18:58:04,860 INFO httpx — HTTP Request: POST http://localhost:11434/v1/chat/completions "HTTP/1.1 200 OK"
2026-04-26 18:58:08,041 INFO httpx — HTTP Request: POST http://localhost:11434/v1/chat/completions "HTTP/1.1 200 OK"
2026-04-26 18:58:12,441 INFO httpx — HTTP Request: POST http://localhost:11434/v1/chat/completions "HTTP/1.1 200 OK"
2026-04-26 18:58:15,589 INFO httpx — HTTP Request: POST http://localhost:11434/v1/chat/completions "HTTP/1.1 200 OK"
2026-04-26 18:58:20,269 INFO httpx — HTTP Request: POST http://localhost:11434/v1/chat/completions "HTTP/1.1 200 OK"
2026-04-26 18:58:23,665 INFO httpx — HTTP Request: POST http://localhost:11434/v1/chat/completions "HTTP/1.1 200 OK"
2026-04-26 18:58:28,324 INFO httpx — HTTP Request: POST http://localhost:11434/v1/chat/completions "HTTP/1.1 200 OK"
2026-04-26 18:58:34,905 INFO httpx — HTTP Request: POST http://localhost:11434/v1/chat/completions "HTTP/1.1 200 OK"
2026-04-26 18:58:40,224 INFO httpx — HTTP Request: POST http://localhost:11434/v1/chat/completions "HTTP/1.1 200 OK"
2026-04-26 18:58:43,194 INFO httpx — HTTP Request: POST http://localhost:11434/v1/chat/completions "HTTP/1.1 200 OK"
2026-04-26 18:58:46,441 INFO httpx — HTTP Request: POST http://localhost:11434/v1/chat/completions "HTTP/1.1 200 OK"
2026-04-26 18:58:50,831 INFO httpx — HTTP Request: POST http://localhost:11434/v1/chat/completions "HTTP/1.1 200 OK"
2026-04-26 18:58:55,119 INFO httpx — HTTP Request: POST http://localhost:11434/v1/chat/completions "HTTP/1.1 200 OK"
2026-04-26 18:58:58,492 INFO httpx — HTTP Request: POST http://localhost:11434/v1/chat/completions "HTTP/1.1 200 OK"
2026-04-26 18:59:02,340 INFO httpx — HTTP Request: POST http://localhost:11434/v1/chat/completions "HTTP/1.1 200 OK"
2026-04-26 18:59:05,918 INFO httpx — HTTP Request: POST http://localhost:11434/v1/chat/completions "HTTP/1.1 200 OK"
2026-04-26 18:59:09,275 INFO httpx — HTTP Request: POST http://localhost:11434/v1/chat/completions "HTTP/1.1 200 OK"
2026-04-26 18:59:14,006 INFO httpx — HTTP Request: POST http://localhost:11434/v1/chat/completions "HTTP/1.1 200 OK"
2026-04-26 18:59:18,730 INFO httpx — HTTP Request: POST http://localhost:11434/v1/chat/completions "HTTP/1.1 200 OK"
2026-04-26 18:59:22,390 INFO httpx — HTTP Request: POST http://localhost:11434/v1/chat/completions "HTTP/1.1 200 OK"
2026-04-26 18:59:27,156 INFO httpx — HTTP Request: POST http://localhost:11434/v1/chat/completions "HTTP/1.1 200 OK"
2026-04-26 18:59:30,113 INFO httpx — HTTP Request: POST http://localhost:11434/v1/chat/completions "HTTP/1.1 200 OK"
2026-04-26 18:59:33,671 INFO httpx — HTTP Request: POST http://localhost:11434/v1/chat/completions "HTTP/1.1 200 OK"
2026-04-26 18:59:38,609 INFO httpx — HTTP Request: POST http://localhost:11434/v1/chat/completions "HTTP/1.1 200 OK"
2026-04-26 18:59:42,152 INFO httpx — HTTP Request: POST http://localhost:11434/v1/chat/completions "HTTP/1.1 200 OK"
2026-04-26 18:59:45,629 INFO httpx — HTTP Request: POST http://localhost:11434/v1/chat/completions "HTTP/1.1 200 OK"
2026-04-26 18:59:49,893 INFO httpx — HTTP Request: POST http://localhost:11434/v1/chat/completions "HTTP/1.1 200 OK"
2026-04-26 18:59:54,767 INFO httpx — HTTP Request: POST http://localhost:11434/v1/chat/completions "HTTP/1.1 200 OK"
2026-04-26 18:59:57,735 INFO httpx — HTTP Request: POST http://localhost:11434/v1/chat/completions "HTTP/1.1 200 OK"
2026-04-26 19:00:01,322 INFO httpx — HTTP Request: POST http://localhost:11434/v1/chat/completions "HTTP/1.1 200 OK"
2026-04-26 19:00:05,156 INFO httpx — HTTP Request: POST http://localhost:11434/v1/chat/completions "HTTP/1.1 200 OK"
2026-04-26 19:00:08,830 INFO httpx — HTTP Request: POST http://localhost:11434/v1/chat/completions "HTTP/1.1 200 OK"
2026-04-26 19:00:12,609 INFO httpx — HTTP Request: POST http://localhost:11434/v1/chat/completions "HTTP/1.1 200 OK"
2026-04-26 19:00:15,491 INFO httpx — HTTP Request: POST http://localhost:11434/v1/chat/completions "HTTP/1.1 200 OK"
2026-04-26 19:00:19,811 INFO httpx — HTTP Request: POST http://localhost:11434/v1/chat/completions "HTTP/1.1 200 OK"
2026-04-26 19:00:23,237 INFO httpx — HTTP Request: POST http://localhost:11434/v1/chat/completions "HTTP/1.1 200 OK"
2026-04-26 19:00:26,799 INFO httpx — HTTP Request: POST http://localhost:11434/v1/chat/completions "HTTP/1.1 200 OK"
2026-04-26 19:00:30,526 INFO httpx — HTTP Request: POST http://localhost:11434/v1/chat/completions "HTTP/1.1 200 OK"
2026-04-26 19:00:34,808 INFO httpx — HTTP Request: POST http://localhost:11434/v1/chat/completions "HTTP/1.1 200 OK"
2026-04-26 19:00:39,431 INFO httpx — HTTP Request: POST http://localhost:11434/v1/chat/completions "HTTP/1.1 200 OK"
2026-04-26 19:00:43,197 INFO httpx — HTTP Request: POST http://localhost:11434/v1/chat/completions "HTTP/1.1 200 OK"
2026-04-26 19:00:47,314 INFO httpx — HTTP Request: POST http://localhost:11434/v1/chat/completions "HTTP/1.1 200 OK"
2026-04-26 19:00:50,987 INFO httpx — HTTP Request: POST http://localhost:11434/v1/chat/completions "HTTP/1.1 200 OK"
2026-04-26 19:00:55,168 INFO httpx — HTTP Request: POST http://localhost:11434/v1/chat/completions "HTTP/1.1 200 OK"
2026-04-26 19:00:59,023 INFO httpx — HTTP Request: POST http://localhost:11434/v1/chat/completions "HTTP/1.1 200 OK"
2026-04-26 19:01:02,636 INFO httpx — HTTP Request: POST http://localhost:11434/v1/chat/completions "HTTP/1.1 200 OK"
2026-04-26 19:01:06,707 INFO httpx — HTTP Request: POST http://localhost:11434/v1/chat/completions "HTTP/1.1 200 OK"
2026-04-26 19:01:10,128 INFO httpx — HTTP Request: POST http://localhost:11434/v1/chat/completions "HTTP/1.1 200 OK"
2026-04-26 19:01:13,212 INFO httpx — HTTP Request: POST http://localhost:11434/v1/chat/completions "HTTP/1.1 200 OK"
2026-04-26 19:01:16,701 INFO __main__ — Condition blind_lightweight: completed 5/5 (attempt 5, replacements: 0)
2026-04-26 19:01:16,701 INFO __main__ — Condition blind_lightweight: finished — 5 valid runs in 5 attempts (0 replacement(s))
2026-04-26 19:01:16,710 INFO __main__ — Checkpoint written (530 records so far)
2026-04-26 19:01:17,071 INFO httpx — HTTP Request: POST http://localhost:11434/v1/chat/completions "HTTP/1.1 200 OK"
2026-04-26 19:01:20,950 INFO httpx — HTTP Request: POST http://localhost:11434/v1/chat/completions "HTTP/1.1 200 OK"
2026-04-26 19:01:24,476 INFO httpx — HTTP Request: POST http://localhost:11434/v1/chat/completions "HTTP/1.1 200 OK"
2026-04-26 19:01:26,958 INFO httpx — HTTP Request: POST http://localhost:11434/v1/chat/completions "HTTP/1.1 200 OK"
2026-04-26 19:01:31,120 INFO httpx — HTTP Request: POST http://localhost:11434/v1/chat/completions "HTTP/1.1 200 OK"
2026-04-26 19:01:34,845 INFO httpx — HTTP Request: POST http://localhost:11434/v1/chat/completions "HTTP/1.1 200 OK"
2026-04-26 19:01:39,893 INFO httpx — HTTP Request: POST http://localhost:11434/v1/chat/completions "HTTP/1.1 200 OK"
2026-04-26 19:01:44,756 INFO httpx — HTTP Request: POST http://localhost:11434/v1/chat/completions "HTTP/1.1 200 OK"
2026-04-26 19:01:48,699 INFO httpx — HTTP Request: POST http://localhost:11434/v1/chat/completions "HTTP/1.1 200 OK"
2026-04-26 19:01:52,249 INFO httpx — HTTP Request: POST http://localhost:11434/v1/chat/completions "HTTP/1.1 200 OK"
2026-04-26 19:01:57,224 INFO httpx — HTTP Request: POST http://localhost:11434/v1/chat/completions "HTTP/1.1 200 OK"
2026-04-26 19:02:01,715 INFO httpx — HTTP Request: POST http://localhost:11434/v1/chat/completions "HTTP/1.1 200 OK"
2026-04-26 19:02:06,809 INFO httpx — HTTP Request: POST http://localhost:11434/v1/chat/completions "HTTP/1.1 200 OK"
2026-04-26 19:02:11,668 INFO httpx — HTTP Request: POST http://localhost:11434/v1/chat/completions "HTTP/1.1 200 OK"
2026-04-26 19:02:16,246 INFO httpx — HTTP Request: POST http://localhost:11434/v1/chat/completions "HTTP/1.1 200 OK"
2026-04-26 19:02:19,566 INFO httpx — HTTP Request: POST http://localhost:11434/v1/chat/completions "HTTP/1.1 200 OK"
2026-04-26 19:02:24,767 INFO httpx — HTTP Request: POST http://localhost:11434/v1/chat/completions "HTTP/1.1 200 OK"
2026-04-26 19:02:29,212 INFO httpx — HTTP Request: POST http://localhost:11434/v1/chat/completions "HTTP/1.1 200 OK"
2026-04-26 19:02:33,747 INFO httpx — HTTP Request: POST http://localhost:11434/v1/chat/completions "HTTP/1.1 200 OK"
2026-04-26 19:02:38,413 INFO httpx — HTTP Request: POST http://localhost:11434/v1/chat/completions "HTTP/1.1 200 OK"
2026-04-26 19:02:43,709 INFO httpx — HTTP Request: POST http://localhost:11434/v1/chat/completions "HTTP/1.1 200 OK"
2026-04-26 19:02:47,117 INFO httpx — HTTP Request: POST http://localhost:11434/v1/chat/completions "HTTP/1.1 200 OK"
2026-04-26 19:02:51,904 INFO httpx — HTTP Request: POST http://localhost:11434/v1/chat/completions "HTTP/1.1 200 OK"
2026-04-26 19:02:56,595 INFO httpx — HTTP Request: POST http://localhost:11434/v1/chat/completions "HTTP/1.1 200 OK"
2026-04-26 19:02:59,643 INFO httpx — HTTP Request: POST http://localhost:11434/v1/chat/completions "HTTP/1.1 200 OK"
2026-04-26 19:03:03,999 INFO httpx — HTTP Request: POST http://localhost:11434/v1/chat/completions "HTTP/1.1 200 OK"
2026-04-26 19:03:08,431 INFO httpx — HTTP Request: POST http://localhost:11434/v1/chat/completions "HTTP/1.1 200 OK"
2026-04-26 19:03:12,990 INFO httpx — HTTP Request: POST http://localhost:11434/v1/chat/completions "HTTP/1.1 200 OK"
2026-04-26 19:03:18,045 INFO httpx — HTTP Request: POST http://localhost:11434/v1/chat/completions "HTTP/1.1 200 OK"
2026-04-26 19:03:21,397 INFO httpx — HTTP Request: POST http://localhost:11434/v1/chat/completions "HTTP/1.1 200 OK"
2026-04-26 19:03:25,430 INFO httpx — HTTP Request: POST http://localhost:11434/v1/chat/completions "HTTP/1.1 200 OK"
2026-04-26 19:03:29,359 INFO httpx — HTTP Request: POST http://localhost:11434/v1/chat/completions "HTTP/1.1 200 OK"
2026-04-26 19:03:33,516 INFO httpx — HTTP Request: POST http://localhost:11434/v1/chat/completions "HTTP/1.1 200 OK"
2026-04-26 19:03:39,852 INFO httpx — HTTP Request: POST http://localhost:11434/v1/chat/completions "HTTP/1.1 200 OK"
2026-04-26 19:03:44,581 INFO httpx — HTTP Request: POST http://localhost:11434/v1/chat/completions "HTTP/1.1 200 OK"
2026-04-26 19:03:49,634 INFO httpx — HTTP Request: POST http://localhost:11434/v1/chat/completions "HTTP/1.1 200 OK"
2026-04-26 19:03:53,970 INFO httpx — HTTP Request: POST http://localhost:11434/v1/chat/completions "HTTP/1.1 200 OK"
2026-04-26 19:03:58,258 INFO httpx — HTTP Request: POST http://localhost:11434/v1/chat/completions "HTTP/1.1 200 OK"
2026-04-26 19:04:02,326 INFO httpx — HTTP Request: POST http://localhost:11434/v1/chat/completions "HTTP/1.1 200 OK"
2026-04-26 19:04:05,886 INFO httpx — HTTP Request: POST http://localhost:11434/v1/chat/completions "HTTP/1.1 200 OK"
2026-04-26 19:04:11,050 INFO httpx — HTTP Request: POST http://localhost:11434/v1/chat/completions "HTTP/1.1 200 OK"
2026-04-26 19:04:15,456 INFO httpx — HTTP Request: POST http://localhost:11434/v1/chat/completions "HTTP/1.1 200 OK"
2026-04-26 19:04:20,356 INFO httpx — HTTP Request: POST http://localhost:11434/v1/chat/completions "HTTP/1.1 200 OK"
2026-04-26 19:04:24,479 INFO httpx — HTTP Request: POST http://localhost:11434/v1/chat/completions "HTTP/1.1 200 OK"
2026-04-26 19:04:29,097 INFO httpx — HTTP Request: POST http://localhost:11434/v1/chat/completions "HTTP/1.1 200 OK"
2026-04-26 19:04:33,071 INFO httpx — HTTP Request: POST http://localhost:11434/v1/chat/completions "HTTP/1.1 200 OK"
2026-04-26 19:04:38,139 INFO httpx — HTTP Request: POST http://localhost:11434/v1/chat/completions "HTTP/1.1 200 OK"
2026-04-26 19:04:41,315 INFO httpx — HTTP Request: POST http://localhost:11434/v1/chat/completions "HTTP/1.1 200 OK"
2026-04-26 19:04:45,322 INFO httpx — HTTP Request: POST http://localhost:11434/v1/chat/completions "HTTP/1.1 200 OK"
2026-04-26 19:04:52,309 INFO httpx — HTTP Request: POST http://localhost:11434/v1/chat/completions "HTTP/1.1 200 OK"
2026-04-26 19:04:56,427 INFO httpx — HTTP Request: POST http://localhost:11434/v1/chat/completions "HTTP/1.1 200 OK"
2026-04-26 19:05:00,851 INFO httpx — HTTP Request: POST http://localhost:11434/v1/chat/completions "HTTP/1.1 200 OK"
2026-04-26 19:05:05,417 INFO httpx — HTTP Request: POST http://localhost:11434/v1/chat/completions "HTTP/1.1 200 OK"
2026-04-26 19:05:08,865 INFO httpx — HTTP Request: POST http://localhost:11434/v1/chat/completions "HTTP/1.1 200 OK"
2026-04-26 19:05:13,116 INFO httpx — HTTP Request: POST http://localhost:11434/v1/chat/completions "HTTP/1.1 200 OK"
2026-04-26 19:05:18,107 INFO httpx — HTTP Request: POST http://localhost:11434/v1/chat/completions "HTTP/1.1 200 OK"
2026-04-26 19:05:23,999 INFO httpx — HTTP Request: POST http://localhost:11434/v1/chat/completions "HTTP/1.1 200 OK"
2026-04-26 19:05:28,714 INFO httpx — HTTP Request: POST http://localhost:11434/v1/chat/completions "HTTP/1.1 200 OK"
2026-04-26 19:05:33,346 INFO httpx — HTTP Request: POST http://localhost:11434/v1/chat/completions "HTTP/1.1 200 OK"
2026-04-26 19:05:36,839 INFO httpx — HTTP Request: POST http://localhost:11434/v1/chat/completions "HTTP/1.1 200 OK"
2026-04-26 19:05:41,444 INFO httpx — HTTP Request: POST http://localhost:11434/v1/chat/completions "HTTP/1.1 200 OK"
2026-04-26 19:05:46,428 INFO httpx — HTTP Request: POST http://localhost:11434/v1/chat/completions "HTTP/1.1 200 OK"
2026-04-26 19:05:49,632 INFO httpx — HTTP Request: POST http://localhost:11434/v1/chat/completions "HTTP/1.1 200 OK"
2026-04-26 19:05:54,234 INFO httpx — HTTP Request: POST http://localhost:11434/v1/chat/completions "HTTP/1.1 200 OK"
2026-04-26 19:05:59,181 INFO httpx — HTTP Request: POST http://localhost:11434/v1/chat/completions "HTTP/1.1 200 OK"
2026-04-26 19:06:03,338 INFO httpx — HTTP Request: POST http://localhost:11434/v1/chat/completions "HTTP/1.1 200 OK"
2026-04-26 19:06:06,924 INFO httpx — HTTP Request: POST http://localhost:11434/v1/chat/completions "HTTP/1.1 200 OK"
2026-04-26 19:06:12,024 INFO httpx — HTTP Request: POST http://localhost:11434/v1/chat/completions "HTTP/1.1 200 OK"
2026-04-26 19:06:15,528 INFO httpx — HTTP Request: POST http://localhost:11434/v1/chat/completions "HTTP/1.1 200 OK"
2026-04-26 19:06:20,139 INFO httpx — HTTP Request: POST http://localhost:11434/v1/chat/completions "HTTP/1.1 200 OK"
2026-04-26 19:06:24,731 INFO httpx — HTTP Request: POST http://localhost:11434/v1/chat/completions "HTTP/1.1 200 OK"
2026-04-26 19:06:28,594 INFO httpx — HTTP Request: POST http://localhost:11434/v1/chat/completions "HTTP/1.1 200 OK"
2026-04-26 19:06:34,371 INFO httpx — HTTP Request: POST http://localhost:11434/v1/chat/completions "HTTP/1.1 200 OK"
2026-04-26 19:06:39,178 INFO httpx — HTTP Request: POST http://localhost:11434/v1/chat/completions "HTTP/1.1 200 OK"
2026-04-26 19:06:44,320 INFO httpx — HTTP Request: POST http://localhost:11434/v1/chat/completions "HTTP/1.1 200 OK"
2026-04-26 19:06:49,088 INFO httpx — HTTP Request: POST http://localhost:11434/v1/chat/completions "HTTP/1.1 200 OK"
2026-04-26 19:06:52,862 INFO httpx — HTTP Request: POST http://localhost:11434/v1/chat/completions "HTTP/1.1 200 OK"
2026-04-26 19:06:56,245 INFO httpx — HTTP Request: POST http://localhost:11434/v1/chat/completions "HTTP/1.1 200 OK"
2026-04-26 19:07:01,062 INFO httpx — HTTP Request: POST http://localhost:11434/v1/chat/completions "HTTP/1.1 200 OK"
2026-04-26 19:07:04,621 INFO httpx — HTTP Request: POST http://localhost:11434/v1/chat/completions "HTTP/1.1 200 OK"
2026-04-26 19:07:08,820 INFO httpx — HTTP Request: POST http://localhost:11434/v1/chat/completions "HTTP/1.1 200 OK"
2026-04-26 19:07:12,620 INFO httpx — HTTP Request: POST http://localhost:11434/v1/chat/completions "HTTP/1.1 200 OK"
2026-04-26 19:07:16,670 INFO httpx — HTTP Request: POST http://localhost:11434/v1/chat/completions "HTTP/1.1 200 OK"
2026-04-26 19:07:20,895 INFO httpx — HTTP Request: POST http://localhost:11434/v1/chat/completions "HTTP/1.1 200 OK"
2026-04-26 19:07:25,704 INFO httpx — HTTP Request: POST http://localhost:11434/v1/chat/completions "HTTP/1.1 200 OK"
2026-04-26 19:07:29,903 INFO httpx — HTTP Request: POST http://localhost:11434/v1/chat/completions "HTTP/1.1 200 OK"
2026-04-26 19:07:33,872 INFO httpx — HTTP Request: POST http://localhost:11434/v1/chat/completions "HTTP/1.1 200 OK"
2026-04-26 19:07:39,532 INFO httpx — HTTP Request: POST http://localhost:11434/v1/chat/completions "HTTP/1.1 200 OK"
2026-04-26 19:07:45,197 INFO httpx — HTTP Request: POST http://localhost:11434/v1/chat/completions "HTTP/1.1 200 OK"
2026-04-26 19:07:50,285 INFO httpx — HTTP Request: POST http://localhost:11434/v1/chat/completions "HTTP/1.1 200 OK"
2026-04-26 19:07:54,596 INFO httpx — HTTP Request: POST http://localhost:11434/v1/chat/completions "HTTP/1.1 200 OK"
2026-04-26 19:07:59,246 INFO httpx — HTTP Request: POST http://localhost:11434/v1/chat/completions "HTTP/1.1 200 OK"
2026-04-26 19:08:03,488 INFO httpx — HTTP Request: POST http://localhost:11434/v1/chat/completions "HTTP/1.1 200 OK"
2026-04-26 19:08:06,799 INFO httpx — HTTP Request: POST http://localhost:11434/v1/chat/completions "HTTP/1.1 200 OK"
2026-04-26 19:08:11,865 INFO httpx — HTTP Request: POST http://localhost:11434/v1/chat/completions "HTTP/1.1 200 OK"
2026-04-26 19:08:15,367 INFO httpx — HTTP Request: POST http://localhost:11434/v1/chat/completions "HTTP/1.1 200 OK"
2026-04-26 19:08:19,919 INFO httpx — HTTP Request: POST http://localhost:11434/v1/chat/completions "HTTP/1.1 200 OK"
2026-04-26 19:08:25,110 INFO httpx — HTTP Request: POST http://localhost:11434/v1/chat/completions "HTTP/1.1 200 OK"
2026-04-26 19:08:30,082 INFO httpx — HTTP Request: POST http://localhost:11434/v1/chat/completions "HTTP/1.1 200 OK"
2026-04-26 19:08:33,678 INFO httpx — HTTP Request: POST http://localhost:11434/v1/chat/completions "HTTP/1.1 200 OK"
2026-04-26 19:08:38,649 INFO httpx — HTTP Request: POST http://localhost:11434/v1/chat/completions "HTTP/1.1 200 OK"
2026-04-26 19:08:43,092 INFO httpx — HTTP Request: POST http://localhost:11434/v1/chat/completions "HTTP/1.1 200 OK"
2026-04-26 19:08:48,906 INFO httpx — HTTP Request: POST http://localhost:11434/v1/chat/completions "HTTP/1.1 200 OK"
2026-04-26 19:08:53,915 INFO httpx — HTTP Request: POST http://localhost:11434/v1/chat/completions "HTTP/1.1 200 OK"
2026-04-26 19:08:57,508 INFO httpx — HTTP Request: POST http://localhost:11434/v1/chat/completions "HTTP/1.1 200 OK"
2026-04-26 19:09:00,674 INFO __main__ — Condition context_lightweight: completed 1/5 (attempt 1, replacements: 0)
2026-04-26 19:09:01,036 INFO httpx — HTTP Request: POST http://localhost:11434/v1/chat/completions "HTTP/1.1 200 OK"
2026-04-26 19:09:06,376 INFO httpx — HTTP Request: POST http://localhost:11434/v1/chat/completions "HTTP/1.1 200 OK"
2026-04-26 19:09:12,538 INFO httpx — HTTP Request: POST http://localhost:11434/v1/chat/completions "HTTP/1.1 200 OK"
2026-04-26 19:09:17,795 INFO httpx — HTTP Request: POST http://localhost:11434/v1/chat/completions "HTTP/1.1 200 OK"
2026-04-26 19:09:22,061 INFO httpx — HTTP Request: POST http://localhost:11434/v1/chat/completions "HTTP/1.1 200 OK"
2026-04-26 19:09:29,630 INFO httpx — HTTP Request: POST http://localhost:11434/v1/chat/completions "HTTP/1.1 200 OK"
2026-04-26 19:09:34,752 INFO httpx — HTTP Request: POST http://localhost:11434/v1/chat/completions "HTTP/1.1 200 OK"
2026-04-26 19:09:40,781 INFO httpx — HTTP Request: POST http://localhost:11434/v1/chat/completions "HTTP/1.1 200 OK"
2026-04-26 19:09:46,879 INFO httpx — HTTP Request: POST http://localhost:11434/v1/chat/completions "HTTP/1.1 200 OK"
2026-04-26 19:09:50,719 INFO httpx — HTTP Request: POST http://localhost:11434/v1/chat/completions "HTTP/1.1 200 OK"
2026-04-26 19:09:55,754 INFO httpx — HTTP Request: POST http://localhost:11434/v1/chat/completions "HTTP/1.1 200 OK"
2026-04-26 19:09:59,185 INFO httpx — HTTP Request: POST http://localhost:11434/v1/chat/completions "HTTP/1.1 200 OK"
2026-04-26 19:10:02,624 INFO httpx — HTTP Request: POST http://localhost:11434/v1/chat/completions "HTTP/1.1 200 OK"
2026-04-26 19:10:06,521 INFO httpx — HTTP Request: POST http://localhost:11434/v1/chat/completions "HTTP/1.1 200 OK"
2026-04-26 19:10:09,724 INFO httpx — HTTP Request: POST http://localhost:11434/v1/chat/completions "HTTP/1.1 200 OK"
2026-04-26 19:10:13,942 INFO httpx — HTTP Request: POST http://localhost:11434/v1/chat/completions "HTTP/1.1 200 OK"
2026-04-26 19:10:19,093 INFO httpx — HTTP Request: POST http://localhost:11434/v1/chat/completions "HTTP/1.1 200 OK"
2026-04-26 19:10:23,078 INFO httpx — HTTP Request: POST http://localhost:11434/v1/chat/completions "HTTP/1.1 200 OK"
2026-04-26 19:10:27,313 INFO httpx — HTTP Request: POST http://localhost:11434/v1/chat/completions "HTTP/1.1 200 OK"
2026-04-26 19:10:30,939 INFO httpx — HTTP Request: POST http://localhost:11434/v1/chat/completions "HTTP/1.1 200 OK"
2026-04-26 19:10:34,892 INFO httpx — HTTP Request: POST http://localhost:11434/v1/chat/completions "HTTP/1.1 200 OK"
2026-04-26 19:10:39,918 INFO httpx — HTTP Request: POST http://localhost:11434/v1/chat/completions "HTTP/1.1 200 OK"
2026-04-26 19:10:44,420 INFO httpx — HTTP Request: POST http://localhost:11434/v1/chat/completions "HTTP/1.1 200 OK"
2026-04-26 19:10:48,348 INFO httpx — HTTP Request: POST http://localhost:11434/v1/chat/completions "HTTP/1.1 200 OK"
2026-04-26 19:10:53,379 INFO httpx — HTTP Request: POST http://localhost:11434/v1/chat/completions "HTTP/1.1 200 OK"
2026-04-26 19:10:57,849 INFO httpx — HTTP Request: POST http://localhost:11434/v1/chat/completions "HTTP/1.1 200 OK"
2026-04-26 19:11:02,139 INFO httpx — HTTP Request: POST http://localhost:11434/v1/chat/completions "HTTP/1.1 200 OK"
2026-04-26 19:11:06,753 INFO httpx — HTTP Request: POST http://localhost:11434/v1/chat/completions "HTTP/1.1 200 OK"
2026-04-26 19:11:10,953 INFO httpx — HTTP Request: POST http://localhost:11434/v1/chat/completions "HTTP/1.1 200 OK"
2026-04-26 19:11:14,915 INFO httpx — HTTP Request: POST http://localhost:11434/v1/chat/completions "HTTP/1.1 200 OK"
2026-04-26 19:11:18,488 INFO httpx — HTTP Request: POST http://localhost:11434/v1/chat/completions "HTTP/1.1 200 OK"
2026-04-26 19:11:24,600 INFO httpx — HTTP Request: POST http://localhost:11434/v1/chat/completions "HTTP/1.1 200 OK"
2026-04-26 19:11:28,444 INFO httpx — HTTP Request: POST http://localhost:11434/v1/chat/completions "HTTP/1.1 200 OK"
2026-04-26 19:11:31,618 INFO httpx — HTTP Request: POST http://localhost:11434/v1/chat/completions "HTTP/1.1 200 OK"
2026-04-26 19:11:36,485 INFO httpx — HTTP Request: POST http://localhost:11434/v1/chat/completions "HTTP/1.1 200 OK"
2026-04-26 19:11:40,186 INFO httpx — HTTP Request: POST http://localhost:11434/v1/chat/completions "HTTP/1.1 200 OK"
2026-04-26 19:11:43,813 INFO httpx — HTTP Request: POST http://localhost:11434/v1/chat/completions "HTTP/1.1 200 OK"
2026-04-26 19:11:48,986 INFO httpx — HTTP Request: POST http://localhost:11434/v1/chat/completions "HTTP/1.1 200 OK"
2026-04-26 19:11:54,184 INFO httpx — HTTP Request: POST http://localhost:11434/v1/chat/completions "HTTP/1.1 200 OK"
2026-04-26 19:11:57,720 INFO httpx — HTTP Request: POST http://localhost:11434/v1/chat/completions "HTTP/1.1 200 OK"
2026-04-26 19:12:02,291 INFO httpx — HTTP Request: POST http://localhost:11434/v1/chat/completions "HTTP/1.1 200 OK"
2026-04-26 19:12:06,537 INFO httpx — HTTP Request: POST http://localhost:11434/v1/chat/completions "HTTP/1.1 200 OK"
2026-04-26 19:12:10,771 INFO httpx — HTTP Request: POST http://localhost:11434/v1/chat/completions "HTTP/1.1 200 OK"
2026-04-26 19:12:14,863 INFO httpx — HTTP Request: POST http://localhost:11434/v1/chat/completions "HTTP/1.1 200 OK"
2026-04-26 19:12:18,264 INFO httpx — HTTP Request: POST http://localhost:11434/v1/chat/completions "HTTP/1.1 200 OK"
2026-04-26 19:12:22,731 INFO httpx — HTTP Request: POST http://localhost:11434/v1/chat/completions "HTTP/1.1 200 OK"
2026-04-26 19:12:27,931 INFO httpx — HTTP Request: POST http://localhost:11434/v1/chat/completions "HTTP/1.1 200 OK"
2026-04-26 19:12:32,030 INFO httpx — HTTP Request: POST http://localhost:11434/v1/chat/completions "HTTP/1.1 200 OK"
2026-04-26 19:12:35,641 INFO httpx — HTTP Request: POST http://localhost:11434/v1/chat/completions "HTTP/1.1 200 OK"
2026-04-26 19:12:40,502 INFO httpx — HTTP Request: POST http://localhost:11434/v1/chat/completions "HTTP/1.1 200 OK"
2026-04-26 19:12:44,597 INFO httpx — HTTP Request: POST http://localhost:11434/v1/chat/completions "HTTP/1.1 200 OK"
2026-04-26 19:12:49,723 INFO httpx — HTTP Request: POST http://localhost:11434/v1/chat/completions "HTTP/1.1 200 OK"
2026-04-26 19:12:53,612 INFO httpx — HTTP Request: POST http://localhost:11434/v1/chat/completions "HTTP/1.1 200 OK"
2026-04-26 19:12:57,914 INFO httpx — HTTP Request: POST http://localhost:11434/v1/chat/completions "HTTP/1.1 200 OK"
2026-04-26 19:13:01,705 INFO httpx — HTTP Request: POST http://localhost:11434/v1/chat/completions "HTTP/1.1 200 OK"
2026-04-26 19:13:06,656 INFO httpx — HTTP Request: POST http://localhost:11434/v1/chat/completions "HTTP/1.1 200 OK"
2026-04-26 19:13:13,163 INFO httpx — HTTP Request: POST http://localhost:11434/v1/chat/completions "HTTP/1.1 200 OK"
2026-04-26 19:13:16,600 INFO httpx — HTTP Request: POST http://localhost:11434/v1/chat/completions "HTTP/1.1 200 OK"
2026-04-26 19:13:21,770 INFO httpx — HTTP Request: POST http://localhost:11434/v1/chat/completions "HTTP/1.1 200 OK"
2026-04-26 19:13:26,931 INFO httpx — HTTP Request: POST http://localhost:11434/v1/chat/completions "HTTP/1.1 200 OK"
2026-04-26 19:13:30,466 INFO httpx — HTTP Request: POST http://localhost:11434/v1/chat/completions "HTTP/1.1 200 OK"
2026-04-26 19:13:34,929 INFO httpx — HTTP Request: POST http://localhost:11434/v1/chat/completions "HTTP/1.1 200 OK"
2026-04-26 19:13:38,865 INFO httpx — HTTP Request: POST http://localhost:11434/v1/chat/completions "HTTP/1.1 200 OK"
2026-04-26 19:13:42,380 INFO httpx — HTTP Request: POST http://localhost:11434/v1/chat/completions "HTTP/1.1 200 OK"
2026-04-26 19:13:46,852 INFO httpx — HTTP Request: POST http://localhost:11434/v1/chat/completions "HTTP/1.1 200 OK"
2026-04-26 19:13:50,009 INFO httpx — HTTP Request: POST http://localhost:11434/v1/chat/completions "HTTP/1.1 200 OK"
2026-04-26 19:13:53,633 INFO httpx — HTTP Request: POST http://localhost:11434/v1/chat/completions "HTTP/1.1 200 OK"
2026-04-26 19:13:58,467 INFO httpx — HTTP Request: POST http://localhost:11434/v1/chat/completions "HTTP/1.1 200 OK"
2026-04-26 19:14:02,054 INFO httpx — HTTP Request: POST http://localhost:11434/v1/chat/completions "HTTP/1.1 200 OK"
2026-04-26 19:14:05,936 INFO httpx — HTTP Request: POST http://localhost:11434/v1/chat/completions "HTTP/1.1 200 OK"
2026-04-26 19:14:10,027 INFO httpx — HTTP Request: POST http://localhost:11434/v1/chat/completions "HTTP/1.1 200 OK"
2026-04-26 19:14:14,272 INFO httpx — HTTP Request: POST http://localhost:11434/v1/chat/completions "HTTP/1.1 200 OK"
2026-04-26 19:14:18,368 INFO httpx — HTTP Request: POST http://localhost:11434/v1/chat/completions "HTTP/1.1 200 OK"
2026-04-26 19:14:24,612 INFO httpx — HTTP Request: POST http://localhost:11434/v1/chat/completions "HTTP/1.1 200 OK"
2026-04-26 19:14:28,266 INFO httpx — HTTP Request: POST http://localhost:11434/v1/chat/completions "HTTP/1.1 200 OK"
2026-04-26 19:14:32,451 INFO httpx — HTTP Request: POST http://localhost:11434/v1/chat/completions "HTTP/1.1 200 OK"
2026-04-26 19:14:36,951 INFO httpx — HTTP Request: POST http://localhost:11434/v1/chat/completions "HTTP/1.1 200 OK"
2026-04-26 19:14:41,702 INFO httpx — HTTP Request: POST http://localhost:11434/v1/chat/completions "HTTP/1.1 200 OK"
2026-04-26 19:14:45,536 INFO httpx — HTTP Request: POST http://localhost:11434/v1/chat/completions "HTTP/1.1 200 OK"
2026-04-26 19:14:50,213 INFO httpx — HTTP Request: POST http://localhost:11434/v1/chat/completions "HTTP/1.1 200 OK"
2026-04-26 19:14:55,835 INFO httpx — HTTP Request: POST http://localhost:11434/v1/chat/completions "HTTP/1.1 200 OK"
2026-04-26 19:14:59,390 INFO httpx — HTTP Request: POST http://localhost:11434/v1/chat/completions "HTTP/1.1 200 OK"
2026-04-26 19:15:03,799 INFO httpx — HTTP Request: POST http://localhost:11434/v1/chat/completions "HTTP/1.1 200 OK"
2026-04-26 19:15:08,034 INFO httpx — HTTP Request: POST http://localhost:11434/v1/chat/completions "HTTP/1.1 200 OK"
2026-04-26 19:15:11,333 INFO httpx — HTTP Request: POST http://localhost:11434/v1/chat/completions "HTTP/1.1 200 OK"
2026-04-26 19:15:15,553 INFO httpx — HTTP Request: POST http://localhost:11434/v1/chat/completions "HTTP/1.1 200 OK"
2026-04-26 19:15:18,814 INFO httpx — HTTP Request: POST http://localhost:11434/v1/chat/completions "HTTP/1.1 200 OK"
2026-04-26 19:15:22,982 INFO httpx — HTTP Request: POST http://localhost:11434/v1/chat/completions "HTTP/1.1 200 OK"
2026-04-26 19:15:27,913 INFO httpx — HTTP Request: POST http://localhost:11434/v1/chat/completions "HTTP/1.1 200 OK"
2026-04-26 19:15:31,816 INFO httpx — HTTP Request: POST http://localhost:11434/v1/chat/completions "HTTP/1.1 200 OK"
2026-04-26 19:15:35,677 INFO httpx — HTTP Request: POST http://localhost:11434/v1/chat/completions "HTTP/1.1 200 OK"
2026-04-26 19:15:40,415 INFO httpx — HTTP Request: POST http://localhost:11434/v1/chat/completions "HTTP/1.1 200 OK"
2026-04-26 19:15:44,820 INFO httpx — HTTP Request: POST http://localhost:11434/v1/chat/completions "HTTP/1.1 200 OK"
2026-04-26 19:15:48,625 INFO httpx — HTTP Request: POST http://localhost:11434/v1/chat/completions "HTTP/1.1 200 OK"
2026-04-26 19:15:53,573 INFO httpx — HTTP Request: POST http://localhost:11434/v1/chat/completions "HTTP/1.1 200 OK"
2026-04-26 19:15:58,695 INFO httpx — HTTP Request: POST http://localhost:11434/v1/chat/completions "HTTP/1.1 200 OK"
2026-04-26 19:16:03,408 INFO httpx — HTTP Request: POST http://localhost:11434/v1/chat/completions "HTTP/1.1 200 OK"
2026-04-26 19:16:07,892 INFO httpx — HTTP Request: POST http://localhost:11434/v1/chat/completions "HTTP/1.1 200 OK"
2026-04-26 19:16:12,319 INFO httpx — HTTP Request: POST http://localhost:11434/v1/chat/completions "HTTP/1.1 200 OK"
2026-04-26 19:16:16,259 INFO httpx — HTTP Request: POST http://localhost:11434/v1/chat/completions "HTTP/1.1 200 OK"
2026-04-26 19:16:21,377 INFO httpx — HTTP Request: POST http://localhost:11434/v1/chat/completions "HTTP/1.1 200 OK"
2026-04-26 19:16:25,360 INFO httpx — HTTP Request: POST http://localhost:11434/v1/chat/completions "HTTP/1.1 200 OK"
2026-04-26 19:16:31,544 INFO httpx — HTTP Request: POST http://localhost:11434/v1/chat/completions "HTTP/1.1 200 OK"
2026-04-26 19:16:36,279 INFO httpx — HTTP Request: POST http://localhost:11434/v1/chat/completions "HTTP/1.1 200 OK"
2026-04-26 19:16:39,765 INFO httpx — HTTP Request: POST http://localhost:11434/v1/chat/completions "HTTP/1.1 200 OK"
2026-04-26 19:16:43,335 INFO __main__ — Condition context_lightweight: completed 2/5 (attempt 2, replacements: 0)
2026-04-26 19:16:43,692 INFO httpx — HTTP Request: POST http://localhost:11434/v1/chat/completions "HTTP/1.1 200 OK"
2026-04-26 19:16:49,244 INFO httpx — HTTP Request: POST http://localhost:11434/v1/chat/completions "HTTP/1.1 200 OK"
2026-04-26 19:16:54,817 INFO httpx — HTTP Request: POST http://localhost:11434/v1/chat/completions "HTTP/1.1 200 OK"
2026-04-26 19:16:59,175 INFO httpx — HTTP Request: POST http://localhost:11434/v1/chat/completions "HTTP/1.1 200 OK"
2026-04-26 19:17:04,054 INFO httpx — HTTP Request: POST http://localhost:11434/v1/chat/completions "HTTP/1.1 200 OK"
2026-04-26 19:17:07,973 INFO httpx — HTTP Request: POST http://localhost:11434/v1/chat/completions "HTTP/1.1 200 OK"
2026-04-26 19:17:12,819 INFO httpx — HTTP Request: POST http://localhost:11434/v1/chat/completions "HTTP/1.1 200 OK"
2026-04-26 19:17:17,689 INFO httpx — HTTP Request: POST http://localhost:11434/v1/chat/completions "HTTP/1.1 200 OK"
2026-04-26 19:17:22,747 INFO httpx — HTTP Request: POST http://localhost:11434/v1/chat/completions "HTTP/1.1 200 OK"
2026-04-26 19:17:27,410 INFO httpx — HTTP Request: POST http://localhost:11434/v1/chat/completions "HTTP/1.1 200 OK"
2026-04-26 19:17:33,155 INFO httpx — HTTP Request: POST http://localhost:11434/v1/chat/completions "HTTP/1.1 200 OK"
2026-04-26 19:17:37,044 INFO httpx — HTTP Request: POST http://localhost:11434/v1/chat/completions "HTTP/1.1 200 OK"
2026-04-26 19:17:41,602 INFO httpx — HTTP Request: POST http://localhost:11434/v1/chat/completions "HTTP/1.1 200 OK"
2026-04-26 19:17:45,851 INFO httpx — HTTP Request: POST http://localhost:11434/v1/chat/completions "HTTP/1.1 200 OK"
2026-04-26 19:17:53,988 INFO httpx — HTTP Request: POST http://localhost:11434/v1/chat/completions "HTTP/1.1 200 OK"
2026-04-26 19:17:58,507 INFO httpx — HTTP Request: POST http://localhost:11434/v1/chat/completions "HTTP/1.1 200 OK"
2026-04-26 19:18:02,900 INFO httpx — HTTP Request: POST http://localhost:11434/v1/chat/completions "HTTP/1.1 200 OK"
2026-04-26 19:18:07,530 INFO httpx — HTTP Request: POST http://localhost:11434/v1/chat/completions "HTTP/1.1 200 OK"
2026-04-26 19:18:12,583 INFO httpx — HTTP Request: POST http://localhost:11434/v1/chat/completions "HTTP/1.1 200 OK"
2026-04-26 19:18:17,367 INFO httpx — HTTP Request: POST http://localhost:11434/v1/chat/completions "HTTP/1.1 200 OK"
2026-04-26 19:18:21,424 INFO httpx — HTTP Request: POST http://localhost:11434/v1/chat/completions "HTTP/1.1 200 OK"
2026-04-26 19:18:26,299 INFO httpx — HTTP Request: POST http://localhost:11434/v1/chat/completions "HTTP/1.1 200 OK"
2026-04-26 19:18:30,725 INFO httpx — HTTP Request: POST http://localhost:11434/v1/chat/completions "HTTP/1.1 200 OK"
2026-04-26 19:18:35,271 INFO httpx — HTTP Request: POST http://localhost:11434/v1/chat/completions "HTTP/1.1 200 OK"
2026-04-26 19:18:39,216 INFO httpx — HTTP Request: POST http://localhost:11434/v1/chat/completions "HTTP/1.1 200 OK"
2026-04-26 19:18:44,318 INFO httpx — HTTP Request: POST http://localhost:11434/v1/chat/completions "HTTP/1.1 200 OK"
2026-04-26 19:18:49,158 INFO httpx — HTTP Request: POST http://localhost:11434/v1/chat/completions "HTTP/1.1 200 OK"
2026-04-26 19:18:54,060 INFO httpx — HTTP Request: POST http://localhost:11434/v1/chat/completions "HTTP/1.1 200 OK"
2026-04-26 19:18:59,211 INFO httpx — HTTP Request: POST http://localhost:11434/v1/chat/completions "HTTP/1.1 200 OK"
2026-04-26 19:19:02,560 INFO httpx — HTTP Request: POST http://localhost:11434/v1/chat/completions "HTTP/1.1 200 OK"
2026-04-26 19:19:06,455 INFO httpx — HTTP Request: POST http://localhost:11434/v1/chat/completions "HTTP/1.1 200 OK"
2026-04-26 19:19:11,267 INFO httpx — HTTP Request: POST http://localhost:11434/v1/chat/completions "HTTP/1.1 200 OK"
2026-04-26 19:19:15,158 INFO httpx — HTTP Request: POST http://localhost:11434/v1/chat/completions "HTTP/1.1 200 OK"
2026-04-26 19:19:19,655 INFO httpx — HTTP Request: POST http://localhost:11434/v1/chat/completions "HTTP/1.1 200 OK"
2026-04-26 19:19:24,857 INFO httpx — HTTP Request: POST http://localhost:11434/v1/chat/completions "HTTP/1.1 200 OK"
2026-04-26 19:19:30,076 INFO httpx — HTTP Request: POST http://localhost:11434/v1/chat/completions "HTTP/1.1 200 OK"
2026-04-26 19:19:33,769 INFO httpx — HTTP Request: POST http://localhost:11434/v1/chat/completions "HTTP/1.1 200 OK"
2026-04-26 19:19:38,811 INFO httpx — HTTP Request: POST http://localhost:11434/v1/chat/completions "HTTP/1.1 200 OK"
2026-04-26 19:19:43,009 INFO httpx — HTTP Request: POST http://localhost:11434/v1/chat/completions "HTTP/1.1 200 OK"
2026-04-26 19:19:47,877 INFO httpx — HTTP Request: POST http://localhost:11434/v1/chat/completions "HTTP/1.1 200 OK"
2026-04-26 19:19:51,055 INFO httpx — HTTP Request: POST http://localhost:11434/v1/chat/completions "HTTP/1.1 200 OK"
2026-04-26 19:19:55,299 INFO httpx — HTTP Request: POST http://localhost:11434/v1/chat/completions "HTTP/1.1 200 OK"
2026-04-26 19:20:00,312 INFO httpx — HTTP Request: POST http://localhost:11434/v1/chat/completions "HTTP/1.1 200 OK"
2026-04-26 19:20:03,657 INFO httpx — HTTP Request: POST http://localhost:11434/v1/chat/completions "HTTP/1.1 200 OK"
2026-04-26 19:20:08,226 INFO httpx — HTTP Request: POST http://localhost:11434/v1/chat/completions "HTTP/1.1 200 OK"
2026-04-26 19:20:11,434 INFO httpx — HTTP Request: POST http://localhost:11434/v1/chat/completions "HTTP/1.1 200 OK"
2026-04-26 19:20:16,471 INFO httpx — HTTP Request: POST http://localhost:11434/v1/chat/completions "HTTP/1.1 200 OK"
2026-04-26 19:20:19,764 INFO httpx — HTTP Request: POST http://localhost:11434/v1/chat/completions "HTTP/1.1 200 OK"
2026-04-26 19:20:23,883 INFO httpx — HTTP Request: POST http://localhost:11434/v1/chat/completions "HTTP/1.1 200 OK"
2026-04-26 19:20:28,758 INFO httpx — HTTP Request: POST http://localhost:11434/v1/chat/completions "HTTP/1.1 200 OK"
2026-04-26 19:20:33,359 INFO httpx — HTTP Request: POST http://localhost:11434/v1/chat/completions "HTTP/1.1 200 OK"
2026-04-26 19:20:37,483 INFO httpx — HTTP Request: POST http://localhost:11434/v1/chat/completions "HTTP/1.1 200 OK"
2026-04-26 19:20:42,429 INFO httpx — HTTP Request: POST http://localhost:11434/v1/chat/completions "HTTP/1.1 200 OK"
2026-04-26 19:20:45,861 INFO httpx — HTTP Request: POST http://localhost:11434/v1/chat/completions "HTTP/1.1 200 OK"
2026-04-26 19:20:49,703 INFO httpx — HTTP Request: POST http://localhost:11434/v1/chat/completions "HTTP/1.1 200 OK"
2026-04-26 19:20:54,869 INFO httpx — HTTP Request: POST http://localhost:11434/v1/chat/completions "HTTP/1.1 200 OK"
2026-04-26 19:20:58,271 INFO httpx — HTTP Request: POST http://localhost:11434/v1/chat/completions "HTTP/1.1 200 OK"
2026-04-26 19:21:02,492 INFO httpx — HTTP Request: POST http://localhost:11434/v1/chat/completions "HTTP/1.1 200 OK"
2026-04-26 19:21:07,635 INFO httpx — HTTP Request: POST http://localhost:11434/v1/chat/completions "HTTP/1.1 200 OK"
2026-04-26 19:21:11,868 INFO httpx — HTTP Request: POST http://localhost:11434/v1/chat/completions "HTTP/1.1 200 OK"
2026-04-26 19:21:15,525 INFO httpx — HTTP Request: POST http://localhost:11434/v1/chat/completions "HTTP/1.1 200 OK"
2026-04-26 19:21:20,450 INFO httpx — HTTP Request: POST http://localhost:11434/v1/chat/completions "HTTP/1.1 200 OK"
2026-04-26 19:21:27,199 INFO httpx — HTTP Request: POST http://localhost:11434/v1/chat/completions "HTTP/1.1 200 OK"
2026-04-26 19:21:32,331 INFO httpx — HTTP Request: POST http://localhost:11434/v1/chat/completions "HTTP/1.1 200 OK"
2026-04-26 19:21:36,819 INFO httpx — HTTP Request: POST http://localhost:11434/v1/chat/completions "HTTP/1.1 200 OK"
2026-04-26 19:21:40,333 INFO httpx — HTTP Request: POST http://localhost:11434/v1/chat/completions "HTTP/1.1 200 OK"
2026-04-26 19:21:44,647 INFO httpx — HTTP Request: POST http://localhost:11434/v1/chat/completions "HTTP/1.1 200 OK"
2026-04-26 19:21:49,582 INFO httpx — HTTP Request: POST http://localhost:11434/v1/chat/completions "HTTP/1.1 200 OK"
2026-04-26 19:21:53,973 INFO httpx — HTTP Request: POST http://localhost:11434/v1/chat/completions "HTTP/1.1 200 OK"
2026-04-26 19:21:58,267 INFO httpx — HTTP Request: POST http://localhost:11434/v1/chat/completions "HTTP/1.1 200 OK"
2026-04-26 19:22:03,883 INFO httpx — HTTP Request: POST http://localhost:11434/v1/chat/completions "HTTP/1.1 200 OK"
2026-04-26 19:22:07,811 INFO httpx — HTTP Request: POST http://localhost:11434/v1/chat/completions "HTTP/1.1 200 OK"
2026-04-26 19:22:11,798 INFO httpx — HTTP Request: POST http://localhost:11434/v1/chat/completions "HTTP/1.1 200 OK"
2026-04-26 19:22:18,321 INFO httpx — HTTP Request: POST http://localhost:11434/v1/chat/completions "HTTP/1.1 200 OK"
2026-04-26 19:22:22,372 INFO httpx — HTTP Request: POST http://localhost:11434/v1/chat/completions "HTTP/1.1 200 OK"
2026-04-26 19:22:25,886 INFO httpx — HTTP Request: POST http://localhost:11434/v1/chat/completions "HTTP/1.1 200 OK"
2026-04-26 19:22:30,928 INFO httpx — HTTP Request: POST http://localhost:11434/v1/chat/completions "HTTP/1.1 200 OK"
2026-04-26 19:22:34,858 INFO httpx — HTTP Request: POST http://localhost:11434/v1/chat/completions "HTTP/1.1 200 OK"
2026-04-26 19:22:39,014 INFO httpx — HTTP Request: POST http://localhost:11434/v1/chat/completions "HTTP/1.1 200 OK"
2026-04-26 19:22:43,988 INFO httpx — HTTP Request: POST http://localhost:11434/v1/chat/completions "HTTP/1.1 200 OK"
2026-04-26 19:22:48,629 INFO httpx — HTTP Request: POST http://localhost:11434/v1/chat/completions "HTTP/1.1 200 OK"
2026-04-26 19:22:52,817 INFO httpx — HTTP Request: POST http://localhost:11434/v1/chat/completions "HTTP/1.1 200 OK"
2026-04-26 19:22:58,755 INFO httpx — HTTP Request: POST http://localhost:11434/v1/chat/completions "HTTP/1.1 200 OK"
2026-04-26 19:23:01,935 INFO httpx — HTTP Request: POST http://localhost:11434/v1/chat/completions "HTTP/1.1 200 OK"
2026-04-26 19:23:06,704 INFO httpx — HTTP Request: POST http://localhost:11434/v1/chat/completions "HTTP/1.1 200 OK"
2026-04-26 19:23:11,725 INFO httpx — HTTP Request: POST http://localhost:11434/v1/chat/completions "HTTP/1.1 200 OK"
2026-04-26 19:23:16,969 INFO httpx — HTTP Request: POST http://localhost:11434/v1/chat/completions "HTTP/1.1 200 OK"
2026-04-26 19:23:20,765 INFO httpx — HTTP Request: POST http://localhost:11434/v1/chat/completions "HTTP/1.1 200 OK"
2026-04-26 19:23:24,590 INFO httpx — HTTP Request: POST http://localhost:11434/v1/chat/completions "HTTP/1.1 200 OK"
2026-04-26 19:23:28,782 INFO httpx — HTTP Request: POST http://localhost:11434/v1/chat/completions "HTTP/1.1 200 OK"
2026-04-26 19:23:32,341 INFO httpx — HTTP Request: POST http://localhost:11434/v1/chat/completions "HTTP/1.1 200 OK"
2026-04-26 19:23:37,470 INFO httpx — HTTP Request: POST http://localhost:11434/v1/chat/completions "HTTP/1.1 200 OK"
2026-04-26 19:23:41,000 INFO httpx — HTTP Request: POST http://localhost:11434/v1/chat/completions "HTTP/1.1 200 OK"
2026-04-26 19:23:44,826 INFO httpx — HTTP Request: POST http://localhost:11434/v1/chat/completions "HTTP/1.1 200 OK"
2026-04-26 19:23:48,986 INFO httpx — HTTP Request: POST http://localhost:11434/v1/chat/completions "HTTP/1.1 200 OK"
2026-04-26 19:23:53,260 INFO httpx — HTTP Request: POST http://localhost:11434/v1/chat/completions "HTTP/1.1 200 OK"
2026-04-26 19:23:57,062 INFO httpx — HTTP Request: POST http://localhost:11434/v1/chat/completions "HTTP/1.1 200 OK"
2026-04-26 19:24:01,237 INFO httpx — HTTP Request: POST http://localhost:11434/v1/chat/completions "HTTP/1.1 200 OK"
2026-04-26 19:24:05,187 INFO httpx — HTTP Request: POST http://localhost:11434/v1/chat/completions "HTTP/1.1 200 OK"
2026-04-26 19:24:08,951 INFO httpx — HTTP Request: POST http://localhost:11434/v1/chat/completions "HTTP/1.1 200 OK"
2026-04-26 19:24:13,888 INFO httpx — HTTP Request: POST http://localhost:11434/v1/chat/completions "HTTP/1.1 200 OK"
2026-04-26 19:24:18,504 INFO httpx — HTTP Request: POST http://localhost:11434/v1/chat/completions "HTTP/1.1 200 OK"
2026-04-26 19:24:24,056 INFO httpx — HTTP Request: POST http://localhost:11434/v1/chat/completions "HTTP/1.1 200 OK"
2026-04-26 19:24:28,570 INFO httpx — HTTP Request: POST http://localhost:11434/v1/chat/completions "HTTP/1.1 200 OK"
2026-04-26 19:24:34,930 INFO httpx — HTTP Request: POST http://localhost:11434/v1/chat/completions "HTTP/1.1 200 OK"
2026-04-26 19:24:40,948 INFO __main__ — Condition context_lightweight: completed 3/5 (attempt 3, replacements: 0)
2026-04-26 19:24:41,281 INFO httpx — HTTP Request: POST http://localhost:11434/v1/chat/completions "HTTP/1.1 200 OK"
2026-04-26 19:24:46,313 INFO httpx — HTTP Request: POST http://localhost:11434/v1/chat/completions "HTTP/1.1 200 OK"
2026-04-26 19:24:53,289 INFO httpx — HTTP Request: POST http://localhost:11434/v1/chat/completions "HTTP/1.1 200 OK"
2026-04-26 19:24:57,922 INFO httpx — HTTP Request: POST http://localhost:11434/v1/chat/completions "HTTP/1.1 200 OK"
2026-04-26 19:25:02,998 INFO httpx — HTTP Request: POST http://localhost:11434/v1/chat/completions "HTTP/1.1 200 OK"
2026-04-26 19:25:06,851 INFO httpx — HTTP Request: POST http://localhost:11434/v1/chat/completions "HTTP/1.1 200 OK"
2026-04-26 19:25:10,753 INFO httpx — HTTP Request: POST http://localhost:11434/v1/chat/completions "HTTP/1.1 200 OK"
2026-04-26 19:25:14,402 INFO httpx — HTTP Request: POST http://localhost:11434/v1/chat/completions "HTTP/1.1 200 OK"
2026-04-26 19:25:20,049 INFO httpx — HTTP Request: POST http://localhost:11434/v1/chat/completions "HTTP/1.1 200 OK"
2026-04-26 19:25:24,233 INFO httpx — HTTP Request: POST http://localhost:11434/v1/chat/completions "HTTP/1.1 200 OK"
2026-04-26 19:25:29,752 INFO httpx — HTTP Request: POST http://localhost:11434/v1/chat/completions "HTTP/1.1 200 OK"
2026-04-26 19:25:33,378 INFO httpx — HTTP Request: POST http://localhost:11434/v1/chat/completions "HTTP/1.1 200 OK"
2026-04-26 19:25:37,155 INFO httpx — HTTP Request: POST http://localhost:11434/v1/chat/completions "HTTP/1.1 200 OK"
2026-04-26 19:25:43,247 INFO httpx — HTTP Request: POST http://localhost:11434/v1/chat/completions "HTTP/1.1 200 OK"
2026-04-26 19:25:46,917 INFO httpx — HTTP Request: POST http://localhost:11434/v1/chat/completions "HTTP/1.1 200 OK"
2026-04-26 19:25:50,828 INFO httpx — HTTP Request: POST http://localhost:11434/v1/chat/completions "HTTP/1.1 200 OK"
2026-04-26 19:25:55,353 INFO httpx — HTTP Request: POST http://localhost:11434/v1/chat/completions "HTTP/1.1 200 OK"
2026-04-26 19:25:58,945 INFO httpx — HTTP Request: POST http://localhost:11434/v1/chat/completions "HTTP/1.1 200 OK"
2026-04-26 19:26:03,718 INFO httpx — HTTP Request: POST http://localhost:11434/v1/chat/completions "HTTP/1.1 200 OK"
2026-04-26 19:26:08,841 INFO httpx — HTTP Request: POST http://localhost:11434/v1/chat/completions "HTTP/1.1 200 OK"
2026-04-26 19:26:12,711 INFO httpx — HTTP Request: POST http://localhost:11434/v1/chat/completions "HTTP/1.1 200 OK"
2026-04-26 19:26:17,342 INFO httpx — HTTP Request: POST http://localhost:11434/v1/chat/completions "HTTP/1.1 200 OK"
2026-04-26 19:26:23,241 INFO httpx — HTTP Request: POST http://localhost:11434/v1/chat/completions "HTTP/1.1 200 OK"
2026-04-26 19:26:26,929 INFO httpx — HTTP Request: POST http://localhost:11434/v1/chat/completions "HTTP/1.1 200 OK"
2026-04-26 19:26:30,543 INFO httpx — HTTP Request: POST http://localhost:11434/v1/chat/completions "HTTP/1.1 200 OK"
2026-04-26 19:26:35,370 INFO httpx — HTTP Request: POST http://localhost:11434/v1/chat/completions "HTTP/1.1 200 OK"
2026-04-26 19:26:39,573 INFO httpx — HTTP Request: POST http://localhost:11434/v1/chat/completions "HTTP/1.1 200 OK"
2026-04-26 19:26:44,662 INFO httpx — HTTP Request: POST http://localhost:11434/v1/chat/completions "HTTP/1.1 200 OK"
2026-04-26 19:26:49,764 INFO httpx — HTTP Request: POST http://localhost:11434/v1/chat/completions "HTTP/1.1 200 OK"
2026-04-26 19:26:53,151 INFO httpx — HTTP Request: POST http://localhost:11434/v1/chat/completions "HTTP/1.1 200 OK"
2026-04-26 19:26:56,540 INFO httpx — HTTP Request: POST http://localhost:11434/v1/chat/completions "HTTP/1.1 200 OK"
2026-04-26 19:27:01,563 INFO httpx — HTTP Request: POST http://localhost:11434/v1/chat/completions "HTTP/1.1 200 OK"
2026-04-26 19:27:05,294 INFO httpx — HTTP Request: POST http://localhost:11434/v1/chat/completions "HTTP/1.1 200 OK"
2026-04-26 19:27:08,782 INFO httpx — HTTP Request: POST http://localhost:11434/v1/chat/completions "HTTP/1.1 200 OK"
2026-04-26 19:27:13,906 INFO httpx — HTTP Request: POST http://localhost:11434/v1/chat/completions "HTTP/1.1 200 OK"
2026-04-26 19:27:17,975 INFO httpx — HTTP Request: POST http://localhost:11434/v1/chat/completions "HTTP/1.1 200 OK"
2026-04-26 19:27:21,550 INFO httpx — HTTP Request: POST http://localhost:11434/v1/chat/completions "HTTP/1.1 200 OK"
2026-04-26 19:27:26,611 INFO httpx — HTTP Request: POST http://localhost:11434/v1/chat/completions "HTTP/1.1 200 OK"
2026-04-26 19:27:30,225 INFO httpx — HTTP Request: POST http://localhost:11434/v1/chat/completions "HTTP/1.1 200 OK"
2026-04-26 19:27:33,677 INFO httpx — HTTP Request: POST http://localhost:11434/v1/chat/completions "HTTP/1.1 200 OK"
2026-04-26 19:27:38,082 INFO httpx — HTTP Request: POST http://localhost:11434/v1/chat/completions "HTTP/1.1 200 OK"
2026-04-26 19:27:42,125 INFO httpx — HTTP Request: POST http://localhost:11434/v1/chat/completions "HTTP/1.1 200 OK"
2026-04-26 19:27:45,856 INFO httpx — HTTP Request: POST http://localhost:11434/v1/chat/completions "HTTP/1.1 200 OK"
2026-04-26 19:27:50,718 INFO httpx — HTTP Request: POST http://localhost:11434/v1/chat/completions "HTTP/1.1 200 OK"
2026-04-26 19:27:55,395 INFO httpx — HTTP Request: POST http://localhost:11434/v1/chat/completions "HTTP/1.1 200 OK"
2026-04-26 19:27:59,951 INFO httpx — HTTP Request: POST http://localhost:11434/v1/chat/completions "HTTP/1.1 200 OK"
2026-04-26 19:28:04,846 INFO httpx — HTTP Request: POST http://localhost:11434/v1/chat/completions "HTTP/1.1 200 OK"
2026-04-26 19:28:08,977 INFO httpx — HTTP Request: POST http://localhost:11434/v1/chat/completions "HTTP/1.1 200 OK"
2026-04-26 19:28:12,696 INFO httpx — HTTP Request: POST http://localhost:11434/v1/chat/completions "HTTP/1.1 200 OK"
2026-04-26 19:28:16,773 INFO httpx — HTTP Request: POST http://localhost:11434/v1/chat/completions "HTTP/1.1 200 OK"
2026-04-26 19:28:20,471 INFO httpx — HTTP Request: POST http://localhost:11434/v1/chat/completions "HTTP/1.1 200 OK"
2026-04-26 19:28:25,475 INFO httpx — HTTP Request: POST http://localhost:11434/v1/chat/completions "HTTP/1.1 200 OK"
2026-04-26 19:28:31,754 INFO httpx — HTTP Request: POST http://localhost:11434/v1/chat/completions "HTTP/1.1 200 OK"
2026-04-26 19:28:35,726 INFO httpx — HTTP Request: POST http://localhost:11434/v1/chat/completions "HTTP/1.1 200 OK"
2026-04-26 19:28:40,381 INFO httpx — HTTP Request: POST http://localhost:11434/v1/chat/completions "HTTP/1.1 200 OK"
2026-04-26 19:28:44,444 INFO httpx — HTTP Request: POST http://localhost:11434/v1/chat/completions "HTTP/1.1 200 OK"
2026-04-26 19:28:49,368 INFO httpx — HTTP Request: POST http://localhost:11434/v1/chat/completions "HTTP/1.1 200 OK"
2026-04-26 19:28:53,188 INFO httpx — HTTP Request: POST http://localhost:11434/v1/chat/completions "HTTP/1.1 200 OK"
2026-04-26 19:28:58,157 INFO httpx — HTTP Request: POST http://localhost:11434/v1/chat/completions "HTTP/1.1 200 OK"
2026-04-26 19:29:01,945 INFO httpx — HTTP Request: POST http://localhost:11434/v1/chat/completions "HTTP/1.1 200 OK"
2026-04-26 19:29:05,140 INFO httpx — HTTP Request: POST http://localhost:11434/v1/chat/completions "HTTP/1.1 200 OK"
2026-04-26 19:29:10,593 INFO httpx — HTTP Request: POST http://localhost:11434/v1/chat/completions "HTTP/1.1 200 OK"
2026-04-26 19:29:14,657 INFO httpx — HTTP Request: POST http://localhost:11434/v1/chat/completions "HTTP/1.1 200 OK"
2026-04-26 19:29:18,289 INFO httpx — HTTP Request: POST http://localhost:11434/v1/chat/completions "HTTP/1.1 200 OK"
2026-04-26 19:29:23,256 INFO httpx — HTTP Request: POST http://localhost:11434/v1/chat/completions "HTTP/1.1 200 OK"
2026-04-26 19:29:27,496 INFO httpx — HTTP Request: POST http://localhost:11434/v1/chat/completions "HTTP/1.1 200 OK"
2026-04-26 19:29:31,614 INFO httpx — HTTP Request: POST http://localhost:11434/v1/chat/completions "HTTP/1.1 200 OK"
2026-04-26 19:29:35,694 INFO httpx — HTTP Request: POST http://localhost:11434/v1/chat/completions "HTTP/1.1 200 OK"
2026-04-26 19:29:40,277 INFO httpx — HTTP Request: POST http://localhost:11434/v1/chat/completions "HTTP/1.1 200 OK"
2026-04-26 19:29:44,487 INFO httpx — HTTP Request: POST http://localhost:11434/v1/chat/completions "HTTP/1.1 200 OK"
2026-04-26 19:29:47,770 INFO httpx — HTTP Request: POST http://localhost:11434/v1/chat/completions "HTTP/1.1 200 OK"
2026-04-26 19:29:52,035 INFO httpx — HTTP Request: POST http://localhost:11434/v1/chat/completions "HTTP/1.1 200 OK"
2026-04-26 19:29:55,862 INFO httpx — HTTP Request: POST http://localhost:11434/v1/chat/completions "HTTP/1.1 200 OK"
2026-04-26 19:29:59,809 INFO httpx — HTTP Request: POST http://localhost:11434/v1/chat/completions "HTTP/1.1 200 OK"
2026-04-26 19:30:03,712 INFO httpx — HTTP Request: POST http://localhost:11434/v1/chat/completions "HTTP/1.1 200 OK"
2026-04-26 19:30:07,564 INFO httpx — HTTP Request: POST http://localhost:11434/v1/chat/completions "HTTP/1.1 200 OK"
2026-04-26 19:30:11,181 INFO httpx — HTTP Request: POST http://localhost:11434/v1/chat/completions "HTTP/1.1 200 OK"
2026-04-26 19:30:14,790 INFO httpx — HTTP Request: POST http://localhost:11434/v1/chat/completions "HTTP/1.1 200 OK"
2026-04-26 19:30:18,076 INFO httpx — HTTP Request: POST http://localhost:11434/v1/chat/completions "HTTP/1.1 200 OK"
2026-04-26 19:30:22,792 INFO httpx — HTTP Request: POST http://localhost:11434/v1/chat/completions "HTTP/1.1 200 OK"
2026-04-26 19:30:26,021 INFO httpx — HTTP Request: POST http://localhost:11434/v1/chat/completions "HTTP/1.1 200 OK"
2026-04-26 19:30:31,196 INFO httpx — HTTP Request: POST http://localhost:11434/v1/chat/completions "HTTP/1.1 200 OK"
2026-04-26 19:30:35,698 INFO httpx — HTTP Request: POST http://localhost:11434/v1/chat/completions "HTTP/1.1 200 OK"
2026-04-26 19:30:39,584 INFO httpx — HTTP Request: POST http://localhost:11434/v1/chat/completions "HTTP/1.1 200 OK"
2026-04-26 19:30:43,378 INFO httpx — HTTP Request: POST http://localhost:11434/v1/chat/completions "HTTP/1.1 200 OK"
2026-04-26 19:30:48,073 INFO httpx — HTTP Request: POST http://localhost:11434/v1/chat/completions "HTTP/1.1 200 OK"
2026-04-26 19:30:52,670 INFO httpx — HTTP Request: POST http://localhost:11434/v1/chat/completions "HTTP/1.1 200 OK"
2026-04-26 19:30:56,609 INFO httpx — HTTP Request: POST http://localhost:11434/v1/chat/completions "HTTP/1.1 200 OK"
2026-04-26 19:31:01,707 INFO httpx — HTTP Request: POST http://localhost:11434/v1/chat/completions "HTTP/1.1 200 OK"
2026-04-26 19:31:06,462 INFO httpx — HTTP Request: POST http://localhost:11434/v1/chat/completions "HTTP/1.1 200 OK"
2026-04-26 19:31:10,812 INFO httpx — HTTP Request: POST http://localhost:11434/v1/chat/completions "HTTP/1.1 200 OK"
2026-04-26 19:31:15,028 INFO httpx — HTTP Request: POST http://localhost:11434/v1/chat/completions "HTTP/1.1 200 OK"
2026-04-26 19:31:19,051 INFO httpx — HTTP Request: POST http://localhost:11434/v1/chat/completions "HTTP/1.1 200 OK"
2026-04-26 19:31:23,294 INFO httpx — HTTP Request: POST http://localhost:11434/v1/chat/completions "HTTP/1.1 200 OK"
2026-04-26 19:31:27,053 INFO httpx — HTTP Request: POST http://localhost:11434/v1/chat/completions "HTTP/1.1 200 OK"
2026-04-26 19:31:31,221 INFO httpx — HTTP Request: POST http://localhost:11434/v1/chat/completions "HTTP/1.1 200 OK"
2026-04-26 19:31:34,980 INFO httpx — HTTP Request: POST http://localhost:11434/v1/chat/completions "HTTP/1.1 200 OK"
2026-04-26 19:31:39,909 INFO httpx — HTTP Request: POST http://localhost:11434/v1/chat/completions "HTTP/1.1 200 OK"
2026-04-26 19:31:43,385 INFO httpx — HTTP Request: POST http://localhost:11434/v1/chat/completions "HTTP/1.1 200 OK"
2026-04-26 19:31:48,067 INFO httpx — HTTP Request: POST http://localhost:11434/v1/chat/completions "HTTP/1.1 200 OK"
2026-04-26 19:31:52,901 INFO httpx — HTTP Request: POST http://localhost:11434/v1/chat/completions "HTTP/1.1 200 OK"
2026-04-26 19:31:57,337 INFO httpx — HTTP Request: POST http://localhost:11434/v1/chat/completions "HTTP/1.1 200 OK"
2026-04-26 19:32:00,660 INFO httpx — HTTP Request: POST http://localhost:11434/v1/chat/completions "HTTP/1.1 200 OK"
2026-04-26 19:32:05,686 INFO httpx — HTTP Request: POST http://localhost:11434/v1/chat/completions "HTTP/1.1 200 OK"
2026-04-26 19:32:09,935 INFO httpx — HTTP Request: POST http://localhost:11434/v1/chat/completions "HTTP/1.1 200 OK"
2026-04-26 19:32:13,506 INFO __main__ — Condition context_lightweight: completed 4/5 (attempt 4, replacements: 0)
2026-04-26 19:32:13,864 INFO httpx — HTTP Request: POST http://localhost:11434/v1/chat/completions "HTTP/1.1 200 OK"
2026-04-26 19:32:18,918 INFO httpx — HTTP Request: POST http://localhost:11434/v1/chat/completions "HTTP/1.1 200 OK"
2026-04-26 19:32:23,278 INFO httpx — HTTP Request: POST http://localhost:11434/v1/chat/completions "HTTP/1.1 200 OK"
2026-04-26 19:32:27,761 INFO httpx — HTTP Request: POST http://localhost:11434/v1/chat/completions "HTTP/1.1 200 OK"
2026-04-26 19:32:32,938 INFO httpx — HTTP Request: POST http://localhost:11434/v1/chat/completions "HTTP/1.1 200 OK"
2026-04-26 19:32:37,639 INFO httpx — HTTP Request: POST http://localhost:11434/v1/chat/completions "HTTP/1.1 200 OK"
2026-04-26 19:32:41,924 INFO httpx — HTTP Request: POST http://localhost:11434/v1/chat/completions "HTTP/1.1 200 OK"
2026-04-26 19:32:46,941 INFO httpx — HTTP Request: POST http://localhost:11434/v1/chat/completions "HTTP/1.1 200 OK"
2026-04-26 19:32:51,130 INFO httpx — HTTP Request: POST http://localhost:11434/v1/chat/completions "HTTP/1.1 200 OK"
2026-04-26 19:32:55,511 INFO httpx — HTTP Request: POST http://localhost:11434/v1/chat/completions "HTTP/1.1 200 OK"
2026-04-26 19:33:00,563 INFO httpx — HTTP Request: POST http://localhost:11434/v1/chat/completions "HTTP/1.1 200 OK"
2026-04-26 19:33:03,784 INFO httpx — HTTP Request: POST http://localhost:11434/v1/chat/completions "HTTP/1.1 200 OK"
2026-04-26 19:33:07,066 INFO httpx — HTTP Request: POST http://localhost:11434/v1/chat/completions "HTTP/1.1 200 OK"
2026-04-26 19:33:10,908 INFO httpx — HTTP Request: POST http://localhost:11434/v1/chat/completions "HTTP/1.1 200 OK"
2026-04-26 19:33:15,098 INFO httpx — HTTP Request: POST http://localhost:11434/v1/chat/completions "HTTP/1.1 200 OK"
2026-04-26 19:33:19,461 INFO httpx — HTTP Request: POST http://localhost:11434/v1/chat/completions "HTTP/1.1 200 OK"
2026-04-26 19:33:24,088 INFO httpx — HTTP Request: POST http://localhost:11434/v1/chat/completions "HTTP/1.1 200 OK"
2026-04-26 19:33:29,739 INFO httpx — HTTP Request: POST http://localhost:11434/v1/chat/completions "HTTP/1.1 200 OK"
2026-04-26 19:33:34,661 INFO httpx — HTTP Request: POST http://localhost:11434/v1/chat/completions "HTTP/1.1 200 OK"
2026-04-26 19:33:39,865 INFO httpx — HTTP Request: POST http://localhost:11434/v1/chat/completions "HTTP/1.1 200 OK"
2026-04-26 19:33:43,273 INFO httpx — HTTP Request: POST http://localhost:11434/v1/chat/completions "HTTP/1.1 200 OK"
2026-04-26 19:33:47,397 INFO httpx — HTTP Request: POST http://localhost:11434/v1/chat/completions "HTTP/1.1 200 OK"
2026-04-26 19:33:51,856 INFO httpx — HTTP Request: POST http://localhost:11434/v1/chat/completions "HTTP/1.1 200 OK"
2026-04-26 19:33:55,676 INFO httpx — HTTP Request: POST http://localhost:11434/v1/chat/completions "HTTP/1.1 200 OK"
2026-04-26 19:34:00,079 INFO httpx — HTTP Request: POST http://localhost:11434/v1/chat/completions "HTTP/1.1 200 OK"
2026-04-26 19:34:05,077 INFO httpx — HTTP Request: POST http://localhost:11434/v1/chat/completions "HTTP/1.1 200 OK"
2026-04-26 19:34:09,011 INFO httpx — HTTP Request: POST http://localhost:11434/v1/chat/completions "HTTP/1.1 200 OK"
2026-04-26 19:34:14,321 INFO httpx — HTTP Request: POST http://localhost:11434/v1/chat/completions "HTTP/1.1 200 OK"
2026-04-26 19:34:19,038 INFO httpx — HTTP Request: POST http://localhost:11434/v1/chat/completions "HTTP/1.1 200 OK"
2026-04-26 19:34:23,119 INFO httpx — HTTP Request: POST http://localhost:11434/v1/chat/completions "HTTP/1.1 200 OK"
2026-04-26 19:34:27,615 INFO httpx — HTTP Request: POST http://localhost:11434/v1/chat/completions "HTTP/1.1 200 OK"
2026-04-26 19:34:32,058 INFO httpx — HTTP Request: POST http://localhost:11434/v1/chat/completions "HTTP/1.1 200 OK"
2026-04-26 19:34:35,359 INFO httpx — HTTP Request: POST http://localhost:11434/v1/chat/completions "HTTP/1.1 200 OK"
2026-04-26 19:34:40,067 INFO httpx — HTTP Request: POST http://localhost:11434/v1/chat/completions "HTTP/1.1 200 OK"
2026-04-26 19:34:45,076 INFO httpx — HTTP Request: POST http://localhost:11434/v1/chat/completions "HTTP/1.1 200 OK"
2026-04-26 19:34:49,436 INFO httpx — HTTP Request: POST http://localhost:11434/v1/chat/completions "HTTP/1.1 200 OK"
2026-04-26 19:34:54,166 INFO httpx — HTTP Request: POST http://localhost:11434/v1/chat/completions "HTTP/1.1 200 OK"
2026-04-26 19:34:58,446 INFO httpx — HTTP Request: POST http://localhost:11434/v1/chat/completions "HTTP/1.1 200 OK"
2026-04-26 19:35:02,436 INFO httpx — HTTP Request: POST http://localhost:11434/v1/chat/completions "HTTP/1.1 200 OK"
2026-04-26 19:35:06,708 INFO httpx — HTTP Request: POST http://localhost:11434/v1/chat/completions "HTTP/1.1 200 OK"
2026-04-26 19:35:12,674 INFO httpx — HTTP Request: POST http://localhost:11434/v1/chat/completions "HTTP/1.1 200 OK"
2026-04-26 19:35:17,272 INFO httpx — HTTP Request: POST http://localhost:11434/v1/chat/completions "HTTP/1.1 200 OK"
2026-04-26 19:35:22,036 INFO httpx — HTTP Request: POST http://localhost:11434/v1/chat/completions "HTTP/1.1 200 OK"
2026-04-26 19:35:27,185 INFO httpx — HTTP Request: POST http://localhost:11434/v1/chat/completions "HTTP/1.1 200 OK"
2026-04-26 19:35:30,822 INFO httpx — HTTP Request: POST http://localhost:11434/v1/chat/completions "HTTP/1.1 200 OK"
2026-04-26 19:35:35,677 INFO httpx — HTTP Request: POST http://localhost:11434/v1/chat/completions "HTTP/1.1 200 OK"
2026-04-26 19:35:40,809 INFO httpx — HTTP Request: POST http://localhost:11434/v1/chat/completions "HTTP/1.1 200 OK"
2026-04-26 19:35:44,170 INFO httpx — HTTP Request: POST http://localhost:11434/v1/chat/completions "HTTP/1.1 200 OK"
2026-04-26 19:35:48,785 INFO httpx — HTTP Request: POST http://localhost:11434/v1/chat/completions "HTTP/1.1 200 OK"
2026-04-26 19:35:52,978 INFO httpx — HTTP Request: POST http://localhost:11434/v1/chat/completions "HTTP/1.1 200 OK"
2026-04-26 19:35:56,793 INFO httpx — HTTP Request: POST http://localhost:11434/v1/chat/completions "HTTP/1.1 200 OK"
2026-04-26 19:36:00,869 INFO httpx — HTTP Request: POST http://localhost:11434/v1/chat/completions "HTTP/1.1 200 OK"
2026-04-26 19:36:06,113 INFO httpx — HTTP Request: POST http://localhost:11434/v1/chat/completions "HTTP/1.1 200 OK"
2026-04-26 19:36:09,925 INFO httpx — HTTP Request: POST http://localhost:11434/v1/chat/completions "HTTP/1.1 200 OK"
2026-04-26 19:36:13,673 INFO httpx — HTTP Request: POST http://localhost:11434/v1/chat/completions "HTTP/1.1 200 OK"
2026-04-26 19:36:18,657 INFO httpx — HTTP Request: POST http://localhost:11434/v1/chat/completions "HTTP/1.1 200 OK"
2026-04-26 19:36:21,971 INFO httpx — HTTP Request: POST http://localhost:11434/v1/chat/completions "HTTP/1.1 200 OK"
2026-04-26 19:36:26,236 INFO httpx — HTTP Request: POST http://localhost:11434/v1/chat/completions "HTTP/1.1 200 OK"
2026-04-26 19:36:32,188 INFO httpx — HTTP Request: POST http://localhost:11434/v1/chat/completions "HTTP/1.1 200 OK"
2026-04-26 19:36:37,472 INFO httpx — HTTP Request: POST http://localhost:11434/v1/chat/completions "HTTP/1.1 200 OK"
2026-04-26 19:36:41,333 INFO httpx — HTTP Request: POST http://localhost:11434/v1/chat/completions "HTTP/1.1 200 OK"
2026-04-26 19:36:45,300 INFO httpx — HTTP Request: POST http://localhost:11434/v1/chat/completions "HTTP/1.1 200 OK"
2026-04-26 19:36:49,812 INFO httpx — HTTP Request: POST http://localhost:11434/v1/chat/completions "HTTP/1.1 200 OK"
2026-04-26 19:36:53,513 INFO httpx — HTTP Request: POST http://localhost:11434/v1/chat/completions "HTTP/1.1 200 OK"
2026-04-26 19:36:58,680 INFO httpx — HTTP Request: POST http://localhost:11434/v1/chat/completions "HTTP/1.1 200 OK"
2026-04-26 19:37:02,928 INFO httpx — HTTP Request: POST http://localhost:11434/v1/chat/completions "HTTP/1.1 200 OK"
2026-04-26 19:37:07,746 INFO httpx — HTTP Request: POST http://localhost:11434/v1/chat/completions "HTTP/1.1 200 OK"
2026-04-26 19:37:12,910 INFO httpx — HTTP Request: POST http://localhost:11434/v1/chat/completions "HTTP/1.1 200 OK"
2026-04-26 19:37:16,472 INFO httpx — HTTP Request: POST http://localhost:11434/v1/chat/completions "HTTP/1.1 200 OK"
2026-04-26 19:37:21,050 INFO httpx — HTTP Request: POST http://localhost:11434/v1/chat/completions "HTTP/1.1 200 OK"
2026-04-26 19:37:26,133 INFO httpx — HTTP Request: POST http://localhost:11434/v1/chat/completions "HTTP/1.1 200 OK"
2026-04-26 19:37:30,424 INFO httpx — HTTP Request: POST http://localhost:11434/v1/chat/completions "HTTP/1.1 200 OK"
2026-04-26 19:37:34,616 INFO httpx — HTTP Request: POST http://localhost:11434/v1/chat/completions "HTTP/1.1 200 OK"
2026-04-26 19:37:38,786 INFO httpx — HTTP Request: POST http://localhost:11434/v1/chat/completions "HTTP/1.1 200 OK"
2026-04-26 19:37:42,069 INFO httpx — HTTP Request: POST http://localhost:11434/v1/chat/completions "HTTP/1.1 200 OK"
2026-04-26 19:37:45,801 INFO httpx — HTTP Request: POST http://localhost:11434/v1/chat/completions "HTTP/1.1 200 OK"
2026-04-26 19:37:51,962 INFO httpx — HTTP Request: POST http://localhost:11434/v1/chat/completions "HTTP/1.1 200 OK"
2026-04-26 19:37:56,742 INFO httpx — HTTP Request: POST http://localhost:11434/v1/chat/completions "HTTP/1.1 200 OK"
2026-04-26 19:37:59,928 INFO httpx — HTTP Request: POST http://localhost:11434/v1/chat/completions "HTTP/1.1 200 OK"
2026-04-26 19:38:04,345 INFO httpx — HTTP Request: POST http://localhost:11434/v1/chat/completions "HTTP/1.1 200 OK"
2026-04-26 19:38:07,540 INFO httpx — HTTP Request: POST http://localhost:11434/v1/chat/completions "HTTP/1.1 200 OK"
2026-04-26 19:38:11,699 INFO httpx — HTTP Request: POST http://localhost:11434/v1/chat/completions "HTTP/1.1 200 OK"
2026-04-26 19:38:16,818 INFO httpx — HTTP Request: POST http://localhost:11434/v1/chat/completions "HTTP/1.1 200 OK"
2026-04-26 19:38:20,668 INFO httpx — HTTP Request: POST http://localhost:11434/v1/chat/completions "HTTP/1.1 200 OK"
2026-04-26 19:38:25,113 INFO httpx — HTTP Request: POST http://localhost:11434/v1/chat/completions "HTTP/1.1 200 OK"
2026-04-26 19:38:30,275 INFO httpx — HTTP Request: POST http://localhost:11434/v1/chat/completions "HTTP/1.1 200 OK"
2026-04-26 19:38:34,775 INFO httpx — HTTP Request: POST http://localhost:11434/v1/chat/completions "HTTP/1.1 200 OK"
2026-04-26 19:38:39,032 INFO httpx — HTTP Request: POST http://localhost:11434/v1/chat/completions "HTTP/1.1 200 OK"
2026-04-26 19:38:43,133 INFO httpx — HTTP Request: POST http://localhost:11434/v1/chat/completions "HTTP/1.1 200 OK"
2026-04-26 19:38:46,644 INFO httpx — HTTP Request: POST http://localhost:11434/v1/chat/completions "HTTP/1.1 200 OK"
2026-04-26 19:38:50,441 INFO httpx — HTTP Request: POST http://localhost:11434/v1/chat/completions "HTTP/1.1 200 OK"
2026-04-26 19:38:55,635 INFO httpx — HTTP Request: POST http://localhost:11434/v1/chat/completions "HTTP/1.1 200 OK"
2026-04-26 19:38:59,502 INFO httpx — HTTP Request: POST http://localhost:11434/v1/chat/completions "HTTP/1.1 200 OK"
2026-04-26 19:39:04,285 INFO httpx — HTTP Request: POST http://localhost:11434/v1/chat/completions "HTTP/1.1 200 OK"
2026-04-26 19:39:09,033 INFO httpx — HTTP Request: POST http://localhost:11434/v1/chat/completions "HTTP/1.1 200 OK"
2026-04-26 19:39:14,112 INFO httpx — HTTP Request: POST http://localhost:11434/v1/chat/completions "HTTP/1.1 200 OK"
2026-04-26 19:39:18,970 INFO httpx — HTTP Request: POST http://localhost:11434/v1/chat/completions "HTTP/1.1 200 OK"
2026-04-26 19:39:24,010 INFO httpx — HTTP Request: POST http://localhost:11434/v1/chat/completions "HTTP/1.1 200 OK"
2026-04-26 19:39:28,238 INFO httpx — HTTP Request: POST http://localhost:11434/v1/chat/completions "HTTP/1.1 200 OK"
2026-04-26 19:39:31,878 INFO httpx — HTTP Request: POST http://localhost:11434/v1/chat/completions "HTTP/1.1 200 OK"
2026-04-26 19:39:36,346 INFO httpx — HTTP Request: POST http://localhost:11434/v1/chat/completions "HTTP/1.1 200 OK"
2026-04-26 19:39:39,712 INFO httpx — HTTP Request: POST http://localhost:11434/v1/chat/completions "HTTP/1.1 200 OK"
2026-04-26 19:39:44,455 INFO httpx — HTTP Request: POST http://localhost:11434/v1/chat/completions "HTTP/1.1 200 OK"
2026-04-26 19:39:51,728 INFO httpx — HTTP Request: POST http://localhost:11434/v1/chat/completions "HTTP/1.1 200 OK"
2026-04-26 19:39:56,317 INFO httpx — HTTP Request: POST http://localhost:11434/v1/chat/completions "HTTP/1.1 200 OK"
2026-04-26 19:39:57,789 INFO __main__ — Condition context_lightweight: completed 5/5 (attempt 5, replacements: 0)
2026-04-26 19:39:57,789 INFO __main__ — Condition context_lightweight: finished — 5 valid runs in 5 attempts (0 replacement(s))
2026-04-26 19:39:57,795 INFO __main__ — Checkpoint written (1060 records so far)
2026-04-26 19:40:00,204 INFO httpx — HTTP Request: POST http://localhost:11434/v1/chat/completions "HTTP/1.1 200 OK"
2026-04-26 19:40:05,220 INFO httpx — HTTP Request: POST http://localhost:11434/v1/chat/completions "HTTP/1.1 200 OK"
2026-04-26 19:40:11,014 INFO httpx — HTTP Request: POST http://localhost:11434/v1/chat/completions "HTTP/1.1 200 OK"
2026-04-26 19:40:15,060 INFO httpx — HTTP Request: POST http://localhost:11434/v1/chat/completions "HTTP/1.1 200 OK"
2026-04-26 19:40:20,795 INFO httpx — HTTP Request: POST http://localhost:11434/v1/chat/completions "HTTP/1.1 200 OK"
2026-04-26 19:40:25,314 INFO httpx — HTTP Request: POST http://localhost:11434/v1/chat/completions "HTTP/1.1 200 OK"
2026-04-26 19:40:29,565 INFO httpx — HTTP Request: POST http://localhost:11434/v1/chat/completions "HTTP/1.1 200 OK"
2026-04-26 19:40:35,022 INFO httpx — HTTP Request: POST http://localhost:11434/v1/chat/completions "HTTP/1.1 200 OK"
2026-04-26 19:40:40,050 INFO httpx — HTTP Request: POST http://localhost:11434/v1/chat/completions "HTTP/1.1 200 OK"
2026-04-26 19:40:45,496 INFO httpx — HTTP Request: POST http://localhost:11434/v1/chat/completions "HTTP/1.1 200 OK"
2026-04-26 19:40:50,454 INFO httpx — HTTP Request: POST http://localhost:11434/v1/chat/completions "HTTP/1.1 200 OK"
2026-04-26 19:40:54,922 INFO httpx — HTTP Request: POST http://localhost:11434/v1/chat/completions "HTTP/1.1 200 OK"
2026-04-26 19:40:58,804 INFO httpx — HTTP Request: POST http://localhost:11434/v1/chat/completions "HTTP/1.1 200 OK"
2026-04-26 19:41:04,221 INFO httpx — HTTP Request: POST http://localhost:11434/v1/chat/completions "HTTP/1.1 200 OK"
2026-04-26 19:41:08,866 INFO httpx — HTTP Request: POST http://localhost:11434/v1/chat/completions "HTTP/1.1 200 OK"
2026-04-26 19:41:12,960 INFO httpx — HTTP Request: POST http://localhost:11434/v1/chat/completions "HTTP/1.1 200 OK"
2026-04-26 19:41:18,283 INFO httpx — HTTP Request: POST http://localhost:11434/v1/chat/completions "HTTP/1.1 200 OK"
2026-04-26 19:41:23,024 INFO httpx — HTTP Request: POST http://localhost:11434/v1/chat/completions "HTTP/1.1 200 OK"
2026-04-26 19:41:27,030 INFO httpx — HTTP Request: POST http://localhost:11434/v1/chat/completions "HTTP/1.1 200 OK"
2026-04-26 19:41:31,892 INFO httpx — HTTP Request: POST http://localhost:11434/v1/chat/completions "HTTP/1.1 200 OK"
2026-04-26 19:41:36,880 INFO httpx — HTTP Request: POST http://localhost:11434/v1/chat/completions "HTTP/1.1 200 OK"
2026-04-26 19:41:41,467 INFO httpx — HTTP Request: POST http://localhost:11434/v1/chat/completions "HTTP/1.1 200 OK"
2026-04-26 19:41:45,778 INFO httpx — HTTP Request: POST http://localhost:11434/v1/chat/completions "HTTP/1.1 200 OK"
2026-04-26 19:41:50,588 INFO httpx — HTTP Request: POST http://localhost:11434/v1/chat/completions "HTTP/1.1 200 OK"
2026-04-26 19:41:55,088 INFO httpx — HTTP Request: POST http://localhost:11434/v1/chat/completions "HTTP/1.1 200 OK"
2026-04-26 19:41:59,516 INFO httpx — HTTP Request: POST http://localhost:11434/v1/chat/completions "HTTP/1.1 200 OK"
2026-04-26 19:42:05,031 INFO httpx — HTTP Request: POST http://localhost:11434/v1/chat/completions "HTTP/1.1 200 OK"
2026-04-26 19:42:08,926 INFO httpx — HTTP Request: POST http://localhost:11434/v1/chat/completions "HTTP/1.1 200 OK"
2026-04-26 19:42:13,953 INFO httpx — HTTP Request: POST http://localhost:11434/v1/chat/completions "HTTP/1.1 200 OK"
2026-04-26 19:42:18,487 INFO httpx — HTTP Request: POST http://localhost:11434/v1/chat/completions "HTTP/1.1 200 OK"
2026-04-26 19:42:22,235 INFO httpx — HTTP Request: POST http://localhost:11434/v1/chat/completions "HTTP/1.1 200 OK"
2026-04-26 19:42:26,630 INFO httpx — HTTP Request: POST http://localhost:11434/v1/chat/completions "HTTP/1.1 200 OK"
2026-04-26 19:42:30,539 INFO httpx — HTTP Request: POST http://localhost:11434/v1/chat/completions "HTTP/1.1 200 OK"
2026-04-26 19:42:34,822 INFO httpx — HTTP Request: POST http://localhost:11434/v1/chat/completions "HTTP/1.1 200 OK"
2026-04-26 19:42:39,572 INFO httpx — HTTP Request: POST http://localhost:11434/v1/chat/completions "HTTP/1.1 200 OK"
2026-04-26 19:42:43,665 INFO httpx — HTTP Request: POST http://localhost:11434/v1/chat/completions "HTTP/1.1 200 OK"
2026-04-26 19:42:47,971 INFO httpx — HTTP Request: POST http://localhost:11434/v1/chat/completions "HTTP/1.1 200 OK"
2026-04-26 19:42:52,947 INFO httpx — HTTP Request: POST http://localhost:11434/v1/chat/completions "HTTP/1.1 200 OK"
2026-04-26 19:42:57,372 INFO httpx — HTTP Request: POST http://localhost:11434/v1/chat/completions "HTTP/1.1 200 OK"
2026-04-26 19:43:01,254 INFO httpx — HTTP Request: POST http://localhost:11434/v1/chat/completions "HTTP/1.1 200 OK"
2026-04-26 19:43:06,315 INFO httpx — HTTP Request: POST http://localhost:11434/v1/chat/completions "HTTP/1.1 200 OK"
2026-04-26 19:43:10,002 INFO httpx — HTTP Request: POST http://localhost:11434/v1/chat/completions "HTTP/1.1 200 OK"
2026-04-26 19:43:13,926 INFO httpx — HTTP Request: POST http://localhost:11434/v1/chat/completions "HTTP/1.1 200 OK"
2026-04-26 19:43:18,300 INFO httpx — HTTP Request: POST http://localhost:11434/v1/chat/completions "HTTP/1.1 200 OK"
2026-04-26 19:43:22,670 INFO httpx — HTTP Request: POST http://localhost:11434/v1/chat/completions "HTTP/1.1 200 OK"
2026-04-26 19:43:26,649 INFO httpx — HTTP Request: POST http://localhost:11434/v1/chat/completions "HTTP/1.1 200 OK"
2026-04-26 19:43:31,270 INFO httpx — HTTP Request: POST http://localhost:11434/v1/chat/completions "HTTP/1.1 200 OK"
2026-04-26 19:43:35,446 INFO httpx — HTTP Request: POST http://localhost:11434/v1/chat/completions "HTTP/1.1 200 OK"
2026-04-26 19:43:39,535 INFO httpx — HTTP Request: POST http://localhost:11434/v1/chat/completions "HTTP/1.1 200 OK"
2026-04-26 19:43:44,562 INFO httpx — HTTP Request: POST http://localhost:11434/v1/chat/completions "HTTP/1.1 200 OK"
2026-04-26 19:43:49,836 INFO httpx — HTTP Request: POST http://localhost:11434/v1/chat/completions "HTTP/1.1 200 OK"
2026-04-26 19:43:54,079 INFO httpx — HTTP Request: POST http://localhost:11434/v1/chat/completions "HTTP/1.1 200 OK"
2026-04-26 19:43:58,875 INFO httpx — HTTP Request: POST http://localhost:11434/v1/chat/completions "HTTP/1.1 200 OK"
2026-04-26 19:44:03,228 INFO httpx — HTTP Request: POST http://localhost:11434/v1/chat/completions "HTTP/1.1 200 OK"
2026-04-26 19:44:07,849 INFO httpx — HTTP Request: POST http://localhost:11434/v1/chat/completions "HTTP/1.1 200 OK"
2026-04-26 19:44:12,533 INFO httpx — HTTP Request: POST http://localhost:11434/v1/chat/completions "HTTP/1.1 200 OK"
2026-04-26 19:44:16,355 INFO httpx — HTTP Request: POST http://localhost:11434/v1/chat/completions "HTTP/1.1 200 OK"
2026-04-26 19:44:20,728 INFO httpx — HTTP Request: POST http://localhost:11434/v1/chat/completions "HTTP/1.1 200 OK"
2026-04-26 19:44:24,802 INFO httpx — HTTP Request: POST http://localhost:11434/v1/chat/completions "HTTP/1.1 200 OK"
2026-04-26 19:44:29,058 INFO httpx — HTTP Request: POST http://localhost:11434/v1/chat/completions "HTTP/1.1 200 OK"
2026-04-26 19:44:32,782 INFO httpx — HTTP Request: POST http://localhost:11434/v1/chat/completions "HTTP/1.1 200 OK"
2026-04-26 19:44:36,711 INFO httpx — HTTP Request: POST http://localhost:11434/v1/chat/completions "HTTP/1.1 200 OK"
2026-04-26 19:44:41,165 INFO httpx — HTTP Request: POST http://localhost:11434/v1/chat/completions "HTTP/1.1 200 OK"
2026-04-26 19:44:45,465 INFO httpx — HTTP Request: POST http://localhost:11434/v1/chat/completions "HTTP/1.1 200 OK"
2026-04-26 19:44:49,694 INFO httpx — HTTP Request: POST http://localhost:11434/v1/chat/completions "HTTP/1.1 200 OK"
2026-04-26 19:44:54,196 INFO httpx — HTTP Request: POST http://localhost:11434/v1/chat/completions "HTTP/1.1 200 OK"
2026-04-26 19:44:58,438 INFO httpx — HTTP Request: POST http://localhost:11434/v1/chat/completions "HTTP/1.1 200 OK"
2026-04-26 19:45:03,443 INFO httpx — HTTP Request: POST http://localhost:11434/v1/chat/completions "HTTP/1.1 200 OK"
2026-04-26 19:45:07,461 INFO httpx — HTTP Request: POST http://localhost:11434/v1/chat/completions "HTTP/1.1 200 OK"
2026-04-26 19:45:11,872 INFO httpx — HTTP Request: POST http://localhost:11434/v1/chat/completions "HTTP/1.1 200 OK"
2026-04-26 19:45:16,617 INFO httpx — HTTP Request: POST http://localhost:11434/v1/chat/completions "HTTP/1.1 200 OK"
2026-04-26 19:45:20,429 INFO httpx — HTTP Request: POST http://localhost:11434/v1/chat/completions "HTTP/1.1 200 OK"
2026-04-26 19:45:24,583 INFO httpx — HTTP Request: POST http://localhost:11434/v1/chat/completions "HTTP/1.1 200 OK"
2026-04-26 19:45:29,166 INFO httpx — HTTP Request: POST http://localhost:11434/v1/chat/completions "HTTP/1.1 200 OK"
2026-04-26 19:45:32,611 INFO httpx — HTTP Request: POST http://localhost:11434/v1/chat/completions "HTTP/1.1 200 OK"
2026-04-26 19:45:37,545 INFO httpx — HTTP Request: POST http://localhost:11434/v1/chat/completions "HTTP/1.1 200 OK"
2026-04-26 19:45:41,634 INFO httpx — HTTP Request: POST http://localhost:11434/v1/chat/completions "HTTP/1.1 200 OK"
2026-04-26 19:45:46,420 INFO httpx — HTTP Request: POST http://localhost:11434/v1/chat/completions "HTTP/1.1 200 OK"
2026-04-26 19:45:50,367 INFO httpx — HTTP Request: POST http://localhost:11434/v1/chat/completions "HTTP/1.1 200 OK"
2026-04-26 19:45:54,297 INFO httpx — HTTP Request: POST http://localhost:11434/v1/chat/completions "HTTP/1.1 200 OK"
2026-04-26 19:45:58,809 INFO httpx — HTTP Request: POST http://localhost:11434/v1/chat/completions "HTTP/1.1 200 OK"
2026-04-26 19:46:02,909 INFO httpx — HTTP Request: POST http://localhost:11434/v1/chat/completions "HTTP/1.1 200 OK"
2026-04-26 19:46:06,837 INFO httpx — HTTP Request: POST http://localhost:11434/v1/chat/completions "HTTP/1.1 200 OK"
2026-04-26 19:46:10,760 INFO httpx — HTTP Request: POST http://localhost:11434/v1/chat/completions "HTTP/1.1 200 OK"
2026-04-26 19:46:14,854 INFO httpx — HTTP Request: POST http://localhost:11434/v1/chat/completions "HTTP/1.1 200 OK"
2026-04-26 19:46:19,398 INFO httpx — HTTP Request: POST http://localhost:11434/v1/chat/completions "HTTP/1.1 200 OK"
2026-04-26 19:46:23,446 INFO httpx — HTTP Request: POST http://localhost:11434/v1/chat/completions "HTTP/1.1 200 OK"
2026-04-26 19:46:27,505 INFO httpx — HTTP Request: POST http://localhost:11434/v1/chat/completions "HTTP/1.1 200 OK"
2026-04-26 19:46:31,987 INFO httpx — HTTP Request: POST http://localhost:11434/v1/chat/completions "HTTP/1.1 200 OK"
2026-04-26 19:46:36,365 INFO httpx — HTTP Request: POST http://localhost:11434/v1/chat/completions "HTTP/1.1 200 OK"
2026-04-26 19:46:41,232 INFO httpx — HTTP Request: POST http://localhost:11434/v1/chat/completions "HTTP/1.1 200 OK"
2026-04-26 19:46:45,933 INFO httpx — HTTP Request: POST http://localhost:11434/v1/chat/completions "HTTP/1.1 200 OK"
2026-04-26 19:46:49,752 INFO httpx — HTTP Request: POST http://localhost:11434/v1/chat/completions "HTTP/1.1 200 OK"
2026-04-26 19:46:53,999 INFO httpx — HTTP Request: POST http://localhost:11434/v1/chat/completions "HTTP/1.1 200 OK"
2026-04-26 19:46:58,887 INFO httpx — HTTP Request: POST http://localhost:11434/v1/chat/completions "HTTP/1.1 200 OK"
2026-04-26 19:47:03,454 INFO httpx — HTTP Request: POST http://localhost:11434/v1/chat/completions "HTTP/1.1 200 OK"
2026-04-26 19:47:08,291 INFO httpx — HTTP Request: POST http://localhost:11434/v1/chat/completions "HTTP/1.1 200 OK"
2026-04-26 19:47:13,674 INFO httpx — HTTP Request: POST http://localhost:11434/v1/chat/completions "HTTP/1.1 200 OK"
2026-04-26 19:47:18,153 INFO httpx — HTTP Request: POST http://localhost:11434/v1/chat/completions "HTTP/1.1 200 OK"
2026-04-26 19:47:21,865 INFO httpx — HTTP Request: POST http://localhost:11434/v1/chat/completions "HTTP/1.1 200 OK"
2026-04-26 19:47:26,779 INFO httpx — HTTP Request: POST http://localhost:11434/v1/chat/completions "HTTP/1.1 200 OK"
2026-04-26 19:47:31,172 INFO httpx — HTTP Request: POST http://localhost:11434/v1/chat/completions "HTTP/1.1 200 OK"
2026-04-26 19:47:35,018 INFO httpx — HTTP Request: POST http://localhost:11434/v1/chat/completions "HTTP/1.1 200 OK"
2026-04-26 19:47:39,853 INFO httpx — HTTP Request: POST http://localhost:11434/v1/chat/completions "HTTP/1.1 200 OK"
2026-04-26 19:47:44,221 INFO httpx — HTTP Request: POST http://localhost:11434/v1/chat/completions "HTTP/1.1 200 OK"
2026-04-26 19:47:46,262 INFO __main__ — Condition unstructured_lightweight: completed 1/5 (attempt 1, replacements: 0)
2026-04-26 19:47:48,951 INFO httpx — HTTP Request: POST http://localhost:11434/v1/chat/completions "HTTP/1.1 200 OK"
2026-04-26 19:47:54,318 INFO httpx — HTTP Request: POST http://localhost:11434/v1/chat/completions "HTTP/1.1 200 OK"
2026-04-26 19:47:58,782 INFO httpx — HTTP Request: POST http://localhost:11434/v1/chat/completions "HTTP/1.1 200 OK"
2026-04-26 19:48:03,140 INFO httpx — HTTP Request: POST http://localhost:11434/v1/chat/completions "HTTP/1.1 200 OK"
2026-04-26 19:48:08,200 INFO httpx — HTTP Request: POST http://localhost:11434/v1/chat/completions "HTTP/1.1 200 OK"
2026-04-26 19:48:11,898 INFO httpx — HTTP Request: POST http://localhost:11434/v1/chat/completions "HTTP/1.1 200 OK"
2026-04-26 19:48:18,147 INFO httpx — HTTP Request: POST http://localhost:11434/v1/chat/completions "HTTP/1.1 200 OK"
2026-04-26 19:48:22,821 INFO httpx — HTTP Request: POST http://localhost:11434/v1/chat/completions "HTTP/1.1 200 OK"
2026-04-26 19:48:28,201 INFO httpx — HTTP Request: POST http://localhost:11434/v1/chat/completions "HTTP/1.1 200 OK"
2026-04-26 19:48:32,542 INFO httpx — HTTP Request: POST http://localhost:11434/v1/chat/completions "HTTP/1.1 200 OK"
2026-04-26 19:48:37,709 INFO httpx — HTTP Request: POST http://localhost:11434/v1/chat/completions "HTTP/1.1 200 OK"
2026-04-26 19:48:41,789 INFO httpx — HTTP Request: POST http://localhost:11434/v1/chat/completions "HTTP/1.1 200 OK"
2026-04-26 19:48:47,419 INFO httpx — HTTP Request: POST http://localhost:11434/v1/chat/completions "HTTP/1.1 200 OK"
2026-04-26 19:48:51,722 INFO httpx — HTTP Request: POST http://localhost:11434/v1/chat/completions "HTTP/1.1 200 OK"
2026-04-26 19:48:57,848 INFO httpx — HTTP Request: POST http://localhost:11434/v1/chat/completions "HTTP/1.1 200 OK"
2026-04-26 19:49:02,546 INFO httpx — HTTP Request: POST http://localhost:11434/v1/chat/completions "HTTP/1.1 200 OK"
2026-04-26 19:49:07,298 INFO httpx — HTTP Request: POST http://localhost:11434/v1/chat/completions "HTTP/1.1 200 OK"
2026-04-26 19:49:12,530 INFO httpx — HTTP Request: POST http://localhost:11434/v1/chat/completions "HTTP/1.1 200 OK"
2026-04-26 19:49:16,231 INFO httpx — HTTP Request: POST http://localhost:11434/v1/chat/completions "HTTP/1.1 200 OK"
2026-04-26 19:49:20,421 INFO httpx — HTTP Request: POST http://localhost:11434/v1/chat/completions "HTTP/1.1 200 OK"
2026-04-26 19:49:24,273 INFO httpx — HTTP Request: POST http://localhost:11434/v1/chat/completions "HTTP/1.1 200 OK"
2026-04-26 19:49:28,465 INFO httpx — HTTP Request: POST http://localhost:11434/v1/chat/completions "HTTP/1.1 200 OK"
2026-04-26 19:49:33,708 INFO httpx — HTTP Request: POST http://localhost:11434/v1/chat/completions "HTTP/1.1 200 OK"
2026-04-26 19:49:37,765 INFO httpx — HTTP Request: POST http://localhost:11434/v1/chat/completions "HTTP/1.1 200 OK"
2026-04-26 19:49:41,653 INFO httpx — HTTP Request: POST http://localhost:11434/v1/chat/completions "HTTP/1.1 200 OK"
2026-04-26 19:49:46,914 INFO httpx — HTTP Request: POST http://localhost:11434/v1/chat/completions "HTTP/1.1 200 OK"
2026-04-26 19:49:50,919 INFO httpx — HTTP Request: POST http://localhost:11434/v1/chat/completions "HTTP/1.1 200 OK"
2026-04-26 19:49:54,870 INFO httpx — HTTP Request: POST http://localhost:11434/v1/chat/completions "HTTP/1.1 200 OK"
2026-04-26 19:49:59,446 INFO httpx — HTTP Request: POST http://localhost:11434/v1/chat/completions "HTTP/1.1 200 OK"
2026-04-26 19:50:04,047 INFO httpx — HTTP Request: POST http://localhost:11434/v1/chat/completions "HTTP/1.1 200 OK"
2026-04-26 19:50:07,753 INFO httpx — HTTP Request: POST http://localhost:11434/v1/chat/completions "HTTP/1.1 200 OK"
2026-04-26 19:50:12,272 INFO httpx — HTTP Request: POST http://localhost:11434/v1/chat/completions "HTTP/1.1 200 OK"
2026-04-26 19:50:16,872 INFO httpx — HTTP Request: POST http://localhost:11434/v1/chat/completions "HTTP/1.1 200 OK"
2026-04-26 19:50:23,647 INFO httpx — HTTP Request: POST http://localhost:11434/v1/chat/completions "HTTP/1.1 200 OK"
2026-04-26 19:50:28,510 INFO httpx — HTTP Request: POST http://localhost:11434/v1/chat/completions "HTTP/1.1 200 OK"
2026-04-26 19:50:33,263 INFO httpx — HTTP Request: POST http://localhost:11434/v1/chat/completions "HTTP/1.1 200 OK"
2026-04-26 19:50:37,895 INFO httpx — HTTP Request: POST http://localhost:11434/v1/chat/completions "HTTP/1.1 200 OK"
2026-04-26 19:50:42,299 INFO httpx — HTTP Request: POST http://localhost:11434/v1/chat/completions "HTTP/1.1 200 OK"
2026-04-26 19:50:46,290 INFO httpx — HTTP Request: POST http://localhost:11434/v1/chat/completions "HTTP/1.1 200 OK"
2026-04-26 19:50:50,868 INFO httpx — HTTP Request: POST http://localhost:11434/v1/chat/completions "HTTP/1.1 200 OK"
2026-04-26 19:50:55,487 INFO httpx — HTTP Request: POST http://localhost:11434/v1/chat/completions "HTTP/1.1 200 OK"
2026-04-26 19:50:59,567 INFO httpx — HTTP Request: POST http://localhost:11434/v1/chat/completions "HTTP/1.1 200 OK"
2026-04-26 19:51:03,780 INFO httpx — HTTP Request: POST http://localhost:11434/v1/chat/completions "HTTP/1.1 200 OK"
2026-04-26 19:51:08,308 INFO httpx — HTTP Request: POST http://localhost:11434/v1/chat/completions "HTTP/1.1 200 OK"
2026-04-26 19:51:12,292 INFO httpx — HTTP Request: POST http://localhost:11434/v1/chat/completions "HTTP/1.1 200 OK"
2026-04-26 19:51:15,999 INFO httpx — HTTP Request: POST http://localhost:11434/v1/chat/completions "HTTP/1.1 200 OK"
2026-04-26 19:51:20,449 INFO httpx — HTTP Request: POST http://localhost:11434/v1/chat/completions "HTTP/1.1 200 OK"
2026-04-26 19:51:25,009 INFO httpx — HTTP Request: POST http://localhost:11434/v1/chat/completions "HTTP/1.1 200 OK"
2026-04-26 19:51:28,726 INFO httpx — HTTP Request: POST http://localhost:11434/v1/chat/completions "HTTP/1.1 200 OK"
2026-04-26 19:51:33,048 INFO httpx — HTTP Request: POST http://localhost:11434/v1/chat/completions "HTTP/1.1 200 OK"
2026-04-26 19:51:37,147 INFO httpx — HTTP Request: POST http://localhost:11434/v1/chat/completions "HTTP/1.1 200 OK"
2026-04-26 19:51:41,428 INFO httpx — HTTP Request: POST http://localhost:11434/v1/chat/completions "HTTP/1.1 200 OK"
2026-04-26 19:51:45,726 INFO httpx — HTTP Request: POST http://localhost:11434/v1/chat/completions "HTTP/1.1 200 OK"
2026-04-26 19:51:49,697 INFO httpx — HTTP Request: POST http://localhost:11434/v1/chat/completions "HTTP/1.1 200 OK"
2026-04-26 19:51:55,715 INFO httpx — HTTP Request: POST http://localhost:11434/v1/chat/completions "HTTP/1.1 200 OK"
2026-04-26 19:52:00,134 INFO httpx — HTTP Request: POST http://localhost:11434/v1/chat/completions "HTTP/1.1 200 OK"
2026-04-26 19:52:04,098 INFO httpx — HTTP Request: POST http://localhost:11434/v1/chat/completions "HTTP/1.1 200 OK"
2026-04-26 19:52:08,022 INFO httpx — HTTP Request: POST http://localhost:11434/v1/chat/completions "HTTP/1.1 200 OK"
2026-04-26 19:52:12,830 INFO httpx — HTTP Request: POST http://localhost:11434/v1/chat/completions "HTTP/1.1 200 OK"
2026-04-26 19:52:16,930 INFO httpx — HTTP Request: POST http://localhost:11434/v1/chat/completions "HTTP/1.1 200 OK"
2026-04-26 19:52:21,158 INFO httpx — HTTP Request: POST http://localhost:11434/v1/chat/completions "HTTP/1.1 200 OK"
2026-04-26 19:52:26,359 INFO httpx — HTTP Request: POST http://localhost:11434/v1/chat/completions "HTTP/1.1 200 OK"
2026-04-26 19:52:30,521 INFO httpx — HTTP Request: POST http://localhost:11434/v1/chat/completions "HTTP/1.1 200 OK"
2026-04-26 19:52:35,145 INFO httpx — HTTP Request: POST http://localhost:11434/v1/chat/completions "HTTP/1.1 200 OK"
2026-04-26 19:52:39,599 INFO httpx — HTTP Request: POST http://localhost:11434/v1/chat/completions "HTTP/1.1 200 OK"
2026-04-26 19:52:44,285 INFO httpx — HTTP Request: POST http://localhost:11434/v1/chat/completions "HTTP/1.1 200 OK"
2026-04-26 19:52:49,108 INFO httpx — HTTP Request: POST http://localhost:11434/v1/chat/completions "HTTP/1.1 200 OK"
2026-04-26 19:52:53,741 INFO httpx — HTTP Request: POST http://localhost:11434/v1/chat/completions "HTTP/1.1 200 OK"
2026-04-26 19:52:59,137 INFO httpx — HTTP Request: POST http://localhost:11434/v1/chat/completions "HTTP/1.1 200 OK"
2026-04-26 19:53:03,558 INFO httpx — HTTP Request: POST http://localhost:11434/v1/chat/completions "HTTP/1.1 200 OK"
2026-04-26 19:53:08,290 INFO httpx — HTTP Request: POST http://localhost:11434/v1/chat/completions "HTTP/1.1 200 OK"
2026-04-26 19:53:12,815 INFO httpx — HTTP Request: POST http://localhost:11434/v1/chat/completions "HTTP/1.1 200 OK"
2026-04-26 19:53:17,390 INFO httpx — HTTP Request: POST http://localhost:11434/v1/chat/completions "HTTP/1.1 200 OK"
2026-04-26 19:53:22,469 INFO httpx — HTTP Request: POST http://localhost:11434/v1/chat/completions "HTTP/1.1 200 OK"
2026-04-26 19:53:26,811 INFO httpx — HTTP Request: POST http://localhost:11434/v1/chat/completions "HTTP/1.1 200 OK"
2026-04-26 19:53:31,340 INFO httpx — HTTP Request: POST http://localhost:11434/v1/chat/completions "HTTP/1.1 200 OK"
2026-04-26 19:53:35,908 INFO httpx — HTTP Request: POST http://localhost:11434/v1/chat/completions "HTTP/1.1 200 OK"
2026-04-26 19:53:41,124 INFO httpx — HTTP Request: POST http://localhost:11434/v1/chat/completions "HTTP/1.1 200 OK"
2026-04-26 19:53:45,625 INFO httpx — HTTP Request: POST http://localhost:11434/v1/chat/completions "HTTP/1.1 200 OK"
2026-04-26 19:53:49,941 INFO httpx — HTTP Request: POST http://localhost:11434/v1/chat/completions "HTTP/1.1 200 OK"
2026-04-26 19:53:56,184 INFO httpx — HTTP Request: POST http://localhost:11434/v1/chat/completions "HTTP/1.1 200 OK"
2026-04-26 19:54:00,135 INFO httpx — HTTP Request: POST http://localhost:11434/v1/chat/completions "HTTP/1.1 200 OK"
2026-04-26 19:54:04,665 INFO httpx — HTTP Request: POST http://localhost:11434/v1/chat/completions "HTTP/1.1 200 OK"
2026-04-26 19:54:08,625 INFO httpx — HTTP Request: POST http://localhost:11434/v1/chat/completions "HTTP/1.1 200 OK"
2026-04-26 19:54:13,054 INFO httpx — HTTP Request: POST http://localhost:11434/v1/chat/completions "HTTP/1.1 200 OK"
2026-04-26 19:54:17,674 INFO httpx — HTTP Request: POST http://localhost:11434/v1/chat/completions "HTTP/1.1 200 OK"
2026-04-26 19:54:22,028 INFO httpx — HTTP Request: POST http://localhost:11434/v1/chat/completions "HTTP/1.1 200 OK"
2026-04-26 19:54:25,749 INFO httpx — HTTP Request: POST http://localhost:11434/v1/chat/completions "HTTP/1.1 200 OK"
2026-04-26 19:54:30,243 INFO httpx — HTTP Request: POST http://localhost:11434/v1/chat/completions "HTTP/1.1 200 OK"
2026-04-26 19:54:35,002 INFO httpx — HTTP Request: POST http://localhost:11434/v1/chat/completions "HTTP/1.1 200 OK"
2026-04-26 19:54:38,987 INFO httpx — HTTP Request: POST http://localhost:11434/v1/chat/completions "HTTP/1.1 200 OK"
2026-04-26 19:54:43,534 INFO httpx — HTTP Request: POST http://localhost:11434/v1/chat/completions "HTTP/1.1 200 OK"
2026-04-26 19:54:47,837 INFO httpx — HTTP Request: POST http://localhost:11434/v1/chat/completions "HTTP/1.1 200 OK"
2026-04-26 19:54:51,798 INFO httpx — HTTP Request: POST http://localhost:11434/v1/chat/completions "HTTP/1.1 200 OK"
2026-04-26 19:54:56,443 INFO httpx — HTTP Request: POST http://localhost:11434/v1/chat/completions "HTTP/1.1 200 OK"
2026-04-26 19:55:00,846 INFO httpx — HTTP Request: POST http://localhost:11434/v1/chat/completions "HTTP/1.1 200 OK"
2026-04-26 19:55:04,769 INFO httpx — HTTP Request: POST http://localhost:11434/v1/chat/completions "HTTP/1.1 200 OK"
2026-04-26 19:55:09,003 INFO httpx — HTTP Request: POST http://localhost:11434/v1/chat/completions "HTTP/1.1 200 OK"
2026-04-26 19:55:12,946 INFO httpx — HTTP Request: POST http://localhost:11434/v1/chat/completions "HTTP/1.1 200 OK"
2026-04-26 19:55:17,894 INFO httpx — HTTP Request: POST http://localhost:11434/v1/chat/completions "HTTP/1.1 200 OK"
2026-04-26 19:55:22,947 INFO httpx — HTTP Request: POST http://localhost:11434/v1/chat/completions "HTTP/1.1 200 OK"
2026-04-26 19:55:26,712 INFO httpx — HTTP Request: POST http://localhost:11434/v1/chat/completions "HTTP/1.1 200 OK"
2026-04-26 19:55:30,548 INFO httpx — HTTP Request: POST http://localhost:11434/v1/chat/completions "HTTP/1.1 200 OK"
2026-04-26 19:55:34,651 INFO httpx — HTTP Request: POST http://localhost:11434/v1/chat/completions "HTTP/1.1 200 OK"
2026-04-26 19:55:38,636 INFO httpx — HTTP Request: POST http://localhost:11434/v1/chat/completions "HTTP/1.1 200 OK"
2026-04-26 19:55:40,567 INFO __main__ — Condition unstructured_lightweight: completed 2/5 (attempt 2, replacements: 0)
2026-04-26 19:55:43,151 INFO httpx — HTTP Request: POST http://localhost:11434/v1/chat/completions "HTTP/1.1 200 OK"
2026-04-26 19:55:47,889 INFO httpx — HTTP Request: POST http://localhost:11434/v1/chat/completions "HTTP/1.1 200 OK"
2026-04-26 19:55:53,306 INFO httpx — HTTP Request: POST http://localhost:11434/v1/chat/completions "HTTP/1.1 200 OK"
2026-04-26 19:55:59,023 INFO httpx — HTTP Request: POST http://localhost:11434/v1/chat/completions "HTTP/1.1 200 OK"
2026-04-26 19:56:03,443 INFO httpx — HTTP Request: POST http://localhost:11434/v1/chat/completions "HTTP/1.1 200 OK"
2026-04-26 19:56:08,196 INFO httpx — HTTP Request: POST http://localhost:11434/v1/chat/completions "HTTP/1.1 200 OK"
2026-04-26 19:56:12,555 INFO httpx — HTTP Request: POST http://localhost:11434/v1/chat/completions "HTTP/1.1 200 OK"
2026-04-26 19:56:16,989 INFO httpx — HTTP Request: POST http://localhost:11434/v1/chat/completions "HTTP/1.1 200 OK"
2026-04-26 19:56:22,942 INFO httpx — HTTP Request: POST http://localhost:11434/v1/chat/completions "HTTP/1.1 200 OK"
2026-04-26 19:56:26,316 INFO httpx — HTTP Request: POST http://localhost:11434/v1/chat/completions "HTTP/1.1 200 OK"
2026-04-26 19:56:30,524 INFO httpx — HTTP Request: POST http://localhost:11434/v1/chat/completions "HTTP/1.1 200 OK"
2026-04-26 19:56:35,367 INFO httpx — HTTP Request: POST http://localhost:11434/v1/chat/completions "HTTP/1.1 200 OK"
2026-04-26 19:56:39,185 INFO httpx — HTTP Request: POST http://localhost:11434/v1/chat/completions "HTTP/1.1 200 OK"
2026-04-26 19:56:43,648 INFO httpx — HTTP Request: POST http://localhost:11434/v1/chat/completions "HTTP/1.1 200 OK"
2026-04-26 19:56:48,141 INFO httpx — HTTP Request: POST http://localhost:11434/v1/chat/completions "HTTP/1.1 200 OK"
2026-04-26 19:56:52,840 INFO httpx — HTTP Request: POST http://localhost:11434/v1/chat/completions "HTTP/1.1 200 OK"
2026-04-26 19:56:57,862 INFO httpx — HTTP Request: POST http://localhost:11434/v1/chat/completions "HTTP/1.1 200 OK"
2026-04-26 19:57:02,627 INFO httpx — HTTP Request: POST http://localhost:11434/v1/chat/completions "HTTP/1.1 200 OK"
2026-04-26 19:57:07,570 INFO httpx — HTTP Request: POST http://localhost:11434/v1/chat/completions "HTTP/1.1 200 OK"
2026-04-26 19:57:11,228 INFO httpx — HTTP Request: POST http://localhost:11434/v1/chat/completions "HTTP/1.1 200 OK"
2026-04-26 19:57:15,860 INFO httpx — HTTP Request: POST http://localhost:11434/v1/chat/completions "HTTP/1.1 200 OK"
2026-04-26 19:57:20,863 INFO httpx — HTTP Request: POST http://localhost:11434/v1/chat/completions "HTTP/1.1 200 OK"
2026-04-26 19:57:25,613 INFO httpx — HTTP Request: POST http://localhost:11434/v1/chat/completions "HTTP/1.1 200 OK"
2026-04-26 19:57:29,752 INFO httpx — HTTP Request: POST http://localhost:11434/v1/chat/completions "HTTP/1.1 200 OK"
2026-04-26 19:57:34,624 INFO httpx — HTTP Request: POST http://localhost:11434/v1/chat/completions "HTTP/1.1 200 OK"
2026-04-26 19:57:38,837 INFO httpx — HTTP Request: POST http://localhost:11434/v1/chat/completions "HTTP/1.1 200 OK"
2026-04-26 19:57:43,211 INFO httpx — HTTP Request: POST http://localhost:11434/v1/chat/completions "HTTP/1.1 200 OK"
2026-04-26 19:57:47,262 INFO httpx — HTTP Request: POST http://localhost:11434/v1/chat/completions "HTTP/1.1 200 OK"
2026-04-26 19:57:52,651 INFO httpx — HTTP Request: POST http://localhost:11434/v1/chat/completions "HTTP/1.1 200 OK"
2026-04-26 19:57:57,327 INFO httpx — HTTP Request: POST http://localhost:11434/v1/chat/completions "HTTP/1.1 200 OK"
2026-04-26 19:58:01,952 INFO httpx — HTTP Request: POST http://localhost:11434/v1/chat/completions "HTTP/1.1 200 OK"
2026-04-26 19:58:06,588 INFO httpx — HTTP Request: POST http://localhost:11434/v1/chat/completions "HTTP/1.1 200 OK"
2026-04-26 19:58:10,497 INFO httpx — HTTP Request: POST http://localhost:11434/v1/chat/completions "HTTP/1.1 200 OK"
2026-04-26 19:58:14,936 INFO httpx — HTTP Request: POST http://localhost:11434/v1/chat/completions "HTTP/1.1 200 OK"
2026-04-26 19:58:19,799 INFO httpx — HTTP Request: POST http://localhost:11434/v1/chat/completions "HTTP/1.1 200 OK"
2026-04-26 19:58:24,481 INFO httpx — HTTP Request: POST http://localhost:11434/v1/chat/completions "HTTP/1.1 200 OK"
2026-04-26 19:58:28,386 INFO httpx — HTTP Request: POST http://localhost:11434/v1/chat/completions "HTTP/1.1 200 OK"
2026-04-26 19:58:33,564 INFO httpx — HTTP Request: POST http://localhost:11434/v1/chat/completions "HTTP/1.1 200 OK"
2026-04-26 19:58:37,533 INFO httpx — HTTP Request: POST http://localhost:11434/v1/chat/completions "HTTP/1.1 200 OK"
2026-04-26 19:58:41,866 INFO httpx — HTTP Request: POST http://localhost:11434/v1/chat/completions "HTTP/1.1 200 OK"
2026-04-26 19:58:46,692 INFO httpx — HTTP Request: POST http://localhost:11434/v1/chat/completions "HTTP/1.1 200 OK"
2026-04-26 19:58:50,722 INFO httpx — HTTP Request: POST http://localhost:11434/v1/chat/completions "HTTP/1.1 200 OK"
2026-04-26 19:58:56,330 INFO httpx — HTTP Request: POST http://localhost:11434/v1/chat/completions "HTTP/1.1 200 OK"
2026-04-26 19:59:00,316 INFO httpx — HTTP Request: POST http://localhost:11434/v1/chat/completions "HTTP/1.1 200 OK"
2026-04-26 19:59:05,009 INFO httpx — HTTP Request: POST http://localhost:11434/v1/chat/completions "HTTP/1.1 200 OK"
2026-04-26 19:59:09,061 INFO httpx — HTTP Request: POST http://localhost:11434/v1/chat/completions "HTTP/1.1 200 OK"
2026-04-26 19:59:13,531 INFO httpx — HTTP Request: POST http://localhost:11434/v1/chat/completions "HTTP/1.1 200 OK"
2026-04-26 19:59:17,665 INFO httpx — HTTP Request: POST http://localhost:11434/v1/chat/completions "HTTP/1.1 200 OK"
2026-04-26 19:59:22,167 INFO httpx — HTTP Request: POST http://localhost:11434/v1/chat/completions "HTTP/1.1 200 OK"
2026-04-26 19:59:26,750 INFO httpx — HTTP Request: POST http://localhost:11434/v1/chat/completions "HTTP/1.1 200 OK"
2026-04-26 19:59:31,336 INFO httpx — HTTP Request: POST http://localhost:11434/v1/chat/completions "HTTP/1.1 200 OK"
2026-04-26 19:59:34,558 INFO httpx — HTTP Request: POST http://localhost:11434/v1/chat/completions "HTTP/1.1 200 OK"
2026-04-26 19:59:39,032 INFO httpx — HTTP Request: POST http://localhost:11434/v1/chat/completions "HTTP/1.1 200 OK"
2026-04-26 19:59:43,311 INFO httpx — HTTP Request: POST http://localhost:11434/v1/chat/completions "HTTP/1.1 200 OK"
2026-04-26 19:59:46,864 INFO httpx — HTTP Request: POST http://localhost:11434/v1/chat/completions "HTTP/1.1 200 OK"
2026-04-26 19:59:51,201 INFO httpx — HTTP Request: POST http://localhost:11434/v1/chat/completions "HTTP/1.1 200 OK"
2026-04-26 19:59:56,756 INFO httpx — HTTP Request: POST http://localhost:11434/v1/chat/completions "HTTP/1.1 200 OK"
2026-04-26 20:00:01,396 INFO httpx — HTTP Request: POST http://localhost:11434/v1/chat/completions "HTTP/1.1 200 OK"
2026-04-26 20:00:05,759 INFO httpx — HTTP Request: POST http://localhost:11434/v1/chat/completions "HTTP/1.1 200 OK"
2026-04-26 20:00:09,482 INFO httpx — HTTP Request: POST http://localhost:11434/v1/chat/completions "HTTP/1.1 200 OK"
2026-04-26 20:00:13,817 INFO httpx — HTTP Request: POST http://localhost:11434/v1/chat/completions "HTTP/1.1 200 OK"
2026-04-26 20:00:17,432 INFO httpx — HTTP Request: POST http://localhost:11434/v1/chat/completions "HTTP/1.1 200 OK"
2026-04-26 20:00:22,138 INFO httpx — HTTP Request: POST http://localhost:11434/v1/chat/completions "HTTP/1.1 200 OK"
2026-04-26 20:00:27,210 INFO httpx — HTTP Request: POST http://localhost:11434/v1/chat/completions "HTTP/1.1 200 OK"
2026-04-26 20:00:31,186 INFO httpx — HTTP Request: POST http://localhost:11434/v1/chat/completions "HTTP/1.1 200 OK"
2026-04-26 20:00:35,110 INFO httpx — HTTP Request: POST http://localhost:11434/v1/chat/completions "HTTP/1.1 200 OK"
2026-04-26 20:00:39,515 INFO httpx — HTTP Request: POST http://localhost:11434/v1/chat/completions "HTTP/1.1 200 OK"
2026-04-26 20:00:44,036 INFO httpx — HTTP Request: POST http://localhost:11434/v1/chat/completions "HTTP/1.1 200 OK"
2026-04-26 20:00:48,570 INFO httpx — HTTP Request: POST http://localhost:11434/v1/chat/completions "HTTP/1.1 200 OK"
2026-04-26 20:00:52,865 INFO httpx — HTTP Request: POST http://localhost:11434/v1/chat/completions "HTTP/1.1 200 OK"
2026-04-26 20:00:58,099 INFO httpx — HTTP Request: POST http://localhost:11434/v1/chat/completions "HTTP/1.1 200 OK"
2026-04-26 20:01:02,778 INFO httpx — HTTP Request: POST http://localhost:11434/v1/chat/completions "HTTP/1.1 200 OK"
2026-04-26 20:01:06,758 INFO httpx — HTTP Request: POST http://localhost:11434/v1/chat/completions "HTTP/1.1 200 OK"
2026-04-26 20:01:11,669 INFO httpx — HTTP Request: POST http://localhost:11434/v1/chat/completions "HTTP/1.1 200 OK"
2026-04-26 20:01:16,023 INFO httpx — HTTP Request: POST http://localhost:11434/v1/chat/completions "HTTP/1.1 200 OK"
2026-04-26 20:01:21,489 INFO httpx — HTTP Request: POST http://localhost:11434/v1/chat/completions "HTTP/1.1 200 OK"
2026-04-26 20:01:25,949 INFO httpx — HTTP Request: POST http://localhost:11434/v1/chat/completions "HTTP/1.1 200 OK"
2026-04-26 20:01:30,560 INFO httpx — HTTP Request: POST http://localhost:11434/v1/chat/completions "HTTP/1.1 200 OK"
2026-04-26 20:01:35,239 INFO httpx — HTTP Request: POST http://localhost:11434/v1/chat/completions "HTTP/1.1 200 OK"
2026-04-26 20:01:39,290 INFO httpx — HTTP Request: POST http://localhost:11434/v1/chat/completions "HTTP/1.1 200 OK"
2026-04-26 20:01:43,100 INFO httpx — HTTP Request: POST http://localhost:11434/v1/chat/completions "HTTP/1.1 200 OK"
2026-04-26 20:01:47,257 INFO httpx — HTTP Request: POST http://localhost:11434/v1/chat/completions "HTTP/1.1 200 OK"
2026-04-26 20:01:52,622 INFO httpx — HTTP Request: POST http://localhost:11434/v1/chat/completions "HTTP/1.1 200 OK"
2026-04-26 20:01:56,612 INFO httpx — HTTP Request: POST http://localhost:11434/v1/chat/completions "HTTP/1.1 200 OK"
2026-04-26 20:02:00,441 INFO httpx — HTTP Request: POST http://localhost:11434/v1/chat/completions "HTTP/1.1 200 OK"
2026-04-26 20:02:04,764 INFO httpx — HTTP Request: POST http://localhost:11434/v1/chat/completions "HTTP/1.1 200 OK"
2026-04-26 20:02:09,552 INFO httpx — HTTP Request: POST http://localhost:11434/v1/chat/completions "HTTP/1.1 200 OK"
2026-04-26 20:02:13,552 INFO httpx — HTTP Request: POST http://localhost:11434/v1/chat/completions "HTTP/1.1 200 OK"
2026-04-26 20:02:18,961 INFO httpx — HTTP Request: POST http://localhost:11434/v1/chat/completions "HTTP/1.1 200 OK"
2026-04-26 20:02:23,567 INFO httpx — HTTP Request: POST http://localhost:11434/v1/chat/completions "HTTP/1.1 200 OK"
2026-04-26 20:02:27,554 INFO httpx — HTTP Request: POST http://localhost:11434/v1/chat/completions "HTTP/1.1 200 OK"
2026-04-26 20:02:31,983 INFO httpx — HTTP Request: POST http://localhost:11434/v1/chat/completions "HTTP/1.1 200 OK"
2026-04-26 20:02:37,087 INFO httpx — HTTP Request: POST http://localhost:11434/v1/chat/completions "HTTP/1.1 200 OK"
2026-04-26 20:02:41,113 INFO httpx — HTTP Request: POST http://localhost:11434/v1/chat/completions "HTTP/1.1 200 OK"
2026-04-26 20:02:45,521 INFO httpx — HTTP Request: POST http://localhost:11434/v1/chat/completions "HTTP/1.1 200 OK"
2026-04-26 20:02:52,417 INFO httpx — HTTP Request: POST http://localhost:11434/v1/chat/completions "HTTP/1.1 200 OK"
2026-04-26 20:02:57,691 INFO httpx — HTTP Request: POST http://localhost:11434/v1/chat/completions "HTTP/1.1 200 OK"
2026-04-26 20:03:02,276 INFO httpx — HTTP Request: POST http://localhost:11434/v1/chat/completions "HTTP/1.1 200 OK"
2026-04-26 20:03:06,442 INFO httpx — HTTP Request: POST http://localhost:11434/v1/chat/completions "HTTP/1.1 200 OK"
2026-04-26 20:03:10,997 INFO httpx — HTTP Request: POST http://localhost:11434/v1/chat/completions "HTTP/1.1 200 OK"
2026-04-26 20:03:15,360 INFO httpx — HTTP Request: POST http://localhost:11434/v1/chat/completions "HTTP/1.1 200 OK"
2026-04-26 20:03:20,386 INFO httpx — HTTP Request: POST http://localhost:11434/v1/chat/completions "HTTP/1.1 200 OK"
2026-04-26 20:03:24,843 INFO httpx — HTTP Request: POST http://localhost:11434/v1/chat/completions "HTTP/1.1 200 OK"
2026-04-26 20:03:29,080 INFO httpx — HTTP Request: POST http://localhost:11434/v1/chat/completions "HTTP/1.1 200 OK"
2026-04-26 20:03:33,224 INFO httpx — HTTP Request: POST http://localhost:11434/v1/chat/completions "HTTP/1.1 200 OK"
2026-04-26 20:03:35,058 INFO __main__ — Condition unstructured_lightweight: completed 3/5 (attempt 3, replacements: 0)
2026-04-26 20:03:37,214 INFO httpx — HTTP Request: POST http://localhost:11434/v1/chat/completions "HTTP/1.1 200 OK"
2026-04-26 20:03:41,988 INFO httpx — HTTP Request: POST http://localhost:11434/v1/chat/completions "HTTP/1.1 200 OK"
2026-04-26 20:03:47,871 INFO httpx — HTTP Request: POST http://localhost:11434/v1/chat/completions "HTTP/1.1 200 OK"
2026-04-26 20:03:52,211 INFO httpx — HTTP Request: POST http://localhost:11434/v1/chat/completions "HTTP/1.1 200 OK"
2026-04-26 20:03:57,150 INFO httpx — HTTP Request: POST http://localhost:11434/v1/chat/completions "HTTP/1.1 200 OK"
2026-04-26 20:04:01,994 INFO httpx — HTTP Request: POST http://localhost:11434/v1/chat/completions "HTTP/1.1 200 OK"
2026-04-26 20:04:06,185 INFO httpx — HTTP Request: POST http://localhost:11434/v1/chat/completions "HTTP/1.1 200 OK"
2026-04-26 20:04:10,286 INFO httpx — HTTP Request: POST http://localhost:11434/v1/chat/completions "HTTP/1.1 200 OK"
2026-04-26 20:04:14,569 INFO httpx — HTTP Request: POST http://localhost:11434/v1/chat/completions "HTTP/1.1 200 OK"
2026-04-26 20:04:18,903 INFO httpx — HTTP Request: POST http://localhost:11434/v1/chat/completions "HTTP/1.1 200 OK"
2026-04-26 20:04:23,991 INFO httpx — HTTP Request: POST http://localhost:11434/v1/chat/completions "HTTP/1.1 200 OK"
2026-04-26 20:04:28,542 INFO httpx — HTTP Request: POST http://localhost:11434/v1/chat/completions "HTTP/1.1 200 OK"
2026-04-26 20:04:33,716 INFO httpx — HTTP Request: POST http://localhost:11434/v1/chat/completions "HTTP/1.1 200 OK"
2026-04-26 20:04:38,732 INFO httpx — HTTP Request: POST http://localhost:11434/v1/chat/completions "HTTP/1.1 200 OK"
2026-04-26 20:04:42,921 INFO httpx — HTTP Request: POST http://localhost:11434/v1/chat/completions "HTTP/1.1 200 OK"
2026-04-26 20:04:47,617 INFO httpx — HTTP Request: POST http://localhost:11434/v1/chat/completions "HTTP/1.1 200 OK"
2026-04-26 20:04:52,417 INFO httpx — HTTP Request: POST http://localhost:11434/v1/chat/completions "HTTP/1.1 200 OK"
2026-04-26 20:04:56,843 INFO httpx — HTTP Request: POST http://localhost:11434/v1/chat/completions "HTTP/1.1 200 OK"
2026-04-26 20:05:00,620 INFO httpx — HTTP Request: POST http://localhost:11434/v1/chat/completions "HTTP/1.1 200 OK"
2026-04-26 20:05:05,529 INFO httpx — HTTP Request: POST http://localhost:11434/v1/chat/completions "HTTP/1.1 200 OK"
2026-04-26 20:05:10,346 INFO httpx — HTTP Request: POST http://localhost:11434/v1/chat/completions "HTTP/1.1 200 OK"
2026-04-26 20:05:14,279 INFO httpx — HTTP Request: POST http://localhost:11434/v1/chat/completions "HTTP/1.1 200 OK"
2026-04-26 20:05:18,631 INFO httpx — HTTP Request: POST http://localhost:11434/v1/chat/completions "HTTP/1.1 200 OK"
2026-04-26 20:05:22,872 INFO httpx — HTTP Request: POST http://localhost:11434/v1/chat/completions "HTTP/1.1 200 OK"
2026-04-26 20:05:26,968 INFO httpx — HTTP Request: POST http://localhost:11434/v1/chat/completions "HTTP/1.1 200 OK"
2026-04-26 20:05:30,774 INFO httpx — HTTP Request: POST http://localhost:11434/v1/chat/completions "HTTP/1.1 200 OK"
2026-04-26 20:05:34,583 INFO httpx — HTTP Request: POST http://localhost:11434/v1/chat/completions "HTTP/1.1 200 OK"
2026-04-26 20:05:39,027 INFO httpx — HTTP Request: POST http://localhost:11434/v1/chat/completions "HTTP/1.1 200 OK"
2026-04-26 20:05:44,095 INFO httpx — HTTP Request: POST http://localhost:11434/v1/chat/completions "HTTP/1.1 200 OK"
2026-04-26 20:05:47,812 INFO httpx — HTTP Request: POST http://localhost:11434/v1/chat/completions "HTTP/1.1 200 OK"
2026-04-26 20:05:52,001 INFO httpx — HTTP Request: POST http://localhost:11434/v1/chat/completions "HTTP/1.1 200 OK"
2026-04-26 20:05:56,114 INFO httpx — HTTP Request: POST http://localhost:11434/v1/chat/completions "HTTP/1.1 200 OK"
2026-04-26 20:06:00,252 INFO httpx — HTTP Request: POST http://localhost:11434/v1/chat/completions "HTTP/1.1 200 OK"
2026-04-26 20:06:04,900 INFO httpx — HTTP Request: POST http://localhost:11434/v1/chat/completions "HTTP/1.1 200 OK"
2026-04-26 20:06:09,254 INFO httpx — HTTP Request: POST http://localhost:11434/v1/chat/completions "HTTP/1.1 200 OK"
2026-04-26 20:06:13,388 INFO httpx — HTTP Request: POST http://localhost:11434/v1/chat/completions "HTTP/1.1 200 OK"
2026-04-26 20:06:17,758 INFO httpx — HTTP Request: POST http://localhost:11434/v1/chat/completions "HTTP/1.1 200 OK"
2026-04-26 20:06:22,302 INFO httpx — HTTP Request: POST http://localhost:11434/v1/chat/completions "HTTP/1.1 200 OK"
2026-04-26 20:06:26,974 INFO httpx — HTTP Request: POST http://localhost:11434/v1/chat/completions "HTTP/1.1 200 OK"
2026-04-26 20:06:30,906 INFO httpx — HTTP Request: POST http://localhost:11434/v1/chat/completions "HTTP/1.1 200 OK"
2026-04-26 20:06:35,615 INFO httpx — HTTP Request: POST http://localhost:11434/v1/chat/completions "HTTP/1.1 200 OK"
2026-04-26 20:06:40,096 INFO httpx — HTTP Request: POST http://localhost:11434/v1/chat/completions "HTTP/1.1 200 OK"
2026-04-26 20:06:45,228 INFO httpx — HTTP Request: POST http://localhost:11434/v1/chat/completions "HTTP/1.1 200 OK"
2026-04-26 20:06:47,052 INFO httpx — HTTP Request: POST http://localhost:11434/v1/chat/completions "HTTP/1.1 200 OK"
2026-04-26 20:06:48,987 INFO httpx — HTTP Request: POST http://localhost:11434/v1/chat/completions "HTTP/1.1 200 OK"
2026-04-26 20:06:51,145 INFO httpx — HTTP Request: POST http://localhost:11434/v1/chat/completions "HTTP/1.1 200 OK"
2026-04-26 20:06:53,256 INFO httpx — HTTP Request: POST http://localhost:11434/v1/chat/completions "HTTP/1.1 200 OK"
2026-04-26 20:06:55,838 INFO httpx — HTTP Request: POST http://localhost:11434/v1/chat/completions "HTTP/1.1 200 OK"
2026-04-26 20:06:58,168 INFO httpx — HTTP Request: POST http://localhost:11434/v1/chat/completions "HTTP/1.1 200 OK"
2026-04-26 20:07:00,725 INFO httpx — HTTP Request: POST http://localhost:11434/v1/chat/completions "HTTP/1.1 200 OK"
2026-04-26 20:07:02,876 INFO httpx — HTTP Request: POST http://localhost:11434/v1/chat/completions "HTTP/1.1 200 OK"
2026-04-26 20:07:06,830 INFO httpx — HTTP Request: POST http://localhost:11434/v1/chat/completions "HTTP/1.1 200 OK"
2026-04-26 20:07:11,118 INFO httpx — HTTP Request: POST http://localhost:11434/v1/chat/completions "HTTP/1.1 200 OK"
2026-04-26 20:07:15,042 INFO httpx — HTTP Request: POST http://localhost:11434/v1/chat/completions "HTTP/1.1 200 OK"
2026-04-26 20:07:18,675 INFO httpx — HTTP Request: POST http://localhost:11434/v1/chat/completions "HTTP/1.1 200 OK"
2026-04-26 20:07:22,294 INFO httpx — HTTP Request: POST http://localhost:11434/v1/chat/completions "HTTP/1.1 200 OK"
2026-04-26 20:07:26,893 INFO httpx — HTTP Request: POST http://localhost:11434/v1/chat/completions "HTTP/1.1 200 OK"
2026-04-26 20:07:30,780 INFO httpx — HTTP Request: POST http://localhost:11434/v1/chat/completions "HTTP/1.1 200 OK"
2026-04-26 20:07:34,790 INFO httpx — HTTP Request: POST http://localhost:11434/v1/chat/completions "HTTP/1.1 200 OK"
2026-04-26 20:07:38,959 INFO httpx — HTTP Request: POST http://localhost:11434/v1/chat/completions "HTTP/1.1 200 OK"
2026-04-26 20:07:43,390 INFO httpx — HTTP Request: POST http://localhost:11434/v1/chat/completions "HTTP/1.1 200 OK"
2026-04-26 20:07:49,325 INFO httpx — HTTP Request: POST http://localhost:11434/v1/chat/completions "HTTP/1.1 200 OK"
2026-04-26 20:07:53,296 INFO httpx — HTTP Request: POST http://localhost:11434/v1/chat/completions "HTTP/1.1 200 OK"
2026-04-26 20:07:57,302 INFO httpx — HTTP Request: POST http://localhost:11434/v1/chat/completions "HTTP/1.1 200 OK"
2026-04-26 20:08:01,832 INFO httpx — HTTP Request: POST http://localhost:11434/v1/chat/completions "HTTP/1.1 200 OK"
2026-04-26 20:08:05,189 INFO httpx — HTTP Request: POST http://localhost:11434/v1/chat/completions "HTTP/1.1 200 OK"
2026-04-26 20:08:09,295 INFO httpx — HTTP Request: POST http://localhost:11434/v1/chat/completions "HTTP/1.1 200 OK"
2026-04-26 20:08:13,887 INFO httpx — HTTP Request: POST http://localhost:11434/v1/chat/completions "HTTP/1.1 200 OK"
2026-04-26 20:08:17,673 INFO httpx — HTTP Request: POST http://localhost:11434/v1/chat/completions "HTTP/1.1 200 OK"
2026-04-26 20:08:22,332 INFO httpx — HTTP Request: POST http://localhost:11434/v1/chat/completions "HTTP/1.1 200 OK"
2026-04-26 20:08:26,521 INFO httpx — HTTP Request: POST http://localhost:11434/v1/chat/completions "HTTP/1.1 200 OK"
2026-04-26 20:08:30,136 INFO httpx — HTTP Request: POST http://localhost:11434/v1/chat/completions "HTTP/1.1 200 OK"
2026-04-26 20:08:33,979 INFO httpx — HTTP Request: POST http://localhost:11434/v1/chat/completions "HTTP/1.1 200 OK"
2026-04-26 20:08:37,891 INFO httpx — HTTP Request: POST http://localhost:11434/v1/chat/completions "HTTP/1.1 200 OK"
2026-04-26 20:08:42,536 INFO httpx — HTTP Request: POST http://localhost:11434/v1/chat/completions "HTTP/1.1 200 OK"
2026-04-26 20:08:46,119 INFO httpx — HTTP Request: POST http://localhost:11434/v1/chat/completions "HTTP/1.1 200 OK"
2026-04-26 20:08:51,311 INFO httpx — HTTP Request: POST http://localhost:11434/v1/chat/completions "HTTP/1.1 200 OK"
2026-04-26 20:08:57,877 INFO httpx — HTTP Request: POST http://localhost:11434/v1/chat/completions "HTTP/1.1 200 OK"
2026-04-26 20:09:01,245 INFO httpx — HTTP Request: POST http://localhost:11434/v1/chat/completions "HTTP/1.1 200 OK"
2026-04-26 20:09:05,394 INFO httpx — HTTP Request: POST http://localhost:11434/v1/chat/completions "HTTP/1.1 200 OK"
2026-04-26 20:09:08,959 INFO httpx — HTTP Request: POST http://localhost:11434/v1/chat/completions "HTTP/1.1 200 OK"
2026-04-26 20:09:13,098 INFO httpx — HTTP Request: POST http://localhost:11434/v1/chat/completions "HTTP/1.1 200 OK"
2026-04-26 20:09:18,989 INFO httpx — HTTP Request: POST http://localhost:11434/v1/chat/completions "HTTP/1.1 200 OK"
2026-04-26 20:09:22,954 INFO httpx — HTTP Request: POST http://localhost:11434/v1/chat/completions "HTTP/1.1 200 OK"
2026-04-26 20:09:27,494 INFO httpx — HTTP Request: POST http://localhost:11434/v1/chat/completions "HTTP/1.1 200 OK"
2026-04-26 20:09:32,816 INFO httpx — HTTP Request: POST http://localhost:11434/v1/chat/completions "HTTP/1.1 200 OK"
2026-04-26 20:09:36,151 INFO httpx — HTTP Request: POST http://localhost:11434/v1/chat/completions "HTTP/1.1 200 OK"
2026-04-26 20:09:41,168 INFO httpx — HTTP Request: POST http://localhost:11434/v1/chat/completions "HTTP/1.1 200 OK"
2026-04-26 20:09:46,111 INFO httpx — HTTP Request: POST http://localhost:11434/v1/chat/completions "HTTP/1.1 200 OK"
2026-04-26 20:09:49,825 INFO httpx — HTTP Request: POST http://localhost:11434/v1/chat/completions "HTTP/1.1 200 OK"
2026-04-26 20:09:53,379 INFO httpx — HTTP Request: POST http://localhost:11434/v1/chat/completions "HTTP/1.1 200 OK"
2026-04-26 20:09:57,634 INFO httpx — HTTP Request: POST http://localhost:11434/v1/chat/completions "HTTP/1.1 200 OK"
2026-04-26 20:10:01,754 INFO httpx — HTTP Request: POST http://localhost:11434/v1/chat/completions "HTTP/1.1 200 OK"
2026-04-26 20:10:05,581 INFO httpx — HTTP Request: POST http://localhost:11434/v1/chat/completions "HTTP/1.1 200 OK"
2026-04-26 20:10:10,089 INFO httpx — HTTP Request: POST http://localhost:11434/v1/chat/completions "HTTP/1.1 200 OK"
2026-04-26 20:10:13,728 INFO httpx — HTTP Request: POST http://localhost:11434/v1/chat/completions "HTTP/1.1 200 OK"
2026-04-26 20:10:18,029 INFO httpx — HTTP Request: POST http://localhost:11434/v1/chat/completions "HTTP/1.1 200 OK"
2026-04-26 20:10:21,993 INFO httpx — HTTP Request: POST http://localhost:11434/v1/chat/completions "HTTP/1.1 200 OK"
2026-04-26 20:10:25,693 INFO httpx — HTTP Request: POST http://localhost:11434/v1/chat/completions "HTTP/1.1 200 OK"
2026-04-26 20:10:30,762 INFO httpx — HTTP Request: POST http://localhost:11434/v1/chat/completions "HTTP/1.1 200 OK"
2026-04-26 20:10:35,773 INFO httpx — HTTP Request: POST http://localhost:11434/v1/chat/completions "HTTP/1.1 200 OK"
2026-04-26 20:10:39,810 INFO httpx — HTTP Request: POST http://localhost:11434/v1/chat/completions "HTTP/1.1 200 OK"
2026-04-26 20:10:43,588 INFO httpx — HTTP Request: POST http://localhost:11434/v1/chat/completions "HTTP/1.1 200 OK"
2026-04-26 20:10:49,644 INFO httpx — HTTP Request: POST http://localhost:11434/v1/chat/completions "HTTP/1.1 200 OK"
2026-04-26 20:10:56,124 INFO httpx — HTTP Request: POST http://localhost:11434/v1/chat/completions "HTTP/1.1 200 OK"
2026-04-26 20:10:59,123 INFO __main__ — Condition unstructured_lightweight: completed 4/5 (attempt 4, replacements: 0)
2026-04-26 20:10:59,496 INFO httpx — HTTP Request: POST http://localhost:11434/v1/chat/completions "HTTP/1.1 200 OK"
2026-04-26 20:11:05,899 INFO httpx — HTTP Request: POST http://localhost:11434/v1/chat/completions "HTTP/1.1 200 OK"
2026-04-26 20:11:11,146 INFO httpx — HTTP Request: POST http://localhost:11434/v1/chat/completions "HTTP/1.1 200 OK"
2026-04-26 20:11:14,154 INFO httpx — HTTP Request: POST http://localhost:11434/v1/chat/completions "HTTP/1.1 200 OK"
2026-04-26 20:11:18,699 INFO httpx — HTTP Request: POST http://localhost:11434/v1/chat/completions "HTTP/1.1 200 OK"
2026-04-26 20:11:22,861 INFO httpx — HTTP Request: POST http://localhost:11434/v1/chat/completions "HTTP/1.1 200 OK"
2026-04-26 20:11:27,835 INFO httpx — HTTP Request: POST http://localhost:11434/v1/chat/completions "HTTP/1.1 200 OK"
2026-04-26 20:11:32,355 INFO httpx — HTTP Request: POST http://localhost:11434/v1/chat/completions "HTTP/1.1 200 OK"
2026-04-26 20:11:36,364 INFO httpx — HTTP Request: POST http://localhost:11434/v1/chat/completions "HTTP/1.1 200 OK"
2026-04-26 20:11:40,929 INFO httpx — HTTP Request: POST http://localhost:11434/v1/chat/completions "HTTP/1.1 200 OK"
2026-04-26 20:11:46,146 INFO httpx — HTTP Request: POST http://localhost:11434/v1/chat/completions "HTTP/1.1 200 OK"
2026-04-26 20:11:50,369 INFO httpx — HTTP Request: POST http://localhost:11434/v1/chat/completions "HTTP/1.1 200 OK"
2026-04-26 20:11:55,080 INFO httpx — HTTP Request: POST http://localhost:11434/v1/chat/completions "HTTP/1.1 200 OK"
2026-04-26 20:12:00,774 INFO httpx — HTTP Request: POST http://localhost:11434/v1/chat/completions "HTTP/1.1 200 OK"
2026-04-26 20:12:04,848 INFO httpx — HTTP Request: POST http://localhost:11434/v1/chat/completions "HTTP/1.1 200 OK"
2026-04-26 20:12:08,621 INFO httpx — HTTP Request: POST http://localhost:11434/v1/chat/completions "HTTP/1.1 200 OK"
2026-04-26 20:12:14,093 INFO httpx — HTTP Request: POST http://localhost:11434/v1/chat/completions "HTTP/1.1 200 OK"
2026-04-26 20:12:19,038 INFO httpx — HTTP Request: POST http://localhost:11434/v1/chat/completions "HTTP/1.1 200 OK"
2026-04-26 20:12:25,971 INFO httpx — HTTP Request: POST http://localhost:11434/v1/chat/completions "HTTP/1.1 200 OK"
2026-04-26 20:12:29,854 INFO httpx — HTTP Request: POST http://localhost:11434/v1/chat/completions "HTTP/1.1 200 OK"
2026-04-26 20:12:33,666 INFO httpx — HTTP Request: POST http://localhost:11434/v1/chat/completions "HTTP/1.1 200 OK"
2026-04-26 20:12:38,024 INFO httpx — HTTP Request: POST http://localhost:11434/v1/chat/completions "HTTP/1.1 200 OK"
2026-04-26 20:12:42,972 INFO httpx — HTTP Request: POST http://localhost:11434/v1/chat/completions "HTTP/1.1 200 OK"
2026-04-26 20:12:47,904 INFO httpx — HTTP Request: POST http://localhost:11434/v1/chat/completions "HTTP/1.1 200 OK"
2026-04-26 20:12:52,469 INFO httpx — HTTP Request: POST http://localhost:11434/v1/chat/completions "HTTP/1.1 200 OK"
2026-04-26 20:12:57,501 INFO httpx — HTTP Request: POST http://localhost:11434/v1/chat/completions "HTTP/1.1 200 OK"
2026-04-26 20:13:02,671 INFO httpx — HTTP Request: POST http://localhost:11434/v1/chat/completions "HTTP/1.1 200 OK"
2026-04-26 20:13:06,899 INFO httpx — HTTP Request: POST http://localhost:11434/v1/chat/completions "HTTP/1.1 200 OK"
2026-04-26 20:13:14,775 INFO httpx — HTTP Request: POST http://localhost:11434/v1/chat/completions "HTTP/1.1 200 OK"
2026-04-26 20:13:19,253 INFO httpx — HTTP Request: POST http://localhost:11434/v1/chat/completions "HTTP/1.1 200 OK"
2026-04-26 20:13:23,111 INFO httpx — HTTP Request: POST http://localhost:11434/v1/chat/completions "HTTP/1.1 200 OK"
2026-04-26 20:13:27,860 INFO httpx — HTTP Request: POST http://localhost:11434/v1/chat/completions "HTTP/1.1 200 OK"
2026-04-26 20:13:32,387 INFO httpx — HTTP Request: POST http://localhost:11434/v1/chat/completions "HTTP/1.1 200 OK"
2026-04-26 20:13:36,337 INFO httpx — HTTP Request: POST http://localhost:11434/v1/chat/completions "HTTP/1.1 200 OK"
2026-04-26 20:13:42,623 INFO httpx — HTTP Request: POST http://localhost:11434/v1/chat/completions "HTTP/1.1 200 OK"
2026-04-26 20:13:46,637 INFO httpx — HTTP Request: POST http://localhost:11434/v1/chat/completions "HTTP/1.1 200 OK"
2026-04-26 20:13:50,777 INFO httpx — HTTP Request: POST http://localhost:11434/v1/chat/completions "HTTP/1.1 200 OK"
2026-04-26 20:13:57,054 INFO httpx — HTTP Request: POST http://localhost:11434/v1/chat/completions "HTTP/1.1 200 OK"
2026-04-26 20:14:02,754 INFO httpx — HTTP Request: POST http://localhost:11434/v1/chat/completions "HTTP/1.1 200 OK"
2026-04-26 20:14:06,495 INFO httpx — HTTP Request: POST http://localhost:11434/v1/chat/completions "HTTP/1.1 200 OK"
2026-04-26 20:14:11,632 INFO httpx — HTTP Request: POST http://localhost:11434/v1/chat/completions "HTTP/1.1 200 OK"
2026-04-26 20:14:15,712 INFO httpx — HTTP Request: POST http://localhost:11434/v1/chat/completions "HTTP/1.1 200 OK"
2026-04-26 20:14:19,175 INFO httpx — HTTP Request: POST http://localhost:11434/v1/chat/completions "HTTP/1.1 200 OK"
2026-04-26 20:14:24,125 INFO httpx — HTTP Request: POST http://localhost:11434/v1/chat/completions "HTTP/1.1 200 OK"
2026-04-26 20:14:28,301 INFO httpx — HTTP Request: POST http://localhost:11434/v1/chat/completions "HTTP/1.1 200 OK"
2026-04-26 20:14:33,110 INFO httpx — HTTP Request: POST http://localhost:11434/v1/chat/completions "HTTP/1.1 200 OK"
2026-04-26 20:14:37,415 INFO httpx — HTTP Request: POST http://localhost:11434/v1/chat/completions "HTTP/1.1 200 OK"
2026-04-26 20:14:41,010 INFO httpx — HTTP Request: POST http://localhost:11434/v1/chat/completions "HTTP/1.1 200 OK"
2026-04-26 20:14:45,259 INFO httpx — HTTP Request: POST http://localhost:11434/v1/chat/completions "HTTP/1.1 200 OK"
2026-04-26 20:14:50,278 INFO httpx — HTTP Request: POST http://localhost:11434/v1/chat/completions "HTTP/1.1 200 OK"
2026-04-26 20:14:54,974 INFO httpx — HTTP Request: POST http://localhost:11434/v1/chat/completions "HTTP/1.1 200 OK"
2026-04-26 20:14:58,497 INFO httpx — HTTP Request: POST http://localhost:11434/v1/chat/completions "HTTP/1.1 200 OK"
2026-04-26 20:15:04,305 INFO httpx — HTTP Request: POST http://localhost:11434/v1/chat/completions "HTTP/1.1 200 OK"
2026-04-26 20:15:09,442 INFO httpx — HTTP Request: POST http://localhost:11434/v1/chat/completions "HTTP/1.1 200 OK"
2026-04-26 20:15:14,148 INFO httpx — HTTP Request: POST http://localhost:11434/v1/chat/completions "HTTP/1.1 200 OK"
2026-04-26 20:15:20,238 INFO httpx — HTTP Request: POST http://localhost:11434/v1/chat/completions "HTTP/1.1 200 OK"
2026-04-26 20:15:24,135 INFO httpx — HTTP Request: POST http://localhost:11434/v1/chat/completions "HTTP/1.1 200 OK"
2026-04-26 20:15:29,270 INFO httpx — HTTP Request: POST http://localhost:11434/v1/chat/completions "HTTP/1.1 200 OK"
2026-04-26 20:15:33,623 INFO httpx — HTTP Request: POST http://localhost:11434/v1/chat/completions "HTTP/1.1 200 OK"
2026-04-26 20:15:37,901 INFO httpx — HTTP Request: POST http://localhost:11434/v1/chat/completions "HTTP/1.1 200 OK"
2026-04-26 20:15:41,963 INFO httpx — HTTP Request: POST http://localhost:11434/v1/chat/completions "HTTP/1.1 200 OK"
2026-04-26 20:15:47,296 INFO httpx — HTTP Request: POST http://localhost:11434/v1/chat/completions "HTTP/1.1 200 OK"
2026-04-26 20:15:51,316 INFO httpx — HTTP Request: POST http://localhost:11434/v1/chat/completions "HTTP/1.1 200 OK"
2026-04-26 20:15:54,681 INFO httpx — HTTP Request: POST http://localhost:11434/v1/chat/completions "HTTP/1.1 200 OK"
2026-04-26 20:15:58,928 INFO httpx — HTTP Request: POST http://localhost:11434/v1/chat/completions "HTTP/1.1 200 OK"
2026-04-26 20:16:03,383 INFO httpx — HTTP Request: POST http://localhost:11434/v1/chat/completions "HTTP/1.1 200 OK"
2026-04-26 20:16:08,076 INFO httpx — HTTP Request: POST http://localhost:11434/v1/chat/completions "HTTP/1.1 200 OK"
2026-04-26 20:16:13,012 INFO httpx — HTTP Request: POST http://localhost:11434/v1/chat/completions "HTTP/1.1 200 OK"
2026-04-26 20:16:17,268 INFO httpx — HTTP Request: POST http://localhost:11434/v1/chat/completions "HTTP/1.1 200 OK"
2026-04-26 20:16:21,019 INFO httpx — HTTP Request: POST http://localhost:11434/v1/chat/completions "HTTP/1.1 200 OK"
2026-04-26 20:16:25,448 INFO httpx — HTTP Request: POST http://localhost:11434/v1/chat/completions "HTTP/1.1 200 OK"
2026-04-26 20:16:29,381 INFO httpx — HTTP Request: POST http://localhost:11434/v1/chat/completions "HTTP/1.1 200 OK"
2026-04-26 20:16:33,103 INFO httpx — HTTP Request: POST http://localhost:11434/v1/chat/completions "HTTP/1.1 200 OK"
2026-04-26 20:16:38,266 INFO httpx — HTTP Request: POST http://localhost:11434/v1/chat/completions "HTTP/1.1 200 OK"
2026-04-26 20:16:42,849 INFO httpx — HTTP Request: POST http://localhost:11434/v1/chat/completions "HTTP/1.1 200 OK"
2026-04-26 20:16:48,036 INFO httpx — HTTP Request: POST http://localhost:11434/v1/chat/completions "HTTP/1.1 200 OK"
2026-04-26 20:16:53,207 INFO httpx — HTTP Request: POST http://localhost:11434/v1/chat/completions "HTTP/1.1 200 OK"
2026-04-26 20:16:58,331 INFO httpx — HTTP Request: POST http://localhost:11434/v1/chat/completions "HTTP/1.1 200 OK"
2026-04-26 20:17:03,247 INFO httpx — HTTP Request: POST http://localhost:11434/v1/chat/completions "HTTP/1.1 200 OK"
2026-04-26 20:17:07,210 INFO httpx — HTTP Request: POST http://localhost:11434/v1/chat/completions "HTTP/1.1 200 OK"
2026-04-26 20:17:10,755 INFO httpx — HTTP Request: POST http://localhost:11434/v1/chat/completions "HTTP/1.1 200 OK"
2026-04-26 20:17:15,190 INFO httpx — HTTP Request: POST http://localhost:11434/v1/chat/completions "HTTP/1.1 200 OK"
2026-04-26 20:17:20,533 INFO httpx — HTTP Request: POST http://localhost:11434/v1/chat/completions "HTTP/1.1 200 OK"
2026-04-26 20:17:25,157 INFO httpx — HTTP Request: POST http://localhost:11434/v1/chat/completions "HTTP/1.1 200 OK"
2026-04-26 20:17:29,277 INFO httpx — HTTP Request: POST http://localhost:11434/v1/chat/completions "HTTP/1.1 200 OK"
2026-04-26 20:17:34,001 INFO httpx — HTTP Request: POST http://localhost:11434/v1/chat/completions "HTTP/1.1 200 OK"
2026-04-26 20:17:38,724 INFO httpx — HTTP Request: POST http://localhost:11434/v1/chat/completions "HTTP/1.1 200 OK"
2026-04-26 20:17:43,184 INFO httpx — HTTP Request: POST http://localhost:11434/v1/chat/completions "HTTP/1.1 200 OK"
2026-04-26 20:17:48,535 INFO httpx — HTTP Request: POST http://localhost:11434/v1/chat/completions "HTTP/1.1 200 OK"
2026-04-26 20:17:52,935 INFO httpx — HTTP Request: POST http://localhost:11434/v1/chat/completions "HTTP/1.1 200 OK"
2026-04-26 20:17:56,828 INFO httpx — HTTP Request: POST http://localhost:11434/v1/chat/completions "HTTP/1.1 200 OK"
2026-04-26 20:18:02,072 INFO httpx — HTTP Request: POST http://localhost:11434/v1/chat/completions "HTTP/1.1 200 OK"
2026-04-26 20:18:06,093 INFO httpx — HTTP Request: POST http://localhost:11434/v1/chat/completions "HTTP/1.1 200 OK"
2026-04-26 20:18:09,393 INFO httpx — HTTP Request: POST http://localhost:11434/v1/chat/completions "HTTP/1.1 200 OK"
2026-04-26 20:18:14,575 INFO httpx — HTTP Request: POST http://localhost:11434/v1/chat/completions "HTTP/1.1 200 OK"
2026-04-26 20:18:19,179 INFO httpx — HTTP Request: POST http://localhost:11434/v1/chat/completions "HTTP/1.1 200 OK"
2026-04-26 20:18:23,137 INFO httpx — HTTP Request: POST http://localhost:11434/v1/chat/completions "HTTP/1.1 200 OK"
2026-04-26 20:18:28,420 INFO httpx — HTTP Request: POST http://localhost:11434/v1/chat/completions "HTTP/1.1 200 OK"
2026-04-26 20:18:32,645 INFO httpx — HTTP Request: POST http://localhost:11434/v1/chat/completions "HTTP/1.1 200 OK"
2026-04-26 20:18:36,324 INFO httpx — HTTP Request: POST http://localhost:11434/v1/chat/completions "HTTP/1.1 200 OK"
2026-04-26 20:18:41,537 INFO httpx — HTTP Request: POST http://localhost:11434/v1/chat/completions "HTTP/1.1 200 OK"
2026-04-26 20:18:45,437 INFO httpx — HTTP Request: POST http://localhost:11434/v1/chat/completions "HTTP/1.1 200 OK"
2026-04-26 20:18:49,185 INFO httpx — HTTP Request: POST http://localhost:11434/v1/chat/completions "HTTP/1.1 200 OK"
2026-04-26 20:18:53,624 INFO httpx — HTTP Request: POST http://localhost:11434/v1/chat/completions "HTTP/1.1 200 OK"
2026-04-26 20:18:57,771 INFO httpx — HTTP Request: POST http://localhost:11434/v1/chat/completions "HTTP/1.1 200 OK"
2026-04-26 20:19:01,259 INFO __main__ — Condition unstructured_lightweight: completed 5/5 (attempt 5, replacements: 0)
2026-04-26 20:19:01,259 INFO __main__ — Condition unstructured_lightweight: finished — 5 valid runs in 5 attempts (0 replacement(s))
2026-04-26 20:19:01,278 INFO __main__ — Checkpoint written (1590 records so far)
2026-04-26 20:19:01,346 INFO __main__ — Results saved to results/E1/20260426T125630
2026-04-26 20:19:01,346 INFO __main__ — === E1 complete — results at results/E1/20260426T125630 ===
2026-04-26 20:19:01,347 INFO __main__ — === Starting experiment: E2 ===
2026-04-26 20:19:02,883 INFO httpx — HTTP Request: POST http://localhost:11434/v1/chat/completions "HTTP/1.1 200 OK"
2026-04-26 20:19:11,738 INFO httpx — HTTP Request: POST http://localhost:11434/v1/chat/completions "HTTP/1.1 200 OK"
2026-04-26 20:19:23,545 INFO httpx — HTTP Request: POST http://localhost:11434/v1/chat/completions "HTTP/1.1 200 OK"
2026-04-26 20:19:35,858 INFO httpx — HTTP Request: POST http://localhost:11434/v1/chat/completions "HTTP/1.1 200 OK"
2026-04-26 20:19:46,059 INFO httpx — HTTP Request: POST http://localhost:11434/v1/chat/completions "HTTP/1.1 200 OK"
2026-04-26 20:20:09,144 INFO httpx — HTTP Request: POST http://localhost:11434/v1/chat/completions "HTTP/1.1 200 OK"
2026-04-26 20:20:22,060 INFO httpx — HTTP Request: POST http://localhost:11434/v1/chat/completions "HTTP/1.1 200 OK"
2026-04-26 20:20:31,455 INFO httpx — HTTP Request: POST http://localhost:11434/v1/chat/completions "HTTP/1.1 200 OK"
2026-04-26 20:20:50,317 INFO httpx — HTTP Request: POST http://localhost:11434/v1/chat/completions "HTTP/1.1 200 OK"
2026-04-26 20:21:01,530 INFO httpx — HTTP Request: POST http://localhost:11434/v1/chat/completions "HTTP/1.1 200 OK"
2026-04-26 20:21:10,896 INFO httpx — HTTP Request: POST http://localhost:11434/v1/chat/completions "HTTP/1.1 200 OK"
2026-04-26 20:21:34,818 INFO httpx — HTTP Request: POST http://localhost:11434/v1/chat/completions "HTTP/1.1 200 OK"
2026-04-26 20:21:47,353 INFO httpx — HTTP Request: POST http://localhost:11434/v1/chat/completions "HTTP/1.1 200 OK"
2026-04-26 20:21:57,551 INFO httpx — HTTP Request: POST http://localhost:11434/v1/chat/completions "HTTP/1.1 200 OK"
2026-04-26 20:22:12,399 INFO httpx — HTTP Request: POST http://localhost:11434/v1/chat/completions "HTTP/1.1 200 OK"
2026-04-26 20:22:22,569 INFO httpx — HTTP Request: POST http://localhost:11434/v1/chat/completions "HTTP/1.1 200 OK"
2026-04-26 20:22:32,637 INFO httpx — HTTP Request: POST http://localhost:11434/v1/chat/completions "HTTP/1.1 200 OK"
2026-04-26 20:22:46,848 INFO httpx — HTTP Request: POST http://localhost:11434/v1/chat/completions "HTTP/1.1 200 OK"
2026-04-26 20:22:58,558 INFO httpx — HTTP Request: POST http://localhost:11434/v1/chat/completions "HTTP/1.1 200 OK"
2026-04-26 20:23:07,500 INFO httpx — HTTP Request: POST http://localhost:11434/v1/chat/completions "HTTP/1.1 200 OK"
2026-04-26 20:23:25,833 INFO httpx — HTTP Request: POST http://localhost:11434/v1/chat/completions "HTTP/1.1 200 OK"
2026-04-26 20:23:37,401 INFO httpx — HTTP Request: POST http://localhost:11434/v1/chat/completions "HTTP/1.1 200 OK"
2026-04-26 20:23:46,622 INFO httpx — HTTP Request: POST http://localhost:11434/v1/chat/completions "HTTP/1.1 200 OK"
2026-04-26 20:24:04,202 INFO httpx — HTTP Request: POST http://localhost:11434/v1/chat/completions "HTTP/1.1 200 OK"
2026-04-26 20:24:14,524 INFO httpx — HTTP Request: POST http://localhost:11434/v1/chat/completions "HTTP/1.1 200 OK"
2026-04-26 20:24:24,491 INFO httpx — HTTP Request: POST http://localhost:11434/v1/chat/completions "HTTP/1.1 200 OK"
2026-04-26 20:24:46,087 INFO httpx — HTTP Request: POST http://localhost:11434/v1/chat/completions "HTTP/1.1 200 OK"
2026-04-26 20:25:00,171 INFO httpx — HTTP Request: POST http://localhost:11434/v1/chat/completions "HTTP/1.1 200 OK"
2026-04-26 20:25:09,713 INFO httpx — HTTP Request: POST http://localhost:11434/v1/chat/completions "HTTP/1.1 200 OK"
2026-04-26 20:25:26,596 INFO httpx — HTTP Request: POST http://localhost:11434/v1/chat/completions "HTTP/1.1 200 OK"
2026-04-26 20:25:41,087 INFO httpx — HTTP Request: POST http://localhost:11434/v1/chat/completions "HTTP/1.1 200 OK"
2026-04-26 20:25:51,401 INFO httpx — HTTP Request: POST http://localhost:11434/v1/chat/completions "HTTP/1.1 200 OK"
2026-04-26 20:26:04,912 INFO httpx — HTTP Request: POST http://localhost:11434/v1/chat/completions "HTTP/1.1 200 OK"
2026-04-26 20:26:17,024 INFO httpx — HTTP Request: POST http://localhost:11434/v1/chat/completions "HTTP/1.1 200 OK"
2026-04-26 20:26:25,912 INFO httpx — HTTP Request: POST http://localhost:11434/v1/chat/completions "HTTP/1.1 200 OK"
2026-04-26 20:26:41,566 INFO httpx — HTTP Request: POST http://localhost:11434/v1/chat/completions "HTTP/1.1 200 OK"
2026-04-26 20:26:54,966 INFO httpx — HTTP Request: POST http://localhost:11434/v1/chat/completions "HTTP/1.1 200 OK"
2026-04-26 20:27:05,257 INFO httpx — HTTP Request: POST http://localhost:11434/v1/chat/completions "HTTP/1.1 200 OK"
2026-04-26 20:27:19,278 INFO httpx — HTTP Request: POST http://localhost:11434/v1/chat/completions "HTTP/1.1 200 OK"
2026-04-26 20:27:30,761 INFO httpx — HTTP Request: POST http://localhost:11434/v1/chat/completions "HTTP/1.1 200 OK"
2026-04-26 20:27:43,146 INFO httpx — HTTP Request: POST http://localhost:11434/v1/chat/completions "HTTP/1.1 200 OK"
2026-04-26 20:27:54,744 INFO httpx — HTTP Request: POST http://localhost:11434/v1/chat/completions "HTTP/1.1 200 OK"
2026-04-26 20:28:06,814 INFO httpx — HTTP Request: POST http://localhost:11434/v1/chat/completions "HTTP/1.1 200 OK"
2026-04-26 20:28:16,093 INFO httpx — HTTP Request: POST http://localhost:11434/v1/chat/completions "HTTP/1.1 200 OK"
2026-04-26 20:28:27,211 INFO httpx — HTTP Request: POST http://localhost:11434/v1/chat/completions "HTTP/1.1 200 OK"
2026-04-26 20:28:39,237 INFO httpx — HTTP Request: POST http://localhost:11434/v1/chat/completions "HTTP/1.1 200 OK"
2026-04-26 20:28:48,937 INFO httpx — HTTP Request: POST http://localhost:11434/v1/chat/completions "HTTP/1.1 200 OK"
2026-04-26 20:29:04,533 INFO httpx — HTTP Request: POST http://localhost:11434/v1/chat/completions "HTTP/1.1 200 OK"
2026-04-26 20:29:18,385 INFO httpx — HTTP Request: POST http://localhost:11434/v1/chat/completions "HTTP/1.1 200 OK"
2026-04-26 20:29:33,036 INFO httpx — HTTP Request: POST http://localhost:11434/v1/chat/completions "HTTP/1.1 200 OK"
2026-04-26 20:29:49,928 INFO httpx — HTTP Request: POST http://localhost:11434/v1/chat/completions "HTTP/1.1 200 OK"
2026-04-26 20:30:00,916 INFO httpx — HTTP Request: POST http://localhost:11434/v1/chat/completions "HTTP/1.1 200 OK"
2026-04-26 20:30:12,229 INFO httpx — HTTP Request: POST http://localhost:11434/v1/chat/completions "HTTP/1.1 200 OK"
2026-04-26 20:30:23,120 INFO httpx — HTTP Request: POST http://localhost:11434/v1/chat/completions "HTTP/1.1 200 OK"
2026-04-26 20:30:45,337 INFO httpx — HTTP Request: POST http://localhost:11434/v1/chat/completions "HTTP/1.1 200 OK"
2026-04-26 20:30:57,813 INFO httpx — HTTP Request: POST http://localhost:11434/v1/chat/completions "HTTP/1.1 200 OK"
2026-04-26 20:31:15,261 INFO httpx — HTTP Request: POST http://localhost:11434/v1/chat/completions "HTTP/1.1 200 OK"
2026-04-26 20:31:26,833 INFO httpx — HTTP Request: POST http://localhost:11434/v1/chat/completions "HTTP/1.1 200 OK"
2026-04-26 20:31:39,770 INFO httpx — HTTP Request: POST http://localhost:11434/v1/chat/completions "HTTP/1.1 200 OK"
2026-04-26 20:31:59,751 INFO httpx — HTTP Request: POST http://localhost:11434/v1/chat/completions "HTTP/1.1 200 OK"
2026-04-26 20:32:14,200 INFO httpx — HTTP Request: POST http://localhost:11434/v1/chat/completions "HTTP/1.1 200 OK"
2026-04-26 20:32:25,204 INFO httpx — HTTP Request: POST http://localhost:11434/v1/chat/completions "HTTP/1.1 200 OK"
2026-04-26 20:32:40,392 INFO httpx — HTTP Request: POST http://localhost:11434/v1/chat/completions "HTTP/1.1 200 OK"
2026-04-26 20:32:56,231 INFO httpx — HTTP Request: POST http://localhost:11434/v1/chat/completions "HTTP/1.1 200 OK"
2026-04-26 20:33:06,909 INFO httpx — HTTP Request: POST http://localhost:11434/v1/chat/completions "HTTP/1.1 200 OK"
2026-04-26 20:33:27,463 INFO httpx — HTTP Request: POST http://localhost:11434/v1/chat/completions "HTTP/1.1 200 OK"
2026-04-26 20:33:39,958 INFO httpx — HTTP Request: POST http://localhost:11434/v1/chat/completions "HTTP/1.1 200 OK"
2026-04-26 20:33:50,110 INFO httpx — HTTP Request: POST http://localhost:11434/v1/chat/completions "HTTP/1.1 200 OK"
2026-04-26 20:34:01,454 INFO httpx — HTTP Request: POST http://localhost:11434/v1/chat/completions "HTTP/1.1 200 OK"
2026-04-26 20:34:11,408 INFO httpx — HTTP Request: POST http://localhost:11434/v1/chat/completions "HTTP/1.1 200 OK"
2026-04-26 20:34:20,731 INFO httpx — HTTP Request: POST http://localhost:11434/v1/chat/completions "HTTP/1.1 200 OK"
2026-04-26 20:34:36,416 INFO httpx — HTTP Request: POST http://localhost:11434/v1/chat/completions "HTTP/1.1 200 OK"
2026-04-26 20:34:47,612 INFO httpx — HTTP Request: POST http://localhost:11434/v1/chat/completions "HTTP/1.1 200 OK"
2026-04-26 20:34:58,620 INFO httpx — HTTP Request: POST http://localhost:11434/v1/chat/completions "HTTP/1.1 200 OK"
2026-04-26 20:35:17,113 INFO httpx — HTTP Request: POST http://localhost:11434/v1/chat/completions "HTTP/1.1 200 OK"
2026-04-26 20:35:29,158 INFO httpx — HTTP Request: POST http://localhost:11434/v1/chat/completions "HTTP/1.1 200 OK"
2026-04-26 20:35:38,762 INFO httpx — HTTP Request: POST http://localhost:11434/v1/chat/completions "HTTP/1.1 200 OK"
2026-04-26 20:35:50,253 INFO httpx — HTTP Request: POST http://localhost:11434/v1/chat/completions "HTTP/1.1 200 OK"
2026-04-26 20:36:02,695 INFO httpx — HTTP Request: POST http://localhost:11434/v1/chat/completions "HTTP/1.1 200 OK"
2026-04-26 20:36:12,997 INFO httpx — HTTP Request: POST http://localhost:11434/v1/chat/completions "HTTP/1.1 200 OK"
2026-04-26 20:36:26,463 INFO httpx — HTTP Request: POST http://localhost:11434/v1/chat/completions "HTTP/1.1 200 OK"
2026-04-26 20:36:36,998 INFO httpx — HTTP Request: POST http://localhost:11434/v1/chat/completions "HTTP/1.1 200 OK"
2026-04-26 20:36:45,714 INFO httpx — HTTP Request: POST http://localhost:11434/v1/chat/completions "HTTP/1.1 200 OK"
2026-04-26 20:37:03,764 INFO httpx — HTTP Request: POST http://localhost:11434/v1/chat/completions "HTTP/1.1 200 OK"
2026-04-26 20:37:15,781 INFO httpx — HTTP Request: POST http://localhost:11434/v1/chat/completions "HTTP/1.1 200 OK"
2026-04-26 20:37:26,797 INFO httpx — HTTP Request: POST http://localhost:11434/v1/chat/completions "HTTP/1.1 200 OK"
2026-04-26 20:37:38,824 INFO httpx — HTTP Request: POST http://localhost:11434/v1/chat/completions "HTTP/1.1 200 OK"
2026-04-26 20:37:50,308 INFO httpx — HTTP Request: POST http://localhost:11434/v1/chat/completions "HTTP/1.1 200 OK"
2026-04-26 20:38:02,053 INFO httpx — HTTP Request: POST http://localhost:11434/v1/chat/completions "HTTP/1.1 200 OK"
2026-04-26 20:38:14,320 INFO httpx — HTTP Request: POST http://localhost:11434/v1/chat/completions "HTTP/1.1 200 OK"
2026-04-26 20:38:36,279 INFO httpx — HTTP Request: POST http://localhost:11434/v1/chat/completions "HTTP/1.1 200 OK"
2026-04-26 20:38:47,713 INFO httpx — HTTP Request: POST http://localhost:11434/v1/chat/completions "HTTP/1.1 200 OK"
2026-04-26 20:39:04,711 INFO httpx — HTTP Request: POST http://localhost:11434/v1/chat/completions "HTTP/1.1 200 OK"
2026-04-26 20:39:19,260 INFO httpx — HTTP Request: POST http://localhost:11434/v1/chat/completions "HTTP/1.1 200 OK"
2026-04-26 20:39:29,635 INFO httpx — HTTP Request: POST http://localhost:11434/v1/chat/completions "HTTP/1.1 200 OK"
2026-04-26 20:39:50,922 INFO httpx — HTTP Request: POST http://localhost:11434/v1/chat/completions "HTTP/1.1 200 OK"
2026-04-26 20:40:04,841 INFO httpx — HTTP Request: POST http://localhost:11434/v1/chat/completions "HTTP/1.1 200 OK"
2026-04-26 20:40:14,133 INFO httpx — HTTP Request: POST http://localhost:11434/v1/chat/completions "HTTP/1.1 200 OK"
2026-04-26 20:40:29,218 INFO httpx — HTTP Request: POST http://localhost:11434/v1/chat/completions "HTTP/1.1 200 OK"
2026-04-26 20:40:41,274 INFO httpx — HTTP Request: POST http://localhost:11434/v1/chat/completions "HTTP/1.1 200 OK"
2026-04-26 20:40:51,002 INFO httpx — HTTP Request: POST http://localhost:11434/v1/chat/completions "HTTP/1.1 200 OK"
2026-04-26 20:41:08,022 INFO httpx — HTTP Request: POST http://localhost:11434/v1/chat/completions "HTTP/1.1 200 OK"
2026-04-26 20:41:21,420 INFO httpx — HTTP Request: POST http://localhost:11434/v1/chat/completions "HTTP/1.1 200 OK"
2026-04-26 20:41:30,406 INFO httpx — HTTP Request: POST http://localhost:11434/v1/chat/completions "HTTP/1.1 200 OK"
2026-04-26 20:41:42,613 INFO httpx — HTTP Request: POST http://localhost:11434/v1/chat/completions "HTTP/1.1 200 OK"
2026-04-26 20:41:49,089 INFO __main__ — Condition blind_reasoning: completed 1/5 (attempt 1, replacements: 0)
2026-04-26 20:41:52,061 INFO httpx — HTTP Request: POST http://localhost:11434/v1/chat/completions "HTTP/1.1 200 OK"
2026-04-26 20:42:00,384 INFO httpx — HTTP Request: POST http://localhost:11434/v1/chat/completions "HTTP/1.1 200 OK"
2026-04-26 20:42:11,344 INFO httpx — HTTP Request: POST http://localhost:11434/v1/chat/completions "HTTP/1.1 200 OK"
2026-04-26 20:42:21,209 INFO httpx — HTTP Request: POST http://localhost:11434/v1/chat/completions "HTTP/1.1 200 OK"
2026-04-26 20:42:29,658 INFO httpx — HTTP Request: POST http://localhost:11434/v1/chat/completions "HTTP/1.1 200 OK"
2026-04-26 20:42:41,590 INFO httpx — HTTP Request: POST http://localhost:11434/v1/chat/completions "HTTP/1.1 200 OK"
2026-04-26 20:42:57,073 INFO httpx — HTTP Request: POST http://localhost:11434/v1/chat/completions "HTTP/1.1 200 OK"
2026-04-26 20:43:07,612 INFO httpx — HTTP Request: POST http://localhost:11434/v1/chat/completions "HTTP/1.1 200 OK"
2026-04-26 20:43:20,660 INFO httpx — HTTP Request: POST http://localhost:11434/v1/chat/completions "HTTP/1.1 200 OK"
2026-04-26 20:43:35,728 INFO httpx — HTTP Request: POST http://localhost:11434/v1/chat/completions "HTTP/1.1 200 OK"
2026-04-26 20:43:46,250 INFO httpx — HTTP Request: POST http://localhost:11434/v1/chat/completions "HTTP/1.1 200 OK"
2026-04-26 20:43:59,357 INFO httpx — HTTP Request: POST http://localhost:11434/v1/chat/completions "HTTP/1.1 200 OK"
2026-04-26 20:44:11,751 INFO httpx — HTTP Request: POST http://localhost:11434/v1/chat/completions "HTTP/1.1 200 OK"
2026-04-26 20:44:21,260 INFO httpx — HTTP Request: POST http://localhost:11434/v1/chat/completions "HTTP/1.1 200 OK"
2026-04-26 20:44:34,971 INFO httpx — HTTP Request: POST http://localhost:11434/v1/chat/completions "HTTP/1.1 200 OK"
2026-04-26 20:44:46,721 INFO httpx — HTTP Request: POST http://localhost:11434/v1/chat/completions "HTTP/1.1 200 OK"
2026-04-26 20:44:56,902 INFO httpx — HTTP Request: POST http://localhost:11434/v1/chat/completions "HTTP/1.1 200 OK"
2026-04-26 20:45:08,292 INFO httpx — HTTP Request: POST http://localhost:11434/v1/chat/completions "HTTP/1.1 200 OK"
2026-04-26 20:45:18,769 INFO httpx — HTTP Request: POST http://localhost:11434/v1/chat/completions "HTTP/1.1 200 OK"
2026-04-26 20:45:31,289 INFO httpx — HTTP Request: POST http://localhost:11434/v1/chat/completions "HTTP/1.1 200 OK"
2026-04-26 20:45:41,921 INFO httpx — HTTP Request: POST http://localhost:11434/v1/chat/completions "HTTP/1.1 200 OK"
2026-04-26 20:46:02,922 INFO httpx — HTTP Request: POST http://localhost:11434/v1/chat/completions "HTTP/1.1 200 OK"
2026-04-26 20:46:13,907 INFO httpx — HTTP Request: POST http://localhost:11434/v1/chat/completions "HTTP/1.1 200 OK"
2026-04-26 20:46:30,129 INFO httpx — HTTP Request: POST http://localhost:11434/v1/chat/completions "HTTP/1.1 200 OK"
2026-04-26 20:46:45,593 INFO httpx — HTTP Request: POST http://localhost:11434/v1/chat/completions "HTTP/1.1 200 OK"
2026-04-26 20:46:53,809 INFO httpx — HTTP Request: POST http://localhost:11434/v1/chat/completions "HTTP/1.1 200 OK"
2026-04-26 20:47:10,851 INFO httpx — HTTP Request: POST http://localhost:11434/v1/chat/completions "HTTP/1.1 200 OK"
2026-04-26 20:47:22,905 INFO httpx — HTTP Request: POST http://localhost:11434/v1/chat/completions "HTTP/1.1 200 OK"
2026-04-26 20:47:31,989 INFO httpx — HTTP Request: POST http://localhost:11434/v1/chat/completions "HTTP/1.1 200 OK"
2026-04-26 20:47:48,011 INFO httpx — HTTP Request: POST http://localhost:11434/v1/chat/completions "HTTP/1.1 200 OK"
2026-04-26 20:48:02,708 INFO httpx — HTTP Request: POST http://localhost:11434/v1/chat/completions "HTTP/1.1 200 OK"
2026-04-26 20:48:12,950 INFO httpx — HTTP Request: POST http://localhost:11434/v1/chat/completions "HTTP/1.1 200 OK"
2026-04-26 20:48:28,587 INFO httpx — HTTP Request: POST http://localhost:11434/v1/chat/completions "HTTP/1.1 200 OK"
2026-04-26 20:48:40,259 INFO httpx — HTTP Request: POST http://localhost:11434/v1/chat/completions "HTTP/1.1 200 OK"
2026-04-26 20:48:48,820 INFO httpx — HTTP Request: POST http://localhost:11434/v1/chat/completions "HTTP/1.1 200 OK"
2026-04-26 20:49:03,055 INFO httpx — HTTP Request: POST http://localhost:11434/v1/chat/completions "HTTP/1.1 200 OK"
2026-04-26 20:49:15,231 INFO httpx — HTTP Request: POST http://localhost:11434/v1/chat/completions "HTTP/1.1 200 OK"
2026-04-26 20:49:24,810 INFO httpx — HTTP Request: POST http://localhost:11434/v1/chat/completions "HTTP/1.1 200 OK"
2026-04-26 20:49:46,599 INFO httpx — HTTP Request: POST http://localhost:11434/v1/chat/completions "HTTP/1.1 200 OK"
2026-04-26 20:49:58,937 INFO httpx — HTTP Request: POST http://localhost:11434/v1/chat/completions "HTTP/1.1 200 OK"
2026-04-26 20:50:08,821 INFO httpx — HTTP Request: POST http://localhost:11434/v1/chat/completions "HTTP/1.1 200 OK"
2026-04-26 20:50:25,626 INFO httpx — HTTP Request: POST http://localhost:11434/v1/chat/completions "HTTP/1.1 200 OK"
2026-04-26 20:50:35,311 INFO httpx — HTTP Request: POST http://localhost:11434/v1/chat/completions "HTTP/1.1 200 OK"
2026-04-26 20:50:49,681 INFO httpx — HTTP Request: POST http://localhost:11434/v1/chat/completions "HTTP/1.1 200 OK"
2026-04-26 20:51:03,099 INFO httpx — HTTP Request: POST http://localhost:11434/v1/chat/completions "HTTP/1.1 200 OK"
2026-04-26 20:51:14,781 INFO httpx — HTTP Request: POST http://localhost:11434/v1/chat/completions "HTTP/1.1 200 OK"
2026-04-26 20:51:24,811 INFO httpx — HTTP Request: POST http://localhost:11434/v1/chat/completions "HTTP/1.1 200 OK"
2026-04-26 20:51:45,414 INFO httpx — HTTP Request: POST http://localhost:11434/v1/chat/completions "HTTP/1.1 200 OK"
2026-04-26 20:51:59,710 INFO httpx — HTTP Request: POST http://localhost:11434/v1/chat/completions "HTTP/1.1 200 OK"
2026-04-26 20:52:09,055 INFO httpx — HTTP Request: POST http://localhost:11434/v1/chat/completions "HTTP/1.1 200 OK"
2026-04-26 20:52:25,260 INFO httpx — HTTP Request: POST http://localhost:11434/v1/chat/completions "HTTP/1.1 200 OK"
2026-04-26 20:52:39,056 INFO httpx — HTTP Request: POST http://localhost:11434/v1/chat/completions "HTTP/1.1 200 OK"
2026-04-26 20:52:49,280 INFO httpx — HTTP Request: POST http://localhost:11434/v1/chat/completions "HTTP/1.1 200 OK"
2026-04-26 20:53:02,229 INFO httpx — HTTP Request: POST http://localhost:11434/v1/chat/completions "HTTP/1.1 200 OK"
2026-04-26 20:53:14,651 INFO httpx — HTTP Request: POST http://localhost:11434/v1/chat/completions "HTTP/1.1 200 OK"
2026-04-26 20:53:26,235 INFO httpx — HTTP Request: POST http://localhost:11434/v1/chat/completions "HTTP/1.1 200 OK"
2026-04-26 20:53:39,222 INFO httpx — HTTP Request: POST http://localhost:11434/v1/chat/completions "HTTP/1.1 200 OK"
2026-04-26 20:53:51,097 INFO httpx — HTTP Request: POST http://localhost:11434/v1/chat/completions "HTTP/1.1 200 OK"
2026-04-26 20:54:02,098 INFO httpx — HTTP Request: POST http://localhost:11434/v1/chat/completions "HTTP/1.1 200 OK"
2026-04-26 20:54:17,517 INFO httpx — HTTP Request: POST http://localhost:11434/v1/chat/completions "HTTP/1.1 200 OK"
2026-04-26 20:54:30,671 INFO httpx — HTTP Request: POST http://localhost:11434/v1/chat/completions "HTTP/1.1 200 OK"
2026-04-26 20:54:40,381 INFO httpx — HTTP Request: POST http://localhost:11434/v1/chat/completions "HTTP/1.1 200 OK"
2026-04-26 20:54:53,256 INFO httpx — HTTP Request: POST http://localhost:11434/v1/chat/completions "HTTP/1.1 200 OK"
2026-04-26 20:55:08,194 INFO httpx — HTTP Request: POST http://localhost:11434/v1/chat/completions "HTTP/1.1 200 OK"
2026-04-26 20:55:18,504 INFO httpx — HTTP Request: POST http://localhost:11434/v1/chat/completions "HTTP/1.1 200 OK"
2026-04-26 20:55:32,177 INFO httpx — HTTP Request: POST http://localhost:11434/v1/chat/completions "HTTP/1.1 200 OK"
2026-04-26 20:55:46,095 INFO httpx — HTTP Request: POST http://localhost:11434/v1/chat/completions "HTTP/1.1 200 OK"
2026-04-26 20:55:55,661 INFO httpx — HTTP Request: POST http://localhost:11434/v1/chat/completions "HTTP/1.1 200 OK"
2026-04-26 20:56:09,914 INFO httpx — HTTP Request: POST http://localhost:11434/v1/chat/completions "HTTP/1.1 200 OK"
2026-04-26 20:56:25,617 INFO httpx — HTTP Request: POST http://localhost:11434/v1/chat/completions "HTTP/1.1 200 OK"
2026-04-26 20:56:35,564 INFO httpx — HTTP Request: POST http://localhost:11434/v1/chat/completions "HTTP/1.1 200 OK"
2026-04-26 20:56:48,761 INFO httpx — HTTP Request: POST http://localhost:11434/v1/chat/completions "HTTP/1.1 200 OK"
2026-04-26 20:57:01,336 INFO httpx — HTTP Request: POST http://localhost:11434/v1/chat/completions "HTTP/1.1 200 OK"
2026-04-26 20:57:09,972 INFO httpx — HTTP Request: POST http://localhost:11434/v1/chat/completions "HTTP/1.1 200 OK"
2026-04-26 20:57:22,275 INFO httpx — HTTP Request: POST http://localhost:11434/v1/chat/completions "HTTP/1.1 200 OK"
2026-04-26 20:57:32,040 INFO httpx — HTTP Request: POST http://localhost:11434/v1/chat/completions "HTTP/1.1 200 OK"
2026-04-26 20:57:41,748 INFO httpx — HTTP Request: POST http://localhost:11434/v1/chat/completions "HTTP/1.1 200 OK"
2026-04-26 20:57:53,949 INFO httpx — HTTP Request: POST http://localhost:11434/v1/chat/completions "HTTP/1.1 200 OK"
2026-04-26 20:58:07,767 INFO httpx — HTTP Request: POST http://localhost:11434/v1/chat/completions "HTTP/1.1 200 OK"
2026-04-26 20:58:20,978 INFO httpx — HTTP Request: POST http://localhost:11434/v1/chat/completions "HTTP/1.1 200 OK"
2026-04-26 20:58:34,056 INFO httpx — HTTP Request: POST http://localhost:11434/v1/chat/completions "HTTP/1.1 200 OK"
2026-04-26 20:58:44,777 INFO httpx — HTTP Request: POST http://localhost:11434/v1/chat/completions "HTTP/1.1 200 OK"
2026-04-26 20:58:54,318 INFO httpx — HTTP Request: POST http://localhost:11434/v1/chat/completions "HTTP/1.1 200 OK"
2026-04-26 20:59:06,856 INFO httpx — HTTP Request: POST http://localhost:11434/v1/chat/completions "HTTP/1.1 200 OK"
2026-04-26 20:59:18,814 INFO httpx — HTTP Request: POST http://localhost:11434/v1/chat/completions "HTTP/1.1 200 OK"
2026-04-26 20:59:28,378 INFO httpx — HTTP Request: POST http://localhost:11434/v1/chat/completions "HTTP/1.1 200 OK"
2026-04-26 20:59:42,608 INFO httpx — HTTP Request: POST http://localhost:11434/v1/chat/completions "HTTP/1.1 200 OK"
2026-04-26 20:59:53,493 INFO httpx — HTTP Request: POST http://localhost:11434/v1/chat/completions "HTTP/1.1 200 OK"
2026-04-26 21:00:04,208 INFO httpx — HTTP Request: POST http://localhost:11434/v1/chat/completions "HTTP/1.1 200 OK"
2026-04-26 21:00:17,840 INFO httpx — HTTP Request: POST http://localhost:11434/v1/chat/completions "HTTP/1.1 200 OK"
2026-04-26 21:00:29,662 INFO httpx — HTTP Request: POST http://localhost:11434/v1/chat/completions "HTTP/1.1 200 OK"
2026-04-26 21:00:39,616 INFO httpx — HTTP Request: POST http://localhost:11434/v1/chat/completions "HTTP/1.1 200 OK"
2026-04-26 21:00:53,581 INFO httpx — HTTP Request: POST http://localhost:11434/v1/chat/completions "HTTP/1.1 200 OK"
2026-04-26 21:01:06,918 INFO httpx — HTTP Request: POST http://localhost:11434/v1/chat/completions "HTTP/1.1 200 OK"
2026-04-26 21:01:15,996 INFO httpx — HTTP Request: POST http://localhost:11434/v1/chat/completions "HTTP/1.1 200 OK"
2026-04-26 21:01:31,037 INFO httpx — HTTP Request: POST http://localhost:11434/v1/chat/completions "HTTP/1.1 200 OK"
2026-04-26 21:01:47,166 INFO httpx — HTTP Request: POST http://localhost:11434/v1/chat/completions "HTTP/1.1 200 OK"
2026-04-26 21:01:57,256 INFO httpx — HTTP Request: POST http://localhost:11434/v1/chat/completions "HTTP/1.1 200 OK"
2026-04-26 21:02:17,248 INFO httpx — HTTP Request: POST http://localhost:11434/v1/chat/completions "HTTP/1.1 200 OK"
2026-04-26 21:02:33,751 INFO httpx — HTTP Request: POST http://localhost:11434/v1/chat/completions "HTTP/1.1 200 OK"
2026-04-26 21:02:43,165 INFO httpx — HTTP Request: POST http://localhost:11434/v1/chat/completions "HTTP/1.1 200 OK"
2026-04-26 21:03:02,520 INFO httpx — HTTP Request: POST http://localhost:11434/v1/chat/completions "HTTP/1.1 200 OK"
2026-04-26 21:03:22,030 INFO httpx — HTTP Request: POST http://localhost:11434/v1/chat/completions "HTTP/1.1 200 OK"
2026-04-26 21:03:31,920 INFO httpx — HTTP Request: POST http://localhost:11434/v1/chat/completions "HTTP/1.1 200 OK"
2026-04-26 21:03:46,819 INFO httpx — HTTP Request: POST http://localhost:11434/v1/chat/completions "HTTP/1.1 200 OK"
2026-04-26 21:03:53,653 INFO __main__ — Condition blind_reasoning: completed 2/5 (attempt 2, replacements: 0)
2026-04-26 21:04:01,751 INFO httpx — HTTP Request: POST http://localhost:11434/v1/chat/completions "HTTP/1.1 200 OK"
2026-04-26 21:04:10,671 INFO httpx — HTTP Request: POST http://localhost:11434/v1/chat/completions "HTTP/1.1 200 OK"
2026-04-26 21:04:20,733 INFO httpx — HTTP Request: POST http://localhost:11434/v1/chat/completions "HTTP/1.1 200 OK"
2026-04-26 21:04:31,588 INFO httpx — HTTP Request: POST http://localhost:11434/v1/chat/completions "HTTP/1.1 200 OK"
2026-04-26 21:04:41,434 INFO httpx — HTTP Request: POST http://localhost:11434/v1/chat/completions "HTTP/1.1 200 OK"
2026-04-26 21:04:53,691 INFO httpx — HTTP Request: POST http://localhost:11434/v1/chat/completions "HTTP/1.1 200 OK"
2026-04-26 21:05:03,660 INFO httpx — HTTP Request: POST http://localhost:11434/v1/chat/completions "HTTP/1.1 200 OK"
2026-04-26 21:05:13,080 INFO httpx — HTTP Request: POST http://localhost:11434/v1/chat/completions "HTTP/1.1 200 OK"
2026-04-26 21:05:28,982 INFO httpx — HTTP Request: POST http://localhost:11434/v1/chat/completions "HTTP/1.1 200 OK"
2026-04-26 21:05:39,820 INFO httpx — HTTP Request: POST http://localhost:11434/v1/chat/completions "HTTP/1.1 200 OK"
2026-04-26 21:05:50,215 INFO httpx — HTTP Request: POST http://localhost:11434/v1/chat/completions "HTTP/1.1 200 OK"
2026-04-26 21:06:04,745 INFO httpx — HTTP Request: POST http://localhost:11434/v1/chat/completions "HTTP/1.1 200 OK"
2026-04-26 21:06:18,016 INFO httpx — HTTP Request: POST http://localhost:11434/v1/chat/completions "HTTP/1.1 200 OK"
2026-04-26 21:06:27,863 INFO httpx — HTTP Request: POST http://localhost:11434/v1/chat/completions "HTTP/1.1 200 OK"
2026-04-26 21:06:49,988 INFO httpx — HTTP Request: POST http://localhost:11434/v1/chat/completions "HTTP/1.1 200 OK"
2026-04-26 21:07:01,540 INFO httpx — HTTP Request: POST http://localhost:11434/v1/chat/completions "HTTP/1.1 200 OK"
2026-04-26 21:07:10,104 INFO httpx — HTTP Request: POST http://localhost:11434/v1/chat/completions "HTTP/1.1 200 OK"
2026-04-26 21:07:23,498 INFO httpx — HTTP Request: POST http://localhost:11434/v1/chat/completions "HTTP/1.1 200 OK"
2026-04-26 21:07:34,696 INFO httpx — HTTP Request: POST http://localhost:11434/v1/chat/completions "HTTP/1.1 200 OK"
2026-04-26 21:07:46,133 INFO httpx — HTTP Request: POST http://localhost:11434/v1/chat/completions "HTTP/1.1 200 OK"
2026-04-26 21:07:56,348 INFO httpx — HTTP Request: POST http://localhost:11434/v1/chat/completions "HTTP/1.1 200 OK"
2026-04-26 21:08:07,421 INFO httpx — HTTP Request: POST http://localhost:11434/v1/chat/completions "HTTP/1.1 200 OK"
2026-04-26 21:08:18,691 INFO httpx — HTTP Request: POST http://localhost:11434/v1/chat/completions "HTTP/1.1 200 OK"
2026-04-26 21:08:29,273 INFO httpx — HTTP Request: POST http://localhost:11434/v1/chat/completions "HTTP/1.1 200 OK"
2026-04-26 21:08:41,656 INFO httpx — HTTP Request: POST http://localhost:11434/v1/chat/completions "HTTP/1.1 200 OK"
2026-04-26 21:08:52,846 INFO httpx — HTTP Request: POST http://localhost:11434/v1/chat/completions "HTTP/1.1 200 OK"
2026-04-26 21:09:11,618 INFO httpx — HTTP Request: POST http://localhost:11434/v1/chat/completions "HTTP/1.1 200 OK"
2026-04-26 21:09:29,890 INFO httpx — HTTP Request: POST http://localhost:11434/v1/chat/completions "HTTP/1.1 200 OK"
2026-04-26 21:09:39,221 INFO httpx — HTTP Request: POST http://localhost:11434/v1/chat/completions "HTTP/1.1 200 OK"
2026-04-26 21:09:58,430 INFO httpx — HTTP Request: POST http://localhost:11434/v1/chat/completions "HTTP/1.1 200 OK"
2026-04-26 21:10:09,716 INFO httpx — HTTP Request: POST http://localhost:11434/v1/chat/completions "HTTP/1.1 200 OK"
2026-04-26 21:10:20,360 INFO httpx — HTTP Request: POST http://localhost:11434/v1/chat/completions "HTTP/1.1 200 OK"
2026-04-26 21:10:38,904 INFO httpx — HTTP Request: POST http://localhost:11434/v1/chat/completions "HTTP/1.1 200 OK"
2026-04-26 21:10:50,735 INFO httpx — HTTP Request: POST http://localhost:11434/v1/chat/completions "HTTP/1.1 200 OK"
2026-04-26 21:11:00,236 INFO httpx — HTTP Request: POST http://localhost:11434/v1/chat/completions "HTTP/1.1 200 OK"
2026-04-26 21:11:12,037 INFO httpx — HTTP Request: POST http://localhost:11434/v1/chat/completions "HTTP/1.1 200 OK"
2026-04-26 21:11:24,974 INFO httpx — HTTP Request: POST http://localhost:11434/v1/chat/completions "HTTP/1.1 200 OK"
2026-04-26 21:11:35,282 INFO httpx — HTTP Request: POST http://localhost:11434/v1/chat/completions "HTTP/1.1 200 OK"
2026-04-26 21:11:51,481 INFO httpx — HTTP Request: POST http://localhost:11434/v1/chat/completions "HTTP/1.1 200 OK"
2026-04-26 21:12:04,580 INFO httpx — HTTP Request: POST http://localhost:11434/v1/chat/completions "HTTP/1.1 200 OK"
2026-04-26 21:12:13,518 INFO httpx — HTTP Request: POST http://localhost:11434/v1/chat/completions "HTTP/1.1 200 OK"
2026-04-26 21:12:24,215 INFO httpx — HTTP Request: POST http://localhost:11434/v1/chat/completions "HTTP/1.1 200 OK"
2026-04-26 21:12:34,193 INFO httpx — HTTP Request: POST http://localhost:11434/v1/chat/completions "HTTP/1.1 200 OK"
2026-04-26 21:12:45,309 INFO httpx — HTTP Request: POST http://localhost:11434/v1/chat/completions "HTTP/1.1 200 OK"
2026-04-26 21:13:03,033 INFO httpx — HTTP Request: POST http://localhost:11434/v1/chat/completions "HTTP/1.1 200 OK"
2026-04-26 21:13:13,463 INFO httpx — HTTP Request: POST http://localhost:11434/v1/chat/completions "HTTP/1.1 200 OK"
2026-04-26 21:13:23,160 INFO httpx — HTTP Request: POST http://localhost:11434/v1/chat/completions "HTTP/1.1 200 OK"
2026-04-26 21:13:35,390 INFO httpx — HTTP Request: POST http://localhost:11434/v1/chat/completions "HTTP/1.1 200 OK"
2026-04-26 21:13:46,892 INFO httpx — HTTP Request: POST http://localhost:11434/v1/chat/completions "HTTP/1.1 200 OK"
2026-04-26 21:13:56,937 INFO httpx — HTTP Request: POST http://localhost:11434/v1/chat/completions "HTTP/1.1 200 OK"
2026-04-26 21:14:11,356 INFO httpx — HTTP Request: POST http://localhost:11434/v1/chat/completions "HTTP/1.1 200 OK"
2026-04-26 21:14:24,216 INFO httpx — HTTP Request: POST http://localhost:11434/v1/chat/completions "HTTP/1.1 200 OK"
2026-04-26 21:14:33,016 INFO httpx — HTTP Request: POST http://localhost:11434/v1/chat/completions "HTTP/1.1 200 OK"
2026-04-26 21:14:50,853 INFO httpx — HTTP Request: POST http://localhost:11434/v1/chat/completions "HTTP/1.1 200 OK"
2026-04-26 21:15:07,612 INFO httpx — HTTP Request: POST http://localhost:11434/v1/chat/completions "HTTP/1.1 200 OK"
2026-04-26 21:15:16,997 INFO httpx — HTTP Request: POST http://localhost:11434/v1/chat/completions "HTTP/1.1 200 OK"
2026-04-26 21:15:28,699 INFO httpx — HTTP Request: POST http://localhost:11434/v1/chat/completions "HTTP/1.1 200 OK"
2026-04-26 21:15:40,434 INFO httpx — HTTP Request: POST http://localhost:11434/v1/chat/completions "HTTP/1.1 200 OK"
2026-04-26 21:15:51,407 INFO httpx — HTTP Request: POST http://localhost:11434/v1/chat/completions "HTTP/1.1 200 OK"
2026-04-26 21:16:03,071 INFO httpx — HTTP Request: POST http://localhost:11434/v1/chat/completions "HTTP/1.1 200 OK"
2026-04-26 21:16:19,492 INFO httpx — HTTP Request: POST http://localhost:11434/v1/chat/completions "HTTP/1.1 200 OK"
2026-04-26 21:16:29,746 INFO httpx — HTTP Request: POST http://localhost:11434/v1/chat/completions "HTTP/1.1 200 OK"
2026-04-26 21:16:43,976 INFO httpx — HTTP Request: POST http://localhost:11434/v1/chat/completions "HTTP/1.1 200 OK"
2026-04-26 21:16:56,468 INFO httpx — HTTP Request: POST http://localhost:11434/v1/chat/completions "HTTP/1.1 200 OK"
2026-04-26 21:17:05,401 INFO httpx — HTTP Request: POST http://localhost:11434/v1/chat/completions "HTTP/1.1 200 OK"
2026-04-26 21:17:23,865 INFO httpx — HTTP Request: POST http://localhost:11434/v1/chat/completions "HTTP/1.1 200 OK"
2026-04-26 21:17:35,096 INFO httpx — HTTP Request: POST http://localhost:11434/v1/chat/completions "HTTP/1.1 200 OK"
2026-04-26 21:17:44,308 INFO httpx — HTTP Request: POST http://localhost:11434/v1/chat/completions "HTTP/1.1 200 OK"
2026-04-26 21:18:01,687 INFO httpx — HTTP Request: POST http://localhost:11434/v1/chat/completions "HTTP/1.1 200 OK"
2026-04-26 21:18:15,768 INFO httpx — HTTP Request: POST http://localhost:11434/v1/chat/completions "HTTP/1.1 200 OK"
2026-04-26 21:18:27,025 INFO httpx — HTTP Request: POST http://localhost:11434/v1/chat/completions "HTTP/1.1 200 OK"
2026-04-26 21:18:39,024 INFO httpx — HTTP Request: POST http://localhost:11434/v1/chat/completions "HTTP/1.1 200 OK"
2026-04-26 21:18:50,355 INFO httpx — HTTP Request: POST http://localhost:11434/v1/chat/completions "HTTP/1.1 200 OK"
2026-04-26 21:18:59,560 INFO httpx — HTTP Request: POST http://localhost:11434/v1/chat/completions "HTTP/1.1 200 OK"
2026-04-26 21:19:13,336 INFO httpx — HTTP Request: POST http://localhost:11434/v1/chat/completions "HTTP/1.1 200 OK"
2026-04-26 21:19:25,960 INFO httpx — HTTP Request: POST http://localhost:11434/v1/chat/completions "HTTP/1.1 200 OK"
2026-04-26 21:19:34,561 INFO httpx — HTTP Request: POST http://localhost:11434/v1/chat/completions "HTTP/1.1 200 OK"
2026-04-26 21:19:53,061 INFO httpx — HTTP Request: POST http://localhost:11434/v1/chat/completions "HTTP/1.1 200 OK"
2026-04-26 21:20:02,987 INFO httpx — HTTP Request: POST http://localhost:11434/v1/chat/completions "HTTP/1.1 200 OK"
2026-04-26 21:20:13,579 INFO httpx — HTTP Request: POST http://localhost:11434/v1/chat/completions "HTTP/1.1 200 OK"
2026-04-26 21:20:28,354 INFO httpx — HTTP Request: POST http://localhost:11434/v1/chat/completions "HTTP/1.1 200 OK"
2026-04-26 21:20:43,119 INFO httpx — HTTP Request: POST http://localhost:11434/v1/chat/completions "HTTP/1.1 200 OK"
2026-04-26 21:20:53,673 INFO httpx — HTTP Request: POST http://localhost:11434/v1/chat/completions "HTTP/1.1 200 OK"
2026-04-26 21:21:09,127 INFO httpx — HTTP Request: POST http://localhost:11434/v1/chat/completions "HTTP/1.1 200 OK"
2026-04-26 21:21:23,464 INFO httpx — HTTP Request: POST http://localhost:11434/v1/chat/completions "HTTP/1.1 200 OK"
2026-04-26 21:21:33,291 INFO httpx — HTTP Request: POST http://localhost:11434/v1/chat/completions "HTTP/1.1 200 OK"
2026-04-26 21:21:46,663 INFO httpx — HTTP Request: POST http://localhost:11434/v1/chat/completions "HTTP/1.1 200 OK"
2026-04-26 21:21:57,403 INFO httpx — HTTP Request: POST http://localhost:11434/v1/chat/completions "HTTP/1.1 200 OK"
2026-04-26 21:22:06,519 INFO httpx — HTTP Request: POST http://localhost:11434/v1/chat/completions "HTTP/1.1 200 OK"
2026-04-26 21:22:17,675 INFO httpx — HTTP Request: POST http://localhost:11434/v1/chat/completions "HTTP/1.1 200 OK"
2026-04-26 21:22:29,174 INFO httpx — HTTP Request: POST http://localhost:11434/v1/chat/completions "HTTP/1.1 200 OK"
2026-04-26 21:22:39,561 INFO httpx — HTTP Request: POST http://localhost:11434/v1/chat/completions "HTTP/1.1 200 OK"
2026-04-26 21:22:53,556 INFO httpx — HTTP Request: POST http://localhost:11434/v1/chat/completions "HTTP/1.1 200 OK"
2026-04-26 21:23:07,786 INFO httpx — HTTP Request: POST http://localhost:11434/v1/chat/completions "HTTP/1.1 200 OK"
2026-04-26 21:23:14,883 INFO httpx — HTTP Request: POST http://localhost:11434/v1/chat/completions "HTTP/1.1 200 OK"
2026-04-26 21:23:24,710 INFO httpx — HTTP Request: POST http://localhost:11434/v1/chat/completions "HTTP/1.1 200 OK"
2026-04-26 21:23:36,034 INFO httpx — HTTP Request: POST http://localhost:11434/v1/chat/completions "HTTP/1.1 200 OK"
2026-04-26 21:23:51,634 INFO httpx — HTTP Request: POST http://localhost:11434/v1/chat/completions "HTTP/1.1 200 OK"
2026-04-26 21:24:03,528 INFO httpx — HTTP Request: POST http://localhost:11434/v1/chat/completions "HTTP/1.1 200 OK"
2026-04-26 21:24:16,737 INFO httpx — HTTP Request: POST http://localhost:11434/v1/chat/completions "HTTP/1.1 200 OK"
2026-04-26 21:24:27,415 INFO httpx — HTTP Request: POST http://localhost:11434/v1/chat/completions "HTTP/1.1 200 OK"
2026-04-26 21:24:38,400 INFO httpx — HTTP Request: POST http://localhost:11434/v1/chat/completions "HTTP/1.1 200 OK"
2026-04-26 21:24:49,812 INFO httpx — HTTP Request: POST http://localhost:11434/v1/chat/completions "HTTP/1.1 200 OK"
2026-04-26 21:25:00,718 INFO httpx — HTTP Request: POST http://localhost:11434/v1/chat/completions "HTTP/1.1 200 OK"
2026-04-26 21:25:12,495 INFO httpx — HTTP Request: POST http://localhost:11434/v1/chat/completions "HTTP/1.1 200 OK"
2026-04-26 21:25:23,201 INFO __main__ — Condition blind_reasoning: completed 3/5 (attempt 3, replacements: 0)
2026-04-26 21:25:24,083 INFO httpx — HTTP Request: POST http://localhost:11434/v1/chat/completions "HTTP/1.1 200 OK"
2026-04-26 21:25:32,742 INFO httpx — HTTP Request: POST http://localhost:11434/v1/chat/completions "HTTP/1.1 200 OK"
2026-04-26 21:25:44,548 INFO httpx — HTTP Request: POST http://localhost:11434/v1/chat/completions "HTTP/1.1 200 OK"
2026-04-26 21:25:53,966 INFO httpx — HTTP Request: POST http://localhost:11434/v1/chat/completions "HTTP/1.1 200 OK"
2026-04-26 21:26:07,389 INFO httpx — HTTP Request: POST http://localhost:11434/v1/chat/completions "HTTP/1.1 200 OK"
2026-04-26 21:26:18,770 INFO httpx — HTTP Request: POST http://localhost:11434/v1/chat/completions "HTTP/1.1 200 OK"
2026-04-26 21:26:29,604 INFO httpx — HTTP Request: POST http://localhost:11434/v1/chat/completions "HTTP/1.1 200 OK"
2026-04-26 21:26:39,533 INFO httpx — HTTP Request: POST http://localhost:11434/v1/chat/completions "HTTP/1.1 200 OK"
2026-04-26 21:26:51,356 INFO httpx — HTTP Request: POST http://localhost:11434/v1/chat/completions "HTTP/1.1 200 OK"
2026-04-26 21:27:01,482 INFO httpx — HTTP Request: POST http://localhost:11434/v1/chat/completions "HTTP/1.1 200 OK"
2026-04-26 21:27:09,961 INFO httpx — HTTP Request: POST http://localhost:11434/v1/chat/completions "HTTP/1.1 200 OK"
2026-04-26 21:27:21,073 INFO httpx — HTTP Request: POST http://localhost:11434/v1/chat/completions "HTTP/1.1 200 OK"
2026-04-26 21:27:32,626 INFO httpx — HTTP Request: POST http://localhost:11434/v1/chat/completions "HTTP/1.1 200 OK"
2026-04-26 21:27:42,605 INFO httpx — HTTP Request: POST http://localhost:11434/v1/chat/completions "HTTP/1.1 200 OK"
2026-04-26 21:27:53,289 INFO httpx — HTTP Request: POST http://localhost:11434/v1/chat/completions "HTTP/1.1 200 OK"
2026-04-26 21:28:03,754 INFO httpx — HTTP Request: POST http://localhost:11434/v1/chat/completions "HTTP/1.1 200 OK"
2026-04-26 21:28:14,114 INFO httpx — HTTP Request: POST http://localhost:11434/v1/chat/completions "HTTP/1.1 200 OK"
2026-04-26 21:28:26,225 INFO httpx — HTTP Request: POST http://localhost:11434/v1/chat/completions "HTTP/1.1 200 OK"
2026-04-26 21:28:36,844 INFO httpx — HTTP Request: POST http://localhost:11434/v1/chat/completions "HTTP/1.1 200 OK"
2026-04-26 21:28:45,028 INFO httpx — HTTP Request: POST http://localhost:11434/v1/chat/completions "HTTP/1.1 200 OK"
2026-04-26 21:28:56,848 INFO httpx — HTTP Request: POST http://localhost:11434/v1/chat/completions "HTTP/1.1 200 OK"
2026-04-26 21:29:06,525 INFO httpx — HTTP Request: POST http://localhost:11434/v1/chat/completions "HTTP/1.1 200 OK"
2026-04-26 21:29:17,745 INFO httpx — HTTP Request: POST http://localhost:11434/v1/chat/completions "HTTP/1.1 200 OK"
2026-04-26 21:29:28,341 INFO httpx — HTTP Request: POST http://localhost:11434/v1/chat/completions "HTTP/1.1 200 OK"
2026-04-26 21:29:40,001 INFO httpx — HTTP Request: POST http://localhost:11434/v1/chat/completions "HTTP/1.1 200 OK"
2026-04-26 21:29:52,955 INFO httpx — HTTP Request: POST http://localhost:11434/v1/chat/completions "HTTP/1.1 200 OK"
2026-04-26 21:30:02,380 INFO httpx — HTTP Request: POST http://localhost:11434/v1/chat/completions "HTTP/1.1 200 OK"
2026-04-26 21:30:13,191 INFO httpx — HTTP Request: POST http://localhost:11434/v1/chat/completions "HTTP/1.1 200 OK"
2026-04-26 21:30:25,181 INFO httpx — HTTP Request: POST http://localhost:11434/v1/chat/completions "HTTP/1.1 200 OK"
2026-04-26 21:30:40,129 INFO httpx — HTTP Request: POST http://localhost:11434/v1/chat/completions "HTTP/1.1 200 OK"
2026-04-26 21:30:54,166 INFO httpx — HTTP Request: POST http://localhost:11434/v1/chat/completions "HTTP/1.1 200 OK"
2026-04-26 21:31:06,854 INFO httpx — HTTP Request: POST http://localhost:11434/v1/chat/completions "HTTP/1.1 200 OK"
2026-04-26 21:31:18,611 INFO httpx — HTTP Request: POST http://localhost:11434/v1/chat/completions "HTTP/1.1 200 OK"
2026-04-26 21:31:29,623 INFO httpx — HTTP Request: POST http://localhost:11434/v1/chat/completions "HTTP/1.1 200 OK"
2026-04-26 21:31:40,841 INFO httpx — HTTP Request: POST http://localhost:11434/v1/chat/completions "HTTP/1.1 200 OK"
2026-04-26 21:31:51,985 INFO httpx — HTTP Request: POST http://localhost:11434/v1/chat/completions "HTTP/1.1 200 OK"
2026-04-26 21:32:14,054 INFO httpx — HTTP Request: POST http://localhost:11434/v1/chat/completions "HTTP/1.1 200 OK"
2026-04-26 21:32:24,657 INFO httpx — HTTP Request: POST http://localhost:11434/v1/chat/completions "HTTP/1.1 200 OK"
2026-04-26 21:32:34,902 INFO httpx — HTTP Request: POST http://localhost:11434/v1/chat/completions "HTTP/1.1 200 OK"
2026-04-26 21:32:46,000 INFO httpx — HTTP Request: POST http://localhost:11434/v1/chat/completions "HTTP/1.1 200 OK"
2026-04-26 21:32:56,639 INFO httpx — HTTP Request: POST http://localhost:11434/v1/chat/completions "HTTP/1.1 200 OK"
2026-04-26 21:33:13,668 INFO httpx — HTTP Request: POST http://localhost:11434/v1/chat/completions "HTTP/1.1 200 OK"
2026-04-26 21:33:25,250 INFO httpx — HTTP Request: POST http://localhost:11434/v1/chat/completions "HTTP/1.1 200 OK"
2026-04-26 21:33:35,768 INFO httpx — HTTP Request: POST http://localhost:11434/v1/chat/completions "HTTP/1.1 200 OK"
2026-04-26 21:33:46,667 INFO httpx — HTTP Request: POST http://localhost:11434/v1/chat/completions "HTTP/1.1 200 OK"
2026-04-26 21:33:57,893 INFO httpx — HTTP Request: POST http://localhost:11434/v1/chat/completions "HTTP/1.1 200 OK"
2026-04-26 21:34:11,128 INFO httpx — HTTP Request: POST http://localhost:11434/v1/chat/completions "HTTP/1.1 200 OK"
2026-04-26 21:34:25,824 INFO httpx — HTTP Request: POST http://localhost:11434/v1/chat/completions "HTTP/1.1 200 OK"
2026-04-26 21:34:37,604 INFO httpx — HTTP Request: POST http://localhost:11434/v1/chat/completions "HTTP/1.1 200 OK"
2026-04-26 21:34:48,787 INFO httpx — HTTP Request: POST http://localhost:11434/v1/chat/completions "HTTP/1.1 200 OK"
2026-04-26 21:35:01,017 INFO httpx — HTTP Request: POST http://localhost:11434/v1/chat/completions "HTTP/1.1 200 OK"
2026-04-26 21:35:14,133 INFO httpx — HTTP Request: POST http://localhost:11434/v1/chat/completions "HTTP/1.1 200 OK"
2026-04-26 21:35:25,607 INFO httpx — HTTP Request: POST http://localhost:11434/v1/chat/completions "HTTP/1.1 200 OK"
2026-04-26 21:35:36,145 INFO httpx — HTTP Request: POST http://localhost:11434/v1/chat/completions "HTTP/1.1 200 OK"
2026-04-26 21:35:47,273 INFO httpx — HTTP Request: POST http://localhost:11434/v1/chat/completions "HTTP/1.1 200 OK"
2026-04-26 21:35:58,058 INFO httpx — HTTP Request: POST http://localhost:11434/v1/chat/completions "HTTP/1.1 200 OK"
2026-04-26 21:36:08,971 INFO httpx — HTTP Request: POST http://localhost:11434/v1/chat/completions "HTTP/1.1 200 OK"
2026-04-26 21:36:20,671 INFO httpx — HTTP Request: POST http://localhost:11434/v1/chat/completions "HTTP/1.1 200 OK"
2026-04-26 21:36:33,176 INFO httpx — HTTP Request: POST http://localhost:11434/v1/chat/completions "HTTP/1.1 200 OK"
2026-04-26 21:36:44,653 INFO httpx — HTTP Request: POST http://localhost:11434/v1/chat/completions "HTTP/1.1 200 OK"
2026-04-26 21:36:56,600 INFO httpx — HTTP Request: POST http://localhost:11434/v1/chat/completions "HTTP/1.1 200 OK"
2026-04-26 21:37:07,579 INFO httpx — HTTP Request: POST http://localhost:11434/v1/chat/completions "HTTP/1.1 200 OK"
2026-04-26 21:37:19,279 INFO httpx — HTTP Request: POST http://localhost:11434/v1/chat/completions "HTTP/1.1 200 OK"
2026-04-26 21:37:29,729 INFO httpx — HTTP Request: POST http://localhost:11434/v1/chat/completions "HTTP/1.1 200 OK"
2026-04-26 21:37:41,215 INFO httpx — HTTP Request: POST http://localhost:11434/v1/chat/completions "HTTP/1.1 200 OK"
2026-04-26 21:37:52,143 INFO httpx — HTTP Request: POST http://localhost:11434/v1/chat/completions "HTTP/1.1 200 OK"
2026-04-26 21:38:04,509 INFO httpx — HTTP Request: POST http://localhost:11434/v1/chat/completions "HTTP/1.1 200 OK"
2026-04-26 21:38:16,896 INFO httpx — HTTP Request: POST http://localhost:11434/v1/chat/completions "HTTP/1.1 200 OK"
2026-04-26 21:38:28,303 INFO httpx — HTTP Request: POST http://localhost:11434/v1/chat/completions "HTTP/1.1 200 OK"
2026-04-26 21:38:39,617 INFO httpx — HTTP Request: POST http://localhost:11434/v1/chat/completions "HTTP/1.1 200 OK"
2026-04-26 21:38:50,472 INFO httpx — HTTP Request: POST http://localhost:11434/v1/chat/completions "HTTP/1.1 200 OK"
2026-04-26 21:39:01,507 INFO httpx — HTTP Request: POST http://localhost:11434/v1/chat/completions "HTTP/1.1 200 OK"
2026-04-26 21:39:17,757 INFO httpx — HTTP Request: POST http://localhost:11434/v1/chat/completions "HTTP/1.1 200 OK"
2026-04-26 21:39:28,367 INFO httpx — HTTP Request: POST http://localhost:11434/v1/chat/completions "HTTP/1.1 200 OK"
2026-04-26 21:39:40,843 INFO httpx — HTTP Request: POST http://localhost:11434/v1/chat/completions "HTTP/1.1 200 OK"
2026-04-26 21:39:52,230 INFO httpx — HTTP Request: POST http://localhost:11434/v1/chat/completions "HTTP/1.1 200 OK"
2026-04-26 21:40:03,752 INFO httpx — HTTP Request: POST http://localhost:11434/v1/chat/completions "HTTP/1.1 200 OK"
2026-04-26 21:40:25,986 INFO httpx — HTTP Request: POST http://localhost:11434/v1/chat/completions "HTTP/1.1 200 OK"
2026-04-26 21:40:37,433 INFO httpx — HTTP Request: POST http://localhost:11434/v1/chat/completions "HTTP/1.1 200 OK"
2026-04-26 21:40:47,844 INFO httpx — HTTP Request: POST http://localhost:11434/v1/chat/completions "HTTP/1.1 200 OK"
2026-04-26 21:40:59,938 INFO httpx — HTTP Request: POST http://localhost:11434/v1/chat/completions "HTTP/1.1 200 OK"
2026-04-26 21:41:09,712 INFO httpx — HTTP Request: POST http://localhost:11434/v1/chat/completions "HTTP/1.1 200 OK"
2026-04-26 21:41:21,421 INFO httpx — HTTP Request: POST http://localhost:11434/v1/chat/completions "HTTP/1.1 200 OK"
2026-04-26 21:41:33,630 INFO httpx — HTTP Request: POST http://localhost:11434/v1/chat/completions "HTTP/1.1 200 OK"
2026-04-26 21:41:53,924 INFO httpx — HTTP Request: POST http://localhost:11434/v1/chat/completions "HTTP/1.1 200 OK"
2026-04-26 21:42:05,149 INFO httpx — HTTP Request: POST http://localhost:11434/v1/chat/completions "HTTP/1.1 200 OK"
2026-04-26 21:42:17,002 INFO httpx — HTTP Request: POST http://localhost:11434/v1/chat/completions "HTTP/1.1 200 OK"
2026-04-26 21:42:36,410 INFO httpx — HTTP Request: POST http://localhost:11434/v1/chat/completions "HTTP/1.1 200 OK"
2026-04-26 21:42:47,482 INFO httpx — HTTP Request: POST http://localhost:11434/v1/chat/completions "HTTP/1.1 200 OK"
2026-04-26 21:42:59,171 INFO httpx — HTTP Request: POST http://localhost:11434/v1/chat/completions "HTTP/1.1 200 OK"
2026-04-26 21:43:09,389 INFO httpx — HTTP Request: POST http://localhost:11434/v1/chat/completions "HTTP/1.1 200 OK"
2026-04-26 21:43:21,020 INFO httpx — HTTP Request: POST http://localhost:11434/v1/chat/completions "HTTP/1.1 200 OK"
2026-04-26 21:43:37,825 INFO httpx — HTTP Request: POST http://localhost:11434/v1/chat/completions "HTTP/1.1 200 OK"
2026-04-26 21:43:50,006 INFO httpx — HTTP Request: POST http://localhost:11434/v1/chat/completions "HTTP/1.1 200 OK"
2026-04-26 21:44:01,108 INFO httpx — HTTP Request: POST http://localhost:11434/v1/chat/completions "HTTP/1.1 200 OK"
2026-04-26 21:44:12,118 INFO httpx — HTTP Request: POST http://localhost:11434/v1/chat/completions "HTTP/1.1 200 OK"
2026-04-26 21:44:22,459 INFO httpx — HTTP Request: POST http://localhost:11434/v1/chat/completions "HTTP/1.1 200 OK"
2026-04-26 21:44:32,868 INFO httpx — HTTP Request: POST http://localhost:11434/v1/chat/completions "HTTP/1.1 200 OK"
2026-04-26 21:44:43,108 INFO httpx — HTTP Request: POST http://localhost:11434/v1/chat/completions "HTTP/1.1 200 OK"
2026-04-26 21:44:53,681 INFO httpx — HTTP Request: POST http://localhost:11434/v1/chat/completions "HTTP/1.1 200 OK"
2026-04-26 21:45:02,982 INFO httpx — HTTP Request: POST http://localhost:11434/v1/chat/completions "HTTP/1.1 200 OK"
2026-04-26 21:45:15,990 INFO httpx — HTTP Request: POST http://localhost:11434/v1/chat/completions "HTTP/1.1 200 OK"
2026-04-26 21:45:28,227 INFO httpx — HTTP Request: POST http://localhost:11434/v1/chat/completions "HTTP/1.1 200 OK"
2026-04-26 21:45:38,988 INFO httpx — HTTP Request: POST http://localhost:11434/v1/chat/completions "HTTP/1.1 200 OK"
2026-04-26 21:45:52,013 INFO httpx — HTTP Request: POST http://localhost:11434/v1/chat/completions "HTTP/1.1 200 OK"
2026-04-26 21:46:02,805 INFO __main__ — Condition blind_reasoning: completed 4/5 (attempt 4, replacements: 0)
2026-04-26 21:46:03,669 INFO httpx — HTTP Request: POST http://localhost:11434/v1/chat/completions "HTTP/1.1 200 OK"
2026-04-26 21:46:14,520 INFO httpx — HTTP Request: POST http://localhost:11434/v1/chat/completions "HTTP/1.1 200 OK"
2026-04-26 21:46:25,675 INFO httpx — HTTP Request: POST http://localhost:11434/v1/chat/completions "HTTP/1.1 200 OK"
2026-04-26 21:46:35,848 INFO httpx — HTTP Request: POST http://localhost:11434/v1/chat/completions "HTTP/1.1 200 OK"
2026-04-26 21:46:46,001 INFO httpx — HTTP Request: POST http://localhost:11434/v1/chat/completions "HTTP/1.1 200 OK"
2026-04-26 21:46:58,302 INFO httpx — HTTP Request: POST http://localhost:11434/v1/chat/completions "HTTP/1.1 200 OK"
2026-04-26 21:47:09,126 INFO httpx — HTTP Request: POST http://localhost:11434/v1/chat/completions "HTTP/1.1 200 OK"
2026-04-26 21:47:21,151 INFO httpx — HTTP Request: POST http://localhost:11434/v1/chat/completions "HTTP/1.1 200 OK"
2026-04-26 21:47:32,537 INFO httpx — HTTP Request: POST http://localhost:11434/v1/chat/completions "HTTP/1.1 200 OK"
2026-04-26 21:47:45,383 INFO httpx — HTTP Request: POST http://localhost:11434/v1/chat/completions "HTTP/1.1 200 OK"
2026-04-26 21:47:54,673 INFO httpx — HTTP Request: POST http://localhost:11434/v1/chat/completions "HTTP/1.1 200 OK"
2026-04-26 21:48:04,419 INFO httpx — HTTP Request: POST http://localhost:11434/v1/chat/completions "HTTP/1.1 200 OK"
2026-04-26 21:48:21,614 INFO httpx — HTTP Request: POST http://localhost:11434/v1/chat/completions "HTTP/1.1 200 OK"
2026-04-26 21:48:32,586 INFO httpx — HTTP Request: POST http://localhost:11434/v1/chat/completions "HTTP/1.1 200 OK"
2026-04-26 21:48:44,783 INFO httpx — HTTP Request: POST http://localhost:11434/v1/chat/completions "HTTP/1.1 200 OK"
2026-04-26 21:48:56,804 INFO httpx — HTTP Request: POST http://localhost:11434/v1/chat/completions "HTTP/1.1 200 OK"
2026-04-26 21:49:06,526 INFO httpx — HTTP Request: POST http://localhost:11434/v1/chat/completions "HTTP/1.1 200 OK"
2026-04-26 21:49:23,387 INFO httpx — HTTP Request: POST http://localhost:11434/v1/chat/completions "HTTP/1.1 200 OK"
2026-04-26 21:49:35,317 INFO httpx — HTTP Request: POST http://localhost:11434/v1/chat/completions "HTTP/1.1 200 OK"
2026-04-26 21:49:48,450 INFO httpx — HTTP Request: POST http://localhost:11434/v1/chat/completions "HTTP/1.1 200 OK"
2026-04-26 21:50:05,828 INFO httpx — HTTP Request: POST http://localhost:11434/v1/chat/completions "HTTP/1.1 200 OK"
2026-04-26 21:50:18,139 INFO httpx — HTTP Request: POST http://localhost:11434/v1/chat/completions "HTTP/1.1 200 OK"
2026-04-26 21:50:29,559 INFO httpx — HTTP Request: POST http://localhost:11434/v1/chat/completions "HTTP/1.1 200 OK"
2026-04-26 21:50:44,164 INFO httpx — HTTP Request: POST http://localhost:11434/v1/chat/completions "HTTP/1.1 200 OK"
2026-04-26 21:50:58,831 INFO httpx — HTTP Request: POST http://localhost:11434/v1/chat/completions "HTTP/1.1 200 OK"
2026-04-26 21:51:12,291 INFO httpx — HTTP Request: POST http://localhost:11434/v1/chat/completions "HTTP/1.1 200 OK"
2026-04-26 21:51:30,402 INFO httpx — HTTP Request: POST http://localhost:11434/v1/chat/completions "HTTP/1.1 200 OK"
2026-04-26 21:51:44,753 INFO httpx — HTTP Request: POST http://localhost:11434/v1/chat/completions "HTTP/1.1 200 OK"
2026-04-26 21:51:58,612 INFO httpx — HTTP Request: POST http://localhost:11434/v1/chat/completions "HTTP/1.1 200 OK"
2026-04-26 21:52:18,954 INFO httpx — HTTP Request: POST http://localhost:11434/v1/chat/completions "HTTP/1.1 200 OK"
2026-04-26 21:52:35,211 INFO httpx — HTTP Request: POST http://localhost:11434/v1/chat/completions "HTTP/1.1 200 OK"
2026-04-26 21:52:50,355 INFO httpx — HTTP Request: POST http://localhost:11434/v1/chat/completions "HTTP/1.1 200 OK"
2026-04-26 21:53:15,422 INFO httpx — HTTP Request: POST http://localhost:11434/v1/chat/completions "HTTP/1.1 200 OK"
2026-04-26 21:53:34,501 INFO httpx — HTTP Request: POST http://localhost:11434/v1/chat/completions "HTTP/1.1 200 OK"
2026-04-26 21:53:45,865 INFO httpx — HTTP Request: POST http://localhost:11434/v1/chat/completions "HTTP/1.1 200 OK"
2026-04-26 21:54:05,935 INFO httpx — HTTP Request: POST http://localhost:11434/v1/chat/completions "HTTP/1.1 200 OK"
2026-04-26 21:54:24,993 INFO httpx — HTTP Request: POST http://localhost:11434/v1/chat/completions "HTTP/1.1 200 OK"
2026-04-26 21:54:40,517 INFO httpx — HTTP Request: POST http://localhost:11434/v1/chat/completions "HTTP/1.1 200 OK"
2026-04-26 21:55:05,003 INFO httpx — HTTP Request: POST http://localhost:11434/v1/chat/completions "HTTP/1.1 200 OK"
2026-04-26 21:55:24,881 INFO httpx — HTTP Request: POST http://localhost:11434/v1/chat/completions "HTTP/1.1 200 OK"
2026-04-26 21:55:39,940 INFO httpx — HTTP Request: POST http://localhost:11434/v1/chat/completions "HTTP/1.1 200 OK"
2026-04-26 21:55:54,452 INFO httpx — HTTP Request: POST http://localhost:11434/v1/chat/completions "HTTP/1.1 200 OK"
2026-04-26 21:56:16,335 INFO httpx — HTTP Request: POST http://localhost:11434/v1/chat/completions "HTTP/1.1 200 OK"
2026-04-26 21:56:30,633 INFO httpx — HTTP Request: POST http://localhost:11434/v1/chat/completions "HTTP/1.1 200 OK"
2026-04-26 21:56:46,700 INFO httpx — HTTP Request: POST http://localhost:11434/v1/chat/completions "HTTP/1.1 200 OK"
2026-04-26 21:57:02,682 INFO httpx — HTTP Request: POST http://localhost:11434/v1/chat/completions "HTTP/1.1 200 OK"
2026-04-26 21:57:14,849 INFO httpx — HTTP Request: POST http://localhost:11434/v1/chat/completions "HTTP/1.1 200 OK"
2026-04-26 21:57:31,042 INFO httpx — HTTP Request: POST http://localhost:11434/v1/chat/completions "HTTP/1.1 200 OK"
2026-04-26 21:57:41,651 INFO httpx — HTTP Request: POST http://localhost:11434/v1/chat/completions "HTTP/1.1 200 OK"
2026-04-26 21:57:56,878 INFO httpx — HTTP Request: POST http://localhost:11434/v1/chat/completions "HTTP/1.1 200 OK"
2026-04-26 21:58:15,060 INFO httpx — HTTP Request: POST http://localhost:11434/v1/chat/completions "HTTP/1.1 200 OK"
2026-04-26 21:58:29,716 INFO httpx — HTTP Request: POST http://localhost:11434/v1/chat/completions "HTTP/1.1 200 OK"
2026-04-26 21:58:42,166 INFO httpx — HTTP Request: POST http://localhost:11434/v1/chat/completions "HTTP/1.1 200 OK"
2026-04-26 21:59:05,820 INFO httpx — HTTP Request: POST http://localhost:11434/v1/chat/completions "HTTP/1.1 200 OK"
2026-04-26 21:59:23,374 INFO httpx — HTTP Request: POST http://localhost:11434/v1/chat/completions "HTTP/1.1 200 OK"
2026-04-26 21:59:35,305 INFO httpx — HTTP Request: POST http://localhost:11434/v1/chat/completions "HTTP/1.1 200 OK"
2026-04-26 22:00:03,552 INFO httpx — HTTP Request: POST http://localhost:11434/v1/chat/completions "HTTP/1.1 200 OK"
2026-04-26 22:00:18,054 INFO httpx — HTTP Request: POST http://localhost:11434/v1/chat/completions "HTTP/1.1 200 OK"
2026-04-26 22:00:29,955 INFO httpx — HTTP Request: POST http://localhost:11434/v1/chat/completions "HTTP/1.1 200 OK"
2026-04-26 22:00:45,233 INFO httpx — HTTP Request: POST http://localhost:11434/v1/chat/completions "HTTP/1.1 200 OK"
2026-04-26 22:01:00,913 INFO httpx — HTTP Request: POST http://localhost:11434/v1/chat/completions "HTTP/1.1 200 OK"
2026-04-26 22:01:16,003 INFO httpx — HTTP Request: POST http://localhost:11434/v1/chat/completions "HTTP/1.1 200 OK"
2026-04-26 22:01:34,416 INFO httpx — HTTP Request: POST http://localhost:11434/v1/chat/completions "HTTP/1.1 200 OK"
2026-04-26 22:01:46,453 INFO httpx — HTTP Request: POST http://localhost:11434/v1/chat/completions "HTTP/1.1 200 OK"
2026-04-26 22:02:02,519 INFO httpx — HTTP Request: POST http://localhost:11434/v1/chat/completions "HTTP/1.1 200 OK"
2026-04-26 22:02:29,793 INFO httpx — HTTP Request: POST http://localhost:11434/v1/chat/completions "HTTP/1.1 200 OK"
2026-04-26 22:02:46,641 INFO httpx — HTTP Request: POST http://localhost:11434/v1/chat/completions "HTTP/1.1 200 OK"
2026-04-26 22:03:01,198 INFO httpx — HTTP Request: POST http://localhost:11434/v1/chat/completions "HTTP/1.1 200 OK"
2026-04-26 22:03:19,516 INFO httpx — HTTP Request: POST http://localhost:11434/v1/chat/completions "HTTP/1.1 200 OK"
2026-04-26 22:03:33,072 INFO httpx — HTTP Request: POST http://localhost:11434/v1/chat/completions "HTTP/1.1 200 OK"
2026-04-26 22:03:44,600 INFO httpx — HTTP Request: POST http://localhost:11434/v1/chat/completions "HTTP/1.1 200 OK"
2026-04-26 22:04:02,310 INFO httpx — HTTP Request: POST http://localhost:11434/v1/chat/completions "HTTP/1.1 200 OK"
2026-04-26 22:04:18,476 INFO httpx — HTTP Request: POST http://localhost:11434/v1/chat/completions "HTTP/1.1 200 OK"
2026-04-26 22:04:31,287 INFO httpx — HTTP Request: POST http://localhost:11434/v1/chat/completions "HTTP/1.1 200 OK"
2026-04-26 22:04:58,734 INFO httpx — HTTP Request: POST http://localhost:11434/v1/chat/completions "HTTP/1.1 200 OK"
2026-04-26 22:05:14,221 INFO httpx — HTTP Request: POST http://localhost:11434/v1/chat/completions "HTTP/1.1 200 OK"
2026-04-26 22:05:27,798 INFO httpx — HTTP Request: POST http://localhost:11434/v1/chat/completions "HTTP/1.1 200 OK"
2026-04-26 22:05:46,601 INFO httpx — HTTP Request: POST http://localhost:11434/v1/chat/completions "HTTP/1.1 200 OK"
2026-04-26 22:06:01,528 INFO httpx — HTTP Request: POST http://localhost:11434/v1/chat/completions "HTTP/1.1 200 OK"
2026-04-26 22:06:13,300 INFO httpx — HTTP Request: POST http://localhost:11434/v1/chat/completions "HTTP/1.1 200 OK"
2026-04-26 22:06:28,741 INFO httpx — HTTP Request: POST http://localhost:11434/v1/chat/completions "HTTP/1.1 200 OK"
2026-04-26 22:06:41,533 INFO httpx — HTTP Request: POST http://localhost:11434/v1/chat/completions "HTTP/1.1 200 OK"
2026-04-26 22:06:54,399 INFO httpx — HTTP Request: POST http://localhost:11434/v1/chat/completions "HTTP/1.1 200 OK"
2026-04-26 22:07:13,240 INFO httpx — HTTP Request: POST http://localhost:11434/v1/chat/completions "HTTP/1.1 200 OK"
2026-04-26 22:07:23,829 INFO httpx — HTTP Request: POST http://localhost:11434/v1/chat/completions "HTTP/1.1 200 OK"
2026-04-26 22:07:38,012 INFO httpx — HTTP Request: POST http://localhost:11434/v1/chat/completions "HTTP/1.1 200 OK"
2026-04-26 22:07:53,210 INFO httpx — HTTP Request: POST http://localhost:11434/v1/chat/completions "HTTP/1.1 200 OK"
2026-04-26 22:08:07,455 INFO httpx — HTTP Request: POST http://localhost:11434/v1/chat/completions "HTTP/1.1 200 OK"
2026-04-26 22:08:18,049 INFO httpx — HTTP Request: POST http://localhost:11434/v1/chat/completions "HTTP/1.1 200 OK"
2026-04-26 22:08:31,833 INFO httpx — HTTP Request: POST http://localhost:11434/v1/chat/completions "HTTP/1.1 200 OK"
2026-04-26 22:08:44,337 INFO httpx — HTTP Request: POST http://localhost:11434/v1/chat/completions "HTTP/1.1 200 OK"
2026-04-26 22:08:55,302 INFO httpx — HTTP Request: POST http://localhost:11434/v1/chat/completions "HTTP/1.1 200 OK"
2026-04-26 22:09:13,174 INFO httpx — HTTP Request: POST http://localhost:11434/v1/chat/completions "HTTP/1.1 200 OK"
2026-04-26 22:09:29,947 INFO httpx — HTTP Request: POST http://localhost:11434/v1/chat/completions "HTTP/1.1 200 OK"
2026-04-26 22:09:38,501 INFO httpx — HTTP Request: POST http://localhost:11434/v1/chat/completions "HTTP/1.1 200 OK"
2026-04-26 22:09:52,105 INFO httpx — HTTP Request: POST http://localhost:11434/v1/chat/completions "HTTP/1.1 200 OK"
2026-04-26 22:10:05,310 INFO httpx — HTTP Request: POST http://localhost:11434/v1/chat/completions "HTTP/1.1 200 OK"
2026-04-26 22:10:17,568 INFO httpx — HTTP Request: POST http://localhost:11434/v1/chat/completions "HTTP/1.1 200 OK"
2026-04-26 22:10:37,337 INFO httpx — HTTP Request: POST http://localhost:11434/v1/chat/completions "HTTP/1.1 200 OK"
2026-04-26 22:10:49,286 INFO httpx — HTTP Request: POST http://localhost:11434/v1/chat/completions "HTTP/1.1 200 OK"
2026-04-26 22:11:02,063 INFO httpx — HTTP Request: POST http://localhost:11434/v1/chat/completions "HTTP/1.1 200 OK"
2026-04-26 22:11:26,048 INFO httpx — HTTP Request: POST http://localhost:11434/v1/chat/completions "HTTP/1.1 200 OK"
2026-04-26 22:11:42,955 INFO httpx — HTTP Request: POST http://localhost:11434/v1/chat/completions "HTTP/1.1 200 OK"
2026-04-26 22:11:57,332 INFO httpx — HTTP Request: POST http://localhost:11434/v1/chat/completions "HTTP/1.1 200 OK"
2026-04-26 22:12:16,417 INFO httpx — HTTP Request: POST http://localhost:11434/v1/chat/completions "HTTP/1.1 200 OK"
2026-04-26 22:12:31,855 INFO __main__ — Condition blind_reasoning: completed 5/5 (attempt 5, replacements: 0)
2026-04-26 22:12:31,855 INFO __main__ — Condition blind_reasoning: finished — 5 valid runs in 5 attempts (0 replacement(s))
2026-04-26 22:12:31,862 INFO __main__ — Checkpoint written (530 records so far)
2026-04-26 22:12:34,612 INFO httpx — HTTP Request: POST http://localhost:11434/v1/chat/completions "HTTP/1.1 200 OK"
2026-04-26 22:12:48,430 INFO httpx — HTTP Request: POST http://localhost:11434/v1/chat/completions "HTTP/1.1 200 OK"
2026-04-26 22:13:07,179 INFO httpx — HTTP Request: POST http://localhost:11434/v1/chat/completions "HTTP/1.1 200 OK"
2026-04-26 22:13:25,105 INFO httpx — HTTP Request: POST http://localhost:11434/v1/chat/completions "HTTP/1.1 200 OK"
2026-04-26 22:13:35,719 INFO httpx — HTTP Request: POST http://localhost:11434/v1/chat/completions "HTTP/1.1 200 OK"
2026-04-26 22:13:53,729 INFO httpx — HTTP Request: POST http://localhost:11434/v1/chat/completions "HTTP/1.1 200 OK"
2026-04-26 22:14:12,005 INFO httpx — HTTP Request: POST http://localhost:11434/v1/chat/completions "HTTP/1.1 200 OK"
2026-04-26 22:14:28,023 INFO httpx — HTTP Request: POST http://localhost:11434/v1/chat/completions "HTTP/1.1 200 OK"
2026-04-26 22:14:47,119 INFO httpx — HTTP Request: POST http://localhost:11434/v1/chat/completions "HTTP/1.1 200 OK"
2026-04-26 22:15:00,108 INFO httpx — HTTP Request: POST http://localhost:11434/v1/chat/completions "HTTP/1.1 200 OK"
2026-04-26 22:15:10,216 INFO httpx — HTTP Request: POST http://localhost:11434/v1/chat/completions "HTTP/1.1 200 OK"
2026-04-26 22:15:23,158 INFO httpx — HTTP Request: POST http://localhost:11434/v1/chat/completions "HTTP/1.1 200 OK"
2026-04-26 22:15:34,482 INFO httpx — HTTP Request: POST http://localhost:11434/v1/chat/completions "HTTP/1.1 200 OK"
2026-04-26 22:15:44,523 INFO httpx — HTTP Request: POST http://localhost:11434/v1/chat/completions "HTTP/1.1 200 OK"
2026-04-26 22:16:00,677 INFO httpx — HTTP Request: POST http://localhost:11434/v1/chat/completions "HTTP/1.1 200 OK"
2026-04-26 22:16:16,599 INFO httpx — HTTP Request: POST http://localhost:11434/v1/chat/completions "HTTP/1.1 200 OK"
2026-04-26 22:16:32,731 INFO httpx — HTTP Request: POST http://localhost:11434/v1/chat/completions "HTTP/1.1 200 OK"
2026-04-26 22:16:47,493 INFO httpx — HTTP Request: POST http://localhost:11434/v1/chat/completions "HTTP/1.1 200 OK"
2026-04-26 22:17:00,571 INFO httpx — HTTP Request: POST http://localhost:11434/v1/chat/completions "HTTP/1.1 200 OK"
2026-04-26 22:17:13,024 INFO httpx — HTTP Request: POST http://localhost:11434/v1/chat/completions "HTTP/1.1 200 OK"
2026-04-26 22:17:40,155 INFO httpx — HTTP Request: POST http://localhost:11434/v1/chat/completions "HTTP/1.1 200 OK"
2026-04-26 22:17:56,518 INFO httpx — HTTP Request: POST http://localhost:11434/v1/chat/completions "HTTP/1.1 200 OK"
2026-04-26 22:18:10,184 INFO httpx — HTTP Request: POST http://localhost:11434/v1/chat/completions "HTTP/1.1 200 OK"
2026-04-26 22:18:24,575 INFO httpx — HTTP Request: POST http://localhost:11434/v1/chat/completions "HTTP/1.1 200 OK"
2026-04-26 22:18:41,738 INFO httpx — HTTP Request: POST http://localhost:11434/v1/chat/completions "HTTP/1.1 200 OK"
2026-04-26 22:18:53,356 INFO httpx — HTTP Request: POST http://localhost:11434/v1/chat/completions "HTTP/1.1 200 OK"
2026-04-26 22:19:11,962 INFO httpx — HTTP Request: POST http://localhost:11434/v1/chat/completions "HTTP/1.1 200 OK"
2026-04-26 22:19:24,507 INFO httpx — HTTP Request: POST http://localhost:11434/v1/chat/completions "HTTP/1.1 200 OK"
2026-04-26 22:19:41,515 INFO httpx — HTTP Request: POST http://localhost:11434/v1/chat/completions "HTTP/1.1 200 OK"
2026-04-26 22:19:59,090 INFO httpx — HTTP Request: POST http://localhost:11434/v1/chat/completions "HTTP/1.1 200 OK"
2026-04-26 22:20:12,290 INFO httpx — HTTP Request: POST http://localhost:11434/v1/chat/completions "HTTP/1.1 200 OK"
2026-04-26 22:20:22,753 INFO httpx — HTTP Request: POST http://localhost:11434/v1/chat/completions "HTTP/1.1 200 OK"
2026-04-26 22:20:49,352 INFO httpx — HTTP Request: POST http://localhost:11434/v1/chat/completions "HTTP/1.1 200 OK"
2026-04-26 22:21:06,881 INFO httpx — HTTP Request: POST http://localhost:11434/v1/chat/completions "HTTP/1.1 200 OK"
2026-04-26 22:21:21,237 INFO httpx — HTTP Request: POST http://localhost:11434/v1/chat/completions "HTTP/1.1 200 OK"
2026-04-26 22:21:37,283 INFO httpx — HTTP Request: POST http://localhost:11434/v1/chat/completions "HTTP/1.1 200 OK"
2026-04-26 22:21:50,807 INFO httpx — HTTP Request: POST http://localhost:11434/v1/chat/completions "HTTP/1.1 200 OK"
2026-04-26 22:22:03,377 INFO httpx — HTTP Request: POST http://localhost:11434/v1/chat/completions "HTTP/1.1 200 OK"
2026-04-26 22:22:19,369 INFO httpx — HTTP Request: POST http://localhost:11434/v1/chat/completions "HTTP/1.1 200 OK"
2026-04-26 22:22:31,552 INFO httpx — HTTP Request: POST http://localhost:11434/v1/chat/completions "HTTP/1.1 200 OK"
2026-04-26 22:22:43,575 INFO httpx — HTTP Request: POST http://localhost:11434/v1/chat/completions "HTTP/1.1 200 OK"
2026-04-26 22:23:02,421 INFO httpx — HTTP Request: POST http://localhost:11434/v1/chat/completions "HTTP/1.1 200 OK"
2026-04-26 22:23:19,669 INFO httpx — HTTP Request: POST http://localhost:11434/v1/chat/completions "HTTP/1.1 200 OK"
2026-04-26 22:23:34,547 INFO httpx — HTTP Request: POST http://localhost:11434/v1/chat/completions "HTTP/1.1 200 OK"
2026-04-26 22:23:49,057 INFO httpx — HTTP Request: POST http://localhost:11434/v1/chat/completions "HTTP/1.1 200 OK"
2026-04-26 22:24:04,250 INFO httpx — HTTP Request: POST http://localhost:11434/v1/chat/completions "HTTP/1.1 200 OK"
2026-04-26 22:24:15,795 INFO httpx — HTTP Request: POST http://localhost:11434/v1/chat/completions "HTTP/1.1 200 OK"
2026-04-26 22:24:25,600 INFO httpx — HTTP Request: POST http://localhost:11434/v1/chat/completions "HTTP/1.1 200 OK"
2026-04-26 22:24:36,541 INFO httpx — HTTP Request: POST http://localhost:11434/v1/chat/completions "HTTP/1.1 200 OK"
2026-04-26 22:24:47,426 INFO httpx — HTTP Request: POST http://localhost:11434/v1/chat/completions "HTTP/1.1 200 OK"
2026-04-26 22:25:02,221 INFO httpx — HTTP Request: POST http://localhost:11434/v1/chat/completions "HTTP/1.1 200 OK"
2026-04-26 22:25:13,657 INFO httpx — HTTP Request: POST http://localhost:11434/v1/chat/completions "HTTP/1.1 200 OK"
2026-04-26 22:25:25,916 INFO httpx — HTTP Request: POST http://localhost:11434/v1/chat/completions "HTTP/1.1 200 OK"
2026-04-26 22:25:42,668 INFO httpx — HTTP Request: POST http://localhost:11434/v1/chat/completions "HTTP/1.1 200 OK"
2026-04-26 22:25:56,017 INFO httpx — HTTP Request: POST http://localhost:11434/v1/chat/completions "HTTP/1.1 200 OK"
2026-04-26 22:26:07,075 INFO httpx — HTTP Request: POST http://localhost:11434/v1/chat/completions "HTTP/1.1 200 OK"
2026-04-26 22:26:22,676 INFO httpx — HTTP Request: POST http://localhost:11434/v1/chat/completions "HTTP/1.1 200 OK"
2026-04-26 22:26:33,399 INFO httpx — HTTP Request: POST http://localhost:11434/v1/chat/completions "HTTP/1.1 200 OK"
2026-04-26 22:26:46,065 INFO httpx — HTTP Request: POST http://localhost:11434/v1/chat/completions "HTTP/1.1 200 OK"
2026-04-26 22:27:03,054 INFO httpx — HTTP Request: POST http://localhost:11434/v1/chat/completions "HTTP/1.1 200 OK"
2026-04-26 22:27:17,756 INFO httpx — HTTP Request: POST http://localhost:11434/v1/chat/completions "HTTP/1.1 200 OK"
2026-04-26 22:27:27,970 INFO httpx — HTTP Request: POST http://localhost:11434/v1/chat/completions "HTTP/1.1 200 OK"
2026-04-26 22:27:55,707 INFO httpx — HTTP Request: POST http://localhost:11434/v1/chat/completions "HTTP/1.1 200 OK"
2026-04-26 22:28:09,824 INFO httpx — HTTP Request: POST http://localhost:11434/v1/chat/completions "HTTP/1.1 200 OK"
2026-04-26 22:28:21,636 INFO httpx — HTTP Request: POST http://localhost:11434/v1/chat/completions "HTTP/1.1 200 OK"
2026-04-26 22:28:42,898 INFO httpx — HTTP Request: POST http://localhost:11434/v1/chat/completions "HTTP/1.1 200 OK"
2026-04-26 22:28:56,357 INFO httpx — HTTP Request: POST http://localhost:11434/v1/chat/completions "HTTP/1.1 200 OK"
2026-04-26 22:29:08,674 INFO httpx — HTTP Request: POST http://localhost:11434/v1/chat/completions "HTTP/1.1 200 OK"
2026-04-26 22:29:33,294 INFO httpx — HTTP Request: POST http://localhost:11434/v1/chat/completions "HTTP/1.1 200 OK"
2026-04-26 22:29:46,245 INFO httpx — HTTP Request: POST http://localhost:11434/v1/chat/completions "HTTP/1.1 200 OK"
2026-04-26 22:30:02,345 INFO httpx — HTTP Request: POST http://localhost:11434/v1/chat/completions "HTTP/1.1 200 OK"
2026-04-26 22:30:19,920 INFO httpx — HTTP Request: POST http://localhost:11434/v1/chat/completions "HTTP/1.1 200 OK"
2026-04-26 22:30:33,624 INFO httpx — HTTP Request: POST http://localhost:11434/v1/chat/completions "HTTP/1.1 200 OK"
2026-04-26 22:30:46,476 INFO httpx — HTTP Request: POST http://localhost:11434/v1/chat/completions "HTTP/1.1 200 OK"
2026-04-26 22:31:01,855 INFO httpx — HTTP Request: POST http://localhost:11434/v1/chat/completions "HTTP/1.1 200 OK"
2026-04-26 22:31:14,751 INFO httpx — HTTP Request: POST http://localhost:11434/v1/chat/completions "HTTP/1.1 200 OK"
2026-04-26 22:31:25,734 INFO httpx — HTTP Request: POST http://localhost:11434/v1/chat/completions "HTTP/1.1 200 OK"
2026-04-26 22:31:41,267 INFO httpx — HTTP Request: POST http://localhost:11434/v1/chat/completions "HTTP/1.1 200 OK"
2026-04-26 22:32:02,971 INFO httpx — HTTP Request: POST http://localhost:11434/v1/chat/completions "HTTP/1.1 200 OK"
2026-04-26 22:32:19,156 INFO httpx — HTTP Request: POST http://localhost:11434/v1/chat/completions "HTTP/1.1 200 OK"
2026-04-26 22:32:37,880 INFO httpx — HTTP Request: POST http://localhost:11434/v1/chat/completions "HTTP/1.1 200 OK"
2026-04-26 22:32:50,274 INFO httpx — HTTP Request: POST http://localhost:11434/v1/chat/completions "HTTP/1.1 200 OK"
2026-04-26 22:33:01,476 INFO httpx — HTTP Request: POST http://localhost:11434/v1/chat/completions "HTTP/1.1 200 OK"
2026-04-26 22:33:14,369 INFO httpx — HTTP Request: POST http://localhost:11434/v1/chat/completions "HTTP/1.1 200 OK"
2026-04-26 22:33:27,291 INFO httpx — HTTP Request: POST http://localhost:11434/v1/chat/completions "HTTP/1.1 200 OK"
2026-04-26 22:33:39,232 INFO httpx — HTTP Request: POST http://localhost:11434/v1/chat/completions "HTTP/1.1 200 OK"
2026-04-26 22:33:55,831 INFO httpx — HTTP Request: POST http://localhost:11434/v1/chat/completions "HTTP/1.1 200 OK"
2026-04-26 22:34:10,912 INFO httpx — HTTP Request: POST http://localhost:11434/v1/chat/completions "HTTP/1.1 200 OK"
2026-04-26 22:34:29,306 INFO httpx — HTTP Request: POST http://localhost:11434/v1/chat/completions "HTTP/1.1 200 OK"
2026-04-26 22:34:44,682 INFO httpx — HTTP Request: POST http://localhost:11434/v1/chat/completions "HTTP/1.1 200 OK"
2026-04-26 22:34:58,095 INFO httpx — HTTP Request: POST http://localhost:11434/v1/chat/completions "HTTP/1.1 200 OK"
2026-04-26 22:35:13,626 INFO httpx — HTTP Request: POST http://localhost:11434/v1/chat/completions "HTTP/1.1 200 OK"
2026-04-26 22:35:36,006 INFO httpx — HTTP Request: POST http://localhost:11434/v1/chat/completions "HTTP/1.1 200 OK"
2026-04-26 22:35:48,329 INFO httpx — HTTP Request: POST http://localhost:11434/v1/chat/completions "HTTP/1.1 200 OK"
2026-04-26 22:36:02,339 INFO httpx — HTTP Request: POST http://localhost:11434/v1/chat/completions "HTTP/1.1 200 OK"
2026-04-26 22:36:21,411 INFO httpx — HTTP Request: POST http://localhost:11434/v1/chat/completions "HTTP/1.1 200 OK"
2026-04-26 22:36:38,209 INFO httpx — HTTP Request: POST http://localhost:11434/v1/chat/completions "HTTP/1.1 200 OK"
2026-04-26 22:36:48,617 INFO httpx — HTTP Request: POST http://localhost:11434/v1/chat/completions "HTTP/1.1 200 OK"
2026-04-26 22:37:08,751 INFO httpx — HTTP Request: POST http://localhost:11434/v1/chat/completions "HTTP/1.1 200 OK"
2026-04-26 22:37:30,995 INFO httpx — HTTP Request: POST http://localhost:11434/v1/chat/completions "HTTP/1.1 200 OK"
2026-04-26 22:37:53,384 INFO httpx — HTTP Request: POST http://localhost:11434/v1/chat/completions "HTTP/1.1 200 OK"
2026-04-26 22:38:07,222 INFO httpx — HTTP Request: POST http://localhost:11434/v1/chat/completions "HTTP/1.1 200 OK"
2026-04-26 22:38:22,372 INFO httpx — HTTP Request: POST http://localhost:11434/v1/chat/completions "HTTP/1.1 200 OK"
2026-04-26 22:38:34,017 INFO httpx — HTTP Request: POST http://localhost:11434/v1/chat/completions "HTTP/1.1 200 OK"
2026-04-26 22:38:51,732 INFO httpx — HTTP Request: POST http://localhost:11434/v1/chat/completions "HTTP/1.1 200 OK"
2026-04-26 22:39:06,074 INFO __main__ — Condition context_reasoning: completed 1/5 (attempt 1, replacements: 0)
2026-04-26 22:39:08,689 INFO httpx — HTTP Request: POST http://localhost:11434/v1/chat/completions "HTTP/1.1 200 OK"
2026-04-26 22:39:23,268 INFO httpx — HTTP Request: POST http://localhost:11434/v1/chat/completions "HTTP/1.1 200 OK"
2026-04-26 22:39:37,329 INFO httpx — HTTP Request: POST http://localhost:11434/v1/chat/completions "HTTP/1.1 200 OK"
2026-04-26 22:39:51,206 INFO httpx — HTTP Request: POST http://localhost:11434/v1/chat/completions "HTTP/1.1 200 OK"
2026-04-26 22:40:03,929 INFO httpx — HTTP Request: POST http://localhost:11434/v1/chat/completions "HTTP/1.1 200 OK"
2026-04-26 22:40:18,509 INFO httpx — HTTP Request: POST http://localhost:11434/v1/chat/completions "HTTP/1.1 200 OK"
2026-04-26 22:40:33,376 INFO httpx — HTTP Request: POST http://localhost:11434/v1/chat/completions "HTTP/1.1 200 OK"
2026-04-26 22:40:45,820 INFO httpx — HTTP Request: POST http://localhost:11434/v1/chat/completions "HTTP/1.1 200 OK"
2026-04-26 22:41:02,734 INFO httpx — HTTP Request: POST http://localhost:11434/v1/chat/completions "HTTP/1.1 200 OK"
2026-04-26 22:41:16,521 INFO httpx — HTTP Request: POST http://localhost:11434/v1/chat/completions "HTTP/1.1 200 OK"
2026-04-26 22:41:32,534 INFO httpx — HTTP Request: POST http://localhost:11434/v1/chat/completions "HTTP/1.1 200 OK"
2026-04-26 22:41:47,759 INFO httpx — HTTP Request: POST http://localhost:11434/v1/chat/completions "HTTP/1.1 200 OK"
2026-04-26 22:42:01,257 INFO httpx — HTTP Request: POST http://localhost:11434/v1/chat/completions "HTTP/1.1 200 OK"
2026-04-26 22:42:13,254 INFO httpx — HTTP Request: POST http://localhost:11434/v1/chat/completions "HTTP/1.1 200 OK"
2026-04-26 22:42:33,149 INFO httpx — HTTP Request: POST http://localhost:11434/v1/chat/completions "HTTP/1.1 200 OK"
2026-04-26 22:42:44,169 INFO httpx — HTTP Request: POST http://localhost:11434/v1/chat/completions "HTTP/1.1 200 OK"
2026-04-26 22:42:56,246 INFO httpx — HTTP Request: POST http://localhost:11434/v1/chat/completions "HTTP/1.1 200 OK"
2026-04-26 22:43:16,993 INFO httpx — HTTP Request: POST http://localhost:11434/v1/chat/completions "HTTP/1.1 200 OK"
2026-04-26 22:43:30,360 INFO httpx — HTTP Request: POST http://localhost:11434/v1/chat/completions "HTTP/1.1 200 OK"
2026-04-26 22:43:49,476 INFO httpx — HTTP Request: POST http://localhost:11434/v1/chat/completions "HTTP/1.1 200 OK"
2026-04-26 22:44:08,335 INFO httpx — HTTP Request: POST http://localhost:11434/v1/chat/completions "HTTP/1.1 200 OK"
2026-04-26 22:44:24,378 INFO httpx — HTTP Request: POST http://localhost:11434/v1/chat/completions "HTTP/1.1 200 OK"
2026-04-26 22:44:34,333 INFO httpx — HTTP Request: POST http://localhost:11434/v1/chat/completions "HTTP/1.1 200 OK"
2026-04-26 22:44:49,722 INFO httpx — HTTP Request: POST http://localhost:11434/v1/chat/completions "HTTP/1.1 200 OK"
2026-04-26 22:45:01,778 INFO httpx — HTTP Request: POST http://localhost:11434/v1/chat/completions "HTTP/1.1 200 OK"
2026-04-26 22:45:14,744 INFO httpx — HTTP Request: POST http://localhost:11434/v1/chat/completions "HTTP/1.1 200 OK"
2026-04-26 22:45:33,095 INFO httpx — HTTP Request: POST http://localhost:11434/v1/chat/completions "HTTP/1.1 200 OK"
2026-04-26 22:45:46,951 INFO httpx — HTTP Request: POST http://localhost:11434/v1/chat/completions "HTTP/1.1 200 OK"
2026-04-26 22:45:56,992 INFO httpx — HTTP Request: POST http://localhost:11434/v1/chat/completions "HTTP/1.1 200 OK"
2026-04-26 22:46:19,880 INFO httpx — HTTP Request: POST http://localhost:11434/v1/chat/completions "HTTP/1.1 200 OK"
2026-04-26 22:46:34,842 INFO httpx — HTTP Request: POST http://localhost:11434/v1/chat/completions "HTTP/1.1 200 OK"
2026-04-26 22:46:50,817 INFO httpx — HTTP Request: POST http://localhost:11434/v1/chat/completions "HTTP/1.1 200 OK"
2026-04-26 22:47:05,277 INFO httpx — HTTP Request: POST http://localhost:11434/v1/chat/completions "HTTP/1.1 200 OK"
2026-04-26 22:47:18,589 INFO httpx — HTTP Request: POST http://localhost:11434/v1/chat/completions "HTTP/1.1 200 OK"
2026-04-26 22:47:31,809 INFO httpx — HTTP Request: POST http://localhost:11434/v1/chat/completions "HTTP/1.1 200 OK"
2026-04-26 22:47:55,946 INFO httpx — HTTP Request: POST http://localhost:11434/v1/chat/completions "HTTP/1.1 200 OK"
2026-04-26 22:48:15,455 INFO httpx — HTTP Request: POST http://localhost:11434/v1/chat/completions "HTTP/1.1 200 OK"
2026-04-26 22:48:31,183 INFO httpx — HTTP Request: POST http://localhost:11434/v1/chat/completions "HTTP/1.1 200 OK"
2026-04-26 22:48:45,208 INFO httpx — HTTP Request: POST http://localhost:11434/v1/chat/completions "HTTP/1.1 200 OK"
2026-04-26 22:49:02,563 INFO httpx — HTTP Request: POST http://localhost:11434/v1/chat/completions "HTTP/1.1 200 OK"
2026-04-26 22:49:13,486 INFO httpx — HTTP Request: POST http://localhost:11434/v1/chat/completions "HTTP/1.1 200 OK"
2026-04-26 22:49:28,245 INFO httpx — HTTP Request: POST http://localhost:11434/v1/chat/completions "HTTP/1.1 200 OK"
2026-04-26 22:49:45,790 INFO httpx — HTTP Request: POST http://localhost:11434/v1/chat/completions "HTTP/1.1 200 OK"
2026-04-26 22:50:02,386 INFO httpx — HTTP Request: POST http://localhost:11434/v1/chat/completions "HTTP/1.1 200 OK"
2026-04-26 22:50:27,785 INFO httpx — HTTP Request: POST http://localhost:11434/v1/chat/completions "HTTP/1.1 200 OK"
2026-04-26 22:50:47,653 INFO httpx — HTTP Request: POST http://localhost:11434/v1/chat/completions "HTTP/1.1 200 OK"
2026-04-26 22:51:00,427 INFO httpx — HTTP Request: POST http://localhost:11434/v1/chat/completions "HTTP/1.1 200 OK"
2026-04-26 22:51:14,818 INFO httpx — HTTP Request: POST http://localhost:11434/v1/chat/completions "HTTP/1.1 200 OK"
2026-04-26 22:51:30,515 INFO httpx — HTTP Request: POST http://localhost:11434/v1/chat/completions "HTTP/1.1 200 OK"
2026-04-26 22:51:41,944 INFO httpx — HTTP Request: POST http://localhost:11434/v1/chat/completions "HTTP/1.1 200 OK"
2026-04-26 22:51:59,605 INFO httpx — HTTP Request: POST http://localhost:11434/v1/chat/completions "HTTP/1.1 200 OK"
2026-04-26 22:52:10,861 INFO httpx — HTTP Request: POST http://localhost:11434/v1/chat/completions "HTTP/1.1 200 OK"
2026-04-26 22:52:20,409 INFO httpx — HTTP Request: POST http://localhost:11434/v1/chat/completions "HTTP/1.1 200 OK"
2026-04-26 22:52:37,221 INFO httpx — HTTP Request: POST http://localhost:11434/v1/chat/completions "HTTP/1.1 200 OK"
2026-04-26 22:52:46,905 INFO httpx — HTTP Request: POST http://localhost:11434/v1/chat/completions "HTTP/1.1 200 OK"
2026-04-26 22:53:03,340 INFO httpx — HTTP Request: POST http://localhost:11434/v1/chat/completions "HTTP/1.1 200 OK"
2026-04-26 22:53:17,493 INFO httpx — HTTP Request: POST http://localhost:11434/v1/chat/completions "HTTP/1.1 200 OK"
2026-04-26 22:53:31,062 INFO httpx — HTTP Request: POST http://localhost:11434/v1/chat/completions "HTTP/1.1 200 OK"
2026-04-26 22:53:44,235 INFO httpx — HTTP Request: POST http://localhost:11434/v1/chat/completions "HTTP/1.1 200 OK"
2026-04-26 22:54:02,219 INFO httpx — HTTP Request: POST http://localhost:11434/v1/chat/completions "HTTP/1.1 200 OK"
2026-04-26 22:54:19,877 INFO httpx — HTTP Request: POST http://localhost:11434/v1/chat/completions "HTTP/1.1 200 OK"
2026-04-26 22:54:33,376 INFO httpx — HTTP Request: POST http://localhost:11434/v1/chat/completions "HTTP/1.1 200 OK"
2026-04-26 22:54:48,290 INFO httpx — HTTP Request: POST http://localhost:11434/v1/chat/completions "HTTP/1.1 200 OK"
2026-04-26 22:55:02,401 INFO httpx — HTTP Request: POST http://localhost:11434/v1/chat/completions "HTTP/1.1 200 OK"
2026-04-26 22:55:12,309 INFO httpx — HTTP Request: POST http://localhost:11434/v1/chat/completions "HTTP/1.1 200 OK"
2026-04-26 22:55:33,344 INFO httpx — HTTP Request: POST http://localhost:11434/v1/chat/completions "HTTP/1.1 200 OK"
2026-04-26 22:55:52,926 INFO httpx — HTTP Request: POST http://localhost:11434/v1/chat/completions "HTTP/1.1 200 OK"
2026-04-26 22:56:13,799 INFO httpx — HTTP Request: POST http://localhost:11434/v1/chat/completions "HTTP/1.1 200 OK"
2026-04-26 22:56:35,640 INFO httpx — HTTP Request: POST http://localhost:11434/v1/chat/completions "HTTP/1.1 200 OK"
2026-04-26 22:56:51,431 INFO httpx — HTTP Request: POST http://localhost:11434/v1/chat/completions "HTTP/1.1 200 OK"
2026-04-26 22:57:05,127 INFO httpx — HTTP Request: POST http://localhost:11434/v1/chat/completions "HTTP/1.1 200 OK"
2026-04-26 22:57:26,463 INFO httpx — HTTP Request: POST http://localhost:11434/v1/chat/completions "HTTP/1.1 200 OK"
2026-04-26 22:57:47,119 INFO httpx — HTTP Request: POST http://localhost:11434/v1/chat/completions "HTTP/1.1 200 OK"
2026-04-26 22:58:01,023 INFO httpx — HTTP Request: POST http://localhost:11434/v1/chat/completions "HTTP/1.1 200 OK"
2026-04-26 22:58:19,984 INFO httpx — HTTP Request: POST http://localhost:11434/v1/chat/completions "HTTP/1.1 200 OK"
2026-04-26 22:58:35,128 INFO httpx — HTTP Request: POST http://localhost:11434/v1/chat/completions "HTTP/1.1 200 OK"
2026-04-26 22:58:44,973 INFO httpx — HTTP Request: POST http://localhost:11434/v1/chat/completions "HTTP/1.1 200 OK"
2026-04-26 22:59:08,880 INFO httpx — HTTP Request: POST http://localhost:11434/v1/chat/completions "HTTP/1.1 200 OK"
2026-04-26 22:59:23,888 INFO httpx — HTTP Request: POST http://localhost:11434/v1/chat/completions "HTTP/1.1 200 OK"
2026-04-26 22:59:41,809 INFO httpx — HTTP Request: POST http://localhost:11434/v1/chat/completions "HTTP/1.1 200 OK"
2026-04-26 23:00:09,319 INFO httpx — HTTP Request: POST http://localhost:11434/v1/chat/completions "HTTP/1.1 200 OK"
2026-04-26 23:00:23,766 INFO httpx — HTTP Request: POST http://localhost:11434/v1/chat/completions "HTTP/1.1 200 OK"
2026-04-26 23:00:37,650 INFO httpx — HTTP Request: POST http://localhost:11434/v1/chat/completions "HTTP/1.1 200 OK"
2026-04-26 23:00:54,495 INFO httpx — HTTP Request: POST http://localhost:11434/v1/chat/completions "HTTP/1.1 200 OK"
2026-04-26 23:01:07,376 INFO httpx — HTTP Request: POST http://localhost:11434/v1/chat/completions "HTTP/1.1 200 OK"
2026-04-26 23:01:18,533 INFO httpx — HTTP Request: POST http://localhost:11434/v1/chat/completions "HTTP/1.1 200 OK"
2026-04-26 23:01:30,123 INFO httpx — HTTP Request: POST http://localhost:11434/v1/chat/completions "HTTP/1.1 200 OK"
2026-04-26 23:01:42,635 INFO httpx — HTTP Request: POST http://localhost:11434/v1/chat/completions "HTTP/1.1 200 OK"
2026-04-26 23:01:51,989 INFO httpx — HTTP Request: POST http://localhost:11434/v1/chat/completions "HTTP/1.1 200 OK"
2026-04-26 23:02:04,473 INFO httpx — HTTP Request: POST http://localhost:11434/v1/chat/completions "HTTP/1.1 200 OK"
2026-04-26 23:02:20,427 INFO httpx — HTTP Request: POST http://localhost:11434/v1/chat/completions "HTTP/1.1 200 OK"
2026-04-26 23:02:35,427 INFO httpx — HTTP Request: POST http://localhost:11434/v1/chat/completions "HTTP/1.1 200 OK"
2026-04-26 23:02:50,012 INFO httpx — HTTP Request: POST http://localhost:11434/v1/chat/completions "HTTP/1.1 200 OK"
2026-04-26 23:03:04,018 INFO httpx — HTTP Request: POST http://localhost:11434/v1/chat/completions "HTTP/1.1 200 OK"
2026-04-26 23:03:13,132 INFO httpx — HTTP Request: POST http://localhost:11434/v1/chat/completions "HTTP/1.1 200 OK"
2026-04-26 23:03:25,911 INFO httpx — HTTP Request: POST http://localhost:11434/v1/chat/completions "HTTP/1.1 200 OK"
2026-04-26 23:03:38,061 INFO httpx — HTTP Request: POST http://localhost:11434/v1/chat/completions "HTTP/1.1 200 OK"
2026-04-26 23:03:49,037 INFO httpx — HTTP Request: POST http://localhost:11434/v1/chat/completions "HTTP/1.1 200 OK"
2026-04-26 23:04:05,300 INFO httpx — HTTP Request: POST http://localhost:11434/v1/chat/completions "HTTP/1.1 200 OK"
2026-04-26 23:04:19,164 INFO httpx — HTTP Request: POST http://localhost:11434/v1/chat/completions "HTTP/1.1 200 OK"
2026-04-26 23:04:31,414 INFO httpx — HTTP Request: POST http://localhost:11434/v1/chat/completions "HTTP/1.1 200 OK"
2026-04-26 23:04:51,157 INFO httpx — HTTP Request: POST http://localhost:11434/v1/chat/completions "HTTP/1.1 200 OK"
2026-04-26 23:05:06,740 INFO httpx — HTTP Request: POST http://localhost:11434/v1/chat/completions "HTTP/1.1 200 OK"
2026-04-26 23:05:30,707 INFO httpx — HTTP Request: POST http://localhost:11434/v1/chat/completions "HTTP/1.1 200 OK"
2026-04-26 23:05:57,456 INFO httpx — HTTP Request: POST http://localhost:11434/v1/chat/completions "HTTP/1.1 200 OK"
2026-04-26 23:06:10,231 INFO __main__ — Condition context_reasoning: completed 2/5 (attempt 2, replacements: 0)
2026-04-26 23:06:12,698 INFO httpx — HTTP Request: POST http://localhost:11434/v1/chat/completions "HTTP/1.1 200 OK"
2026-04-26 23:06:26,620 INFO httpx — HTTP Request: POST http://localhost:11434/v1/chat/completions "HTTP/1.1 200 OK"
2026-04-26 23:06:51,599 INFO httpx — HTTP Request: POST http://localhost:11434/v1/chat/completions "HTTP/1.1 200 OK"
2026-04-26 23:07:10,047 INFO httpx — HTTP Request: POST http://localhost:11434/v1/chat/completions "HTTP/1.1 200 OK"
2026-04-26 23:07:25,043 INFO httpx — HTTP Request: POST http://localhost:11434/v1/chat/completions "HTTP/1.1 200 OK"
2026-04-26 23:07:39,224 INFO httpx — HTTP Request: POST http://localhost:11434/v1/chat/completions "HTTP/1.1 200 OK"
2026-04-26 23:07:55,719 INFO httpx — HTTP Request: POST http://localhost:11434/v1/chat/completions "HTTP/1.1 200 OK"
2026-04-26 23:08:06,504 INFO httpx — HTTP Request: POST http://localhost:11434/v1/chat/completions "HTTP/1.1 200 OK"
2026-04-26 23:08:27,207 INFO httpx — HTTP Request: POST http://localhost:11434/v1/chat/completions "HTTP/1.1 200 OK"
2026-04-26 23:08:43,095 INFO httpx — HTTP Request: POST http://localhost:11434/v1/chat/completions "HTTP/1.1 200 OK"
2026-04-26 23:08:55,741 INFO httpx — HTTP Request: POST http://localhost:11434/v1/chat/completions "HTTP/1.1 200 OK"
2026-04-26 23:09:16,958 INFO httpx — HTTP Request: POST http://localhost:11434/v1/chat/completions "HTTP/1.1 200 OK"
2026-04-26 23:09:38,935 INFO httpx — HTTP Request: POST http://localhost:11434/v1/chat/completions "HTTP/1.1 200 OK"
2026-04-26 23:09:52,235 INFO httpx — HTTP Request: POST http://localhost:11434/v1/chat/completions "HTTP/1.1 200 OK"
2026-04-26 23:10:07,577 INFO httpx — HTTP Request: POST http://localhost:11434/v1/chat/completions "HTTP/1.1 200 OK"
2026-04-26 23:10:22,440 INFO httpx — HTTP Request: POST http://localhost:11434/v1/chat/completions "HTTP/1.1 200 OK"
2026-04-26 23:10:33,595 INFO httpx — HTTP Request: POST http://localhost:11434/v1/chat/completions "HTTP/1.1 200 OK"
2026-04-26 23:10:49,306 INFO httpx — HTTP Request: POST http://localhost:11434/v1/chat/completions "HTTP/1.1 200 OK"
2026-04-26 23:11:00,834 INFO httpx — HTTP Request: POST http://localhost:11434/v1/chat/completions "HTTP/1.1 200 OK"
2026-04-26 23:11:13,565 INFO httpx — HTTP Request: POST http://localhost:11434/v1/chat/completions "HTTP/1.1 200 OK"
2026-04-26 23:11:35,252 INFO httpx — HTTP Request: POST http://localhost:11434/v1/chat/completions "HTTP/1.1 200 OK"
2026-04-26 23:11:47,639 INFO httpx — HTTP Request: POST http://localhost:11434/v1/chat/completions "HTTP/1.1 200 OK"
2026-04-26 23:12:03,635 INFO httpx — HTTP Request: POST http://localhost:11434/v1/chat/completions "HTTP/1.1 200 OK"
2026-04-26 23:12:23,459 INFO httpx — HTTP Request: POST http://localhost:11434/v1/chat/completions "HTTP/1.1 200 OK"
2026-04-26 23:12:33,793 INFO httpx — HTTP Request: POST http://localhost:11434/v1/chat/completions "HTTP/1.1 200 OK"
2026-04-26 23:12:48,486 INFO httpx — HTTP Request: POST http://localhost:11434/v1/chat/completions "HTTP/1.1 200 OK"
2026-04-26 23:13:15,147 INFO httpx — HTTP Request: POST http://localhost:11434/v1/chat/completions "HTTP/1.1 200 OK"
2026-04-26 23:13:30,800 INFO httpx — HTTP Request: POST http://localhost:11434/v1/chat/completions "HTTP/1.1 200 OK"
2026-04-26 23:13:43,784 INFO httpx — HTTP Request: POST http://localhost:11434/v1/chat/completions "HTTP/1.1 200 OK"
2026-04-26 23:14:10,490 INFO httpx — HTTP Request: POST http://localhost:11434/v1/chat/completions "HTTP/1.1 200 OK"
2026-04-26 23:14:24,405 INFO httpx — HTTP Request: POST http://localhost:11434/v1/chat/completions "HTTP/1.1 200 OK"
2026-04-26 23:14:33,506 INFO httpx — HTTP Request: POST http://localhost:11434/v1/chat/completions "HTTP/1.1 200 OK"
2026-04-26 23:14:48,591 INFO httpx — HTTP Request: POST http://localhost:11434/v1/chat/completions "HTTP/1.1 200 OK"
2026-04-26 23:15:04,678 INFO httpx — HTTP Request: POST http://localhost:11434/v1/chat/completions "HTTP/1.1 200 OK"
2026-04-26 23:15:20,523 INFO httpx — HTTP Request: POST http://localhost:11434/v1/chat/completions "HTTP/1.1 200 OK"
2026-04-26 23:15:52,638 INFO httpx — HTTP Request: POST http://localhost:11434/v1/chat/completions "HTTP/1.1 200 OK"
2026-04-26 23:16:10,745 INFO httpx — HTTP Request: POST http://localhost:11434/v1/chat/completions "HTTP/1.1 200 OK"
2026-04-26 23:16:22,750 INFO httpx — HTTP Request: POST http://localhost:11434/v1/chat/completions "HTTP/1.1 200 OK"
2026-04-26 23:16:43,574 INFO httpx — HTTP Request: POST http://localhost:11434/v1/chat/completions "HTTP/1.1 200 OK"
2026-04-26 23:16:58,774 INFO httpx — HTTP Request: POST http://localhost:11434/v1/chat/completions "HTTP/1.1 200 OK"
2026-04-26 23:17:13,557 INFO httpx — HTTP Request: POST http://localhost:11434/v1/chat/completions "HTTP/1.1 200 OK"
2026-04-26 23:17:32,867 INFO httpx — HTTP Request: POST http://localhost:11434/v1/chat/completions "HTTP/1.1 200 OK"
2026-04-26 23:17:47,594 INFO httpx — HTTP Request: POST http://localhost:11434/v1/chat/completions "HTTP/1.1 200 OK"
2026-04-26 23:17:57,394 INFO httpx — HTTP Request: POST http://localhost:11434/v1/chat/completions "HTTP/1.1 200 OK"
2026-04-26 23:18:17,781 INFO httpx — HTTP Request: POST http://localhost:11434/v1/chat/completions "HTTP/1.1 200 OK"
2026-04-26 23:18:35,619 INFO httpx — HTTP Request: POST http://localhost:11434/v1/chat/completions "HTTP/1.1 200 OK"
2026-04-26 23:18:47,432 INFO httpx — HTTP Request: POST http://localhost:11434/v1/chat/completions "HTTP/1.1 200 OK"
2026-04-26 23:19:04,201 INFO httpx — HTTP Request: POST http://localhost:11434/v1/chat/completions "HTTP/1.1 200 OK"
2026-04-26 23:19:22,174 INFO httpx — HTTP Request: POST http://localhost:11434/v1/chat/completions "HTTP/1.1 200 OK"
2026-04-26 23:19:34,721 INFO httpx — HTTP Request: POST http://localhost:11434/v1/chat/completions "HTTP/1.1 200 OK"
2026-04-26 23:19:51,854 INFO httpx — HTTP Request: POST http://localhost:11434/v1/chat/completions "HTTP/1.1 200 OK"
2026-04-26 23:20:04,666 INFO httpx — HTTP Request: POST http://localhost:11434/v1/chat/completions "HTTP/1.1 200 OK"
2026-04-26 23:20:16,567 INFO httpx — HTTP Request: POST http://localhost:11434/v1/chat/completions "HTTP/1.1 200 OK"
2026-04-26 23:20:35,755 INFO httpx — HTTP Request: POST http://localhost:11434/v1/chat/completions "HTTP/1.1 200 OK"
2026-04-26 23:20:46,296 INFO httpx — HTTP Request: POST http://localhost:11434/v1/chat/completions "HTTP/1.1 200 OK"
2026-04-26 23:20:55,916 INFO httpx — HTTP Request: POST http://localhost:11434/v1/chat/completions "HTTP/1.1 200 OK"
2026-04-26 23:21:12,072 INFO httpx — HTTP Request: POST http://localhost:11434/v1/chat/completions "HTTP/1.1 200 OK"
2026-04-26 23:21:31,257 INFO httpx — HTTP Request: POST http://localhost:11434/v1/chat/completions "HTTP/1.1 200 OK"
2026-04-26 23:21:45,602 INFO httpx — HTTP Request: POST http://localhost:11434/v1/chat/completions "HTTP/1.1 200 OK"
2026-04-26 23:22:05,695 INFO httpx — HTTP Request: POST http://localhost:11434/v1/chat/completions "HTTP/1.1 200 OK"
2026-04-26 23:22:20,730 INFO httpx — HTTP Request: POST http://localhost:11434/v1/chat/completions "HTTP/1.1 200 OK"
2026-04-26 23:22:31,395 INFO httpx — HTTP Request: POST http://localhost:11434/v1/chat/completions "HTTP/1.1 200 OK"
2026-04-26 23:22:43,651 INFO httpx — HTTP Request: POST http://localhost:11434/v1/chat/completions "HTTP/1.1 200 OK"
2026-04-26 23:22:53,865 INFO httpx — HTTP Request: POST http://localhost:11434/v1/chat/completions "HTTP/1.1 200 OK"
2026-04-26 23:23:06,132 INFO httpx — HTTP Request: POST http://localhost:11434/v1/chat/completions "HTTP/1.1 200 OK"
2026-04-26 23:23:16,822 INFO httpx — HTTP Request: POST http://localhost:11434/v1/chat/completions "HTTP/1.1 200 OK"
2026-04-26 23:23:28,219 INFO httpx — HTTP Request: POST http://localhost:11434/v1/chat/completions "HTTP/1.1 200 OK"
2026-04-26 23:23:41,826 INFO httpx — HTTP Request: POST http://localhost:11434/v1/chat/completions "HTTP/1.1 200 OK"
2026-04-26 23:23:53,403 INFO httpx — HTTP Request: POST http://localhost:11434/v1/chat/completions "HTTP/1.1 200 OK"
2026-04-26 23:24:04,883 INFO httpx — HTTP Request: POST http://localhost:11434/v1/chat/completions "HTTP/1.1 200 OK"
2026-04-26 23:24:15,504 INFO httpx — HTTP Request: POST http://localhost:11434/v1/chat/completions "HTTP/1.1 200 OK"
2026-04-26 23:24:26,728 INFO httpx — HTTP Request: POST http://localhost:11434/v1/chat/completions "HTTP/1.1 200 OK"
2026-04-26 23:24:40,529 INFO httpx — HTTP Request: POST http://localhost:11434/v1/chat/completions "HTTP/1.1 200 OK"
2026-04-26 23:24:51,940 INFO httpx — HTTP Request: POST http://localhost:11434/v1/chat/completions "HTTP/1.1 200 OK"
2026-04-26 23:24:58,198 INFO httpx — HTTP Request: POST http://localhost:11434/v1/chat/completions "HTTP/1.1 200 OK"
2026-04-26 23:25:09,650 INFO httpx — HTTP Request: POST http://localhost:11434/v1/chat/completions "HTTP/1.1 200 OK"
2026-04-26 23:25:21,768 INFO httpx — HTTP Request: POST http://localhost:11434/v1/chat/completions "HTTP/1.1 200 OK"
2026-04-26 23:25:31,657 INFO httpx — HTTP Request: POST http://localhost:11434/v1/chat/completions "HTTP/1.1 200 OK"
2026-04-26 23:25:46,163 INFO httpx — HTTP Request: POST http://localhost:11434/v1/chat/completions "HTTP/1.1 200 OK"
2026-04-26 23:25:57,197 INFO httpx — HTTP Request: POST http://localhost:11434/v1/chat/completions "HTTP/1.1 200 OK"
2026-04-26 23:26:07,659 INFO httpx — HTTP Request: POST http://localhost:11434/v1/chat/completions "HTTP/1.1 200 OK"
2026-04-26 23:26:19,109 INFO httpx — HTTP Request: POST http://localhost:11434/v1/chat/completions "HTTP/1.1 200 OK"
2026-04-26 23:26:39,501 INFO httpx — HTTP Request: POST http://localhost:11434/v1/chat/completions "HTTP/1.1 200 OK"
2026-04-26 23:26:51,599 INFO httpx — HTTP Request: POST http://localhost:11434/v1/chat/completions "HTTP/1.1 200 OK"
2026-04-26 23:27:04,131 INFO httpx — HTTP Request: POST http://localhost:11434/v1/chat/completions "HTTP/1.1 200 OK"
2026-04-26 23:27:14,942 INFO httpx — HTTP Request: POST http://localhost:11434/v1/chat/completions "HTTP/1.1 200 OK"
2026-04-26 23:27:25,423 INFO httpx — HTTP Request: POST http://localhost:11434/v1/chat/completions "HTTP/1.1 200 OK"
2026-04-26 23:27:34,769 INFO httpx — HTTP Request: POST http://localhost:11434/v1/chat/completions "HTTP/1.1 200 OK"
2026-04-26 23:27:49,720 INFO httpx — HTTP Request: POST http://localhost:11434/v1/chat/completions "HTTP/1.1 200 OK"
2026-04-26 23:27:59,310 INFO httpx — HTTP Request: POST http://localhost:11434/v1/chat/completions "HTTP/1.1 200 OK"
2026-04-26 23:28:10,049 INFO httpx — HTTP Request: POST http://localhost:11434/v1/chat/completions "HTTP/1.1 200 OK"
2026-04-26 23:28:20,562 INFO httpx — HTTP Request: POST http://localhost:11434/v1/chat/completions "HTTP/1.1 200 OK"
2026-04-26 23:28:31,227 INFO httpx — HTTP Request: POST http://localhost:11434/v1/chat/completions "HTTP/1.1 200 OK"
2026-04-26 23:28:42,867 INFO httpx — HTTP Request: POST http://localhost:11434/v1/chat/completions "HTTP/1.1 200 OK"
2026-04-26 23:28:53,806 INFO httpx — HTTP Request: POST http://localhost:11434/v1/chat/completions "HTTP/1.1 200 OK"
2026-04-26 23:29:06,971 INFO httpx — HTTP Request: POST http://localhost:11434/v1/chat/completions "HTTP/1.1 200 OK"
2026-04-26 23:29:18,733 INFO httpx — HTTP Request: POST http://localhost:11434/v1/chat/completions "HTTP/1.1 200 OK"
2026-04-26 23:29:30,391 INFO httpx — HTTP Request: POST http://localhost:11434/v1/chat/completions "HTTP/1.1 200 OK"
2026-04-26 23:29:41,474 INFO httpx — HTTP Request: POST http://localhost:11434/v1/chat/completions "HTTP/1.1 200 OK"
2026-04-26 23:29:59,590 INFO httpx — HTTP Request: POST http://localhost:11434/v1/chat/completions "HTTP/1.1 200 OK"
2026-04-26 23:30:12,402 INFO httpx — HTTP Request: POST http://localhost:11434/v1/chat/completions "HTTP/1.1 200 OK"
2026-04-26 23:30:24,295 INFO httpx — HTTP Request: POST http://localhost:11434/v1/chat/completions "HTTP/1.1 200 OK"
2026-04-26 23:30:35,156 INFO httpx — HTTP Request: POST http://localhost:11434/v1/chat/completions "HTTP/1.1 200 OK"
2026-04-26 23:30:47,774 INFO httpx — HTTP Request: POST http://localhost:11434/v1/chat/completions "HTTP/1.1 200 OK"
2026-04-26 23:30:59,786 INFO httpx — HTTP Request: POST http://localhost:11434/v1/chat/completions "HTTP/1.1 200 OK"
2026-04-26 23:31:09,850 INFO __main__ — Condition context_reasoning: completed 3/5 (attempt 3, replacements: 0)
2026-04-26 23:31:10,895 INFO httpx — HTTP Request: POST http://localhost:11434/v1/chat/completions "HTTP/1.1 200 OK"
2026-04-26 23:31:25,966 INFO httpx — HTTP Request: POST http://localhost:11434/v1/chat/completions "HTTP/1.1 200 OK"
2026-04-26 23:31:35,891 INFO httpx — HTTP Request: POST http://localhost:11434/v1/chat/completions "HTTP/1.1 200 OK"
2026-04-26 23:31:44,198 INFO httpx — HTTP Request: POST http://localhost:11434/v1/chat/completions "HTTP/1.1 200 OK"
2026-04-26 23:31:54,871 INFO httpx — HTTP Request: POST http://localhost:11434/v1/chat/completions "HTTP/1.1 200 OK"
2026-04-26 23:32:04,149 INFO httpx — HTTP Request: POST http://localhost:11434/v1/chat/completions "HTTP/1.1 200 OK"
2026-04-26 23:32:15,783 INFO httpx — HTTP Request: POST http://localhost:11434/v1/chat/completions "HTTP/1.1 200 OK"
2026-04-26 23:32:27,817 INFO httpx — HTTP Request: POST http://localhost:11434/v1/chat/completions "HTTP/1.1 200 OK"
2026-04-26 23:32:40,232 INFO httpx — HTTP Request: POST http://localhost:11434/v1/chat/completions "HTTP/1.1 200 OK"
2026-04-26 23:32:51,646 INFO httpx — HTTP Request: POST http://localhost:11434/v1/chat/completions "HTTP/1.1 200 OK"
2026-04-26 23:33:01,436 INFO httpx — HTTP Request: POST http://localhost:11434/v1/chat/completions "HTTP/1.1 200 OK"
2026-04-26 23:33:12,816 INFO httpx — HTTP Request: POST http://localhost:11434/v1/chat/completions "HTTP/1.1 200 OK"
2026-04-26 23:33:23,796 INFO httpx — HTTP Request: POST http://localhost:11434/v1/chat/completions "HTTP/1.1 200 OK"
2026-04-26 23:33:32,428 INFO httpx — HTTP Request: POST http://localhost:11434/v1/chat/completions "HTTP/1.1 200 OK"
2026-04-26 23:33:44,109 INFO httpx — HTTP Request: POST http://localhost:11434/v1/chat/completions "HTTP/1.1 200 OK"
2026-04-26 23:33:54,930 INFO httpx — HTTP Request: POST http://localhost:11434/v1/chat/completions "HTTP/1.1 200 OK"
2026-04-26 23:34:03,921 INFO httpx — HTTP Request: POST http://localhost:11434/v1/chat/completions "HTTP/1.1 200 OK"
2026-04-26 23:34:14,416 INFO httpx — HTTP Request: POST http://localhost:11434/v1/chat/completions "HTTP/1.1 200 OK"
2026-04-26 23:34:26,236 INFO httpx — HTTP Request: POST http://localhost:11434/v1/chat/completions "HTTP/1.1 200 OK"
2026-04-26 23:34:38,998 INFO httpx — HTTP Request: POST http://localhost:11434/v1/chat/completions "HTTP/1.1 200 OK"
2026-04-26 23:34:56,039 INFO httpx — HTTP Request: POST http://localhost:11434/v1/chat/completions "HTTP/1.1 200 OK"
2026-04-26 23:35:03,734 INFO httpx — HTTP Request: POST http://localhost:11434/v1/chat/completions "HTTP/1.1 200 OK"
2026-04-26 23:35:17,013 INFO httpx — HTTP Request: POST http://localhost:11434/v1/chat/completions "HTTP/1.1 200 OK"
2026-04-26 23:35:36,687 INFO httpx — HTTP Request: POST http://localhost:11434/v1/chat/completions "HTTP/1.1 200 OK"
2026-04-26 23:35:47,005 INFO httpx — HTTP Request: POST http://localhost:11434/v1/chat/completions "HTTP/1.1 200 OK"
2026-04-26 23:35:56,454 INFO httpx — HTTP Request: POST http://localhost:11434/v1/chat/completions "HTTP/1.1 200 OK"
2026-04-26 23:36:08,077 INFO httpx — HTTP Request: POST http://localhost:11434/v1/chat/completions "HTTP/1.1 200 OK"
2026-04-26 23:36:17,357 INFO httpx — HTTP Request: POST http://localhost:11434/v1/chat/completions "HTTP/1.1 200 OK"
2026-04-26 23:36:29,987 INFO httpx — HTTP Request: POST http://localhost:11434/v1/chat/completions "HTTP/1.1 200 OK"
2026-04-26 23:36:42,178 INFO httpx — HTTP Request: POST http://localhost:11434/v1/chat/completions "HTTP/1.1 200 OK"
2026-04-26 23:36:51,190 INFO httpx — HTTP Request: POST http://localhost:11434/v1/chat/completions "HTTP/1.1 200 OK"
2026-04-26 23:37:04,773 INFO httpx — HTTP Request: POST http://localhost:11434/v1/chat/completions "HTTP/1.1 200 OK"
2026-04-26 23:37:15,502 INFO httpx — HTTP Request: POST http://localhost:11434/v1/chat/completions "HTTP/1.1 200 OK"
2026-04-26 23:37:27,254 INFO httpx — HTTP Request: POST http://localhost:11434/v1/chat/completions "HTTP/1.1 200 OK"
2026-04-26 23:37:44,958 INFO httpx — HTTP Request: POST http://localhost:11434/v1/chat/completions "HTTP/1.1 200 OK"
2026-04-26 23:37:54,767 INFO httpx — HTTP Request: POST http://localhost:11434/v1/chat/completions "HTTP/1.1 200 OK"
2026-04-26 23:38:05,957 INFO httpx — HTTP Request: POST http://localhost:11434/v1/chat/completions "HTTP/1.1 200 OK"
2026-04-26 23:38:18,497 INFO httpx — HTTP Request: POST http://localhost:11434/v1/chat/completions "HTTP/1.1 200 OK"
2026-04-26 23:38:35,131 INFO httpx — HTTP Request: POST http://localhost:11434/v1/chat/completions "HTTP/1.1 200 OK"
2026-04-26 23:38:47,001 INFO httpx — HTTP Request: POST http://localhost:11434/v1/chat/completions "HTTP/1.1 200 OK"
2026-04-26 23:38:59,079 INFO httpx — HTTP Request: POST http://localhost:11434/v1/chat/completions "HTTP/1.1 200 OK"
2026-04-26 23:39:08,544 INFO httpx — HTTP Request: POST http://localhost:11434/v1/chat/completions "HTTP/1.1 200 OK"
2026-04-26 23:39:26,439 INFO httpx — HTTP Request: POST http://localhost:11434/v1/chat/completions "HTTP/1.1 200 OK"
2026-04-26 23:39:37,030 INFO httpx — HTTP Request: POST http://localhost:11434/v1/chat/completions "HTTP/1.1 200 OK"
2026-04-26 23:39:46,660 INFO httpx — HTTP Request: POST http://localhost:11434/v1/chat/completions "HTTP/1.1 200 OK"
2026-04-26 23:39:59,170 INFO httpx — HTTP Request: POST http://localhost:11434/v1/chat/completions "HTTP/1.1 200 OK"
2026-04-26 23:40:09,494 INFO httpx — HTTP Request: POST http://localhost:11434/v1/chat/completions "HTTP/1.1 200 OK"
2026-04-26 23:40:19,547 INFO httpx — HTTP Request: POST http://localhost:11434/v1/chat/completions "HTTP/1.1 200 OK"
2026-04-26 23:40:32,141 INFO httpx — HTTP Request: POST http://localhost:11434/v1/chat/completions "HTTP/1.1 200 OK"
2026-04-26 23:40:42,290 INFO httpx — HTTP Request: POST http://localhost:11434/v1/chat/completions "HTTP/1.1 200 OK"
2026-04-26 23:40:53,085 INFO httpx — HTTP Request: POST http://localhost:11434/v1/chat/completions "HTTP/1.1 200 OK"
2026-04-26 23:41:02,221 INFO httpx — HTTP Request: POST http://localhost:11434/v1/chat/completions "HTTP/1.1 200 OK"
2026-04-26 23:41:12,009 INFO httpx — HTTP Request: POST http://localhost:11434/v1/chat/completions "HTTP/1.1 200 OK"
2026-04-26 23:41:23,778 INFO httpx — HTTP Request: POST http://localhost:11434/v1/chat/completions "HTTP/1.1 200 OK"
2026-04-26 23:41:35,796 INFO httpx — HTTP Request: POST http://localhost:11434/v1/chat/completions "HTTP/1.1 200 OK"
2026-04-26 23:41:44,747 INFO httpx — HTTP Request: POST http://localhost:11434/v1/chat/completions "HTTP/1.1 200 OK"
2026-04-26 23:41:57,432 INFO httpx — HTTP Request: POST http://localhost:11434/v1/chat/completions "HTTP/1.1 200 OK"
2026-04-26 23:42:06,641 INFO httpx — HTTP Request: POST http://localhost:11434/v1/chat/completions "HTTP/1.1 200 OK"
2026-04-26 23:42:16,746 INFO httpx — HTTP Request: POST http://localhost:11434/v1/chat/completions "HTTP/1.1 200 OK"
2026-04-26 23:42:27,152 INFO httpx — HTTP Request: POST http://localhost:11434/v1/chat/completions "HTTP/1.1 200 OK"
2026-04-26 23:42:37,753 INFO httpx — HTTP Request: POST http://localhost:11434/v1/chat/completions "HTTP/1.1 200 OK"
2026-04-26 23:42:47,887 INFO httpx — HTTP Request: POST http://localhost:11434/v1/chat/completions "HTTP/1.1 200 OK"
2026-04-26 23:42:59,320 INFO httpx — HTTP Request: POST http://localhost:11434/v1/chat/completions "HTTP/1.1 200 OK"
2026-04-26 23:43:15,195 INFO httpx — HTTP Request: POST http://localhost:11434/v1/chat/completions "HTTP/1.1 200 OK"
2026-04-26 23:43:27,661 INFO httpx — HTTP Request: POST http://localhost:11434/v1/chat/completions "HTTP/1.1 200 OK"
2026-04-26 23:43:38,551 INFO httpx — HTTP Request: POST http://localhost:11434/v1/chat/completions "HTTP/1.1 200 OK"
2026-04-26 23:43:50,248 INFO httpx — HTTP Request: POST http://localhost:11434/v1/chat/completions "HTTP/1.1 200 OK"
2026-04-26 23:44:00,210 INFO httpx — HTTP Request: POST http://localhost:11434/v1/chat/completions "HTTP/1.1 200 OK"
2026-04-26 23:44:10,465 INFO httpx — HTTP Request: POST http://localhost:11434/v1/chat/completions "HTTP/1.1 200 OK"
2026-04-26 23:44:20,444 INFO httpx — HTTP Request: POST http://localhost:11434/v1/chat/completions "HTTP/1.1 200 OK"
2026-04-26 23:44:29,964 INFO httpx — HTTP Request: POST http://localhost:11434/v1/chat/completions "HTTP/1.1 200 OK"
2026-04-26 23:44:41,649 INFO httpx — HTTP Request: POST http://localhost:11434/v1/chat/completions "HTTP/1.1 200 OK"
2026-04-26 23:44:54,945 INFO httpx — HTTP Request: POST http://localhost:11434/v1/chat/completions "HTTP/1.1 200 OK"
2026-04-26 23:45:03,974 INFO httpx — HTTP Request: POST http://localhost:11434/v1/chat/completions "HTTP/1.1 200 OK"
2026-04-26 23:45:15,373 INFO httpx — HTTP Request: POST http://localhost:11434/v1/chat/completions "HTTP/1.1 200 OK"
2026-04-26 23:45:28,320 INFO httpx — HTTP Request: POST http://localhost:11434/v1/chat/completions "HTTP/1.1 200 OK"
2026-04-26 23:45:41,906 INFO httpx — HTTP Request: POST http://localhost:11434/v1/chat/completions "HTTP/1.1 200 OK"
2026-04-26 23:45:50,848 INFO httpx — HTTP Request: POST http://localhost:11434/v1/chat/completions "HTTP/1.1 200 OK"
2026-04-26 23:45:59,423 INFO httpx — HTTP Request: POST http://localhost:11434/v1/chat/completions "HTTP/1.1 200 OK"
2026-04-26 23:46:11,178 INFO httpx — HTTP Request: POST http://localhost:11434/v1/chat/completions "HTTP/1.1 200 OK"
2026-04-26 23:46:22,256 INFO httpx — HTTP Request: POST http://localhost:11434/v1/chat/completions "HTTP/1.1 200 OK"
2026-04-26 23:46:33,987 INFO httpx — HTTP Request: POST http://localhost:11434/v1/chat/completions "HTTP/1.1 200 OK"
2026-04-26 23:46:42,405 INFO httpx — HTTP Request: POST http://localhost:11434/v1/chat/completions "HTTP/1.1 200 OK"
2026-04-26 23:46:50,376 INFO httpx — HTTP Request: POST http://localhost:11434/v1/chat/completions "HTTP/1.1 200 OK"
2026-04-26 23:47:03,828 INFO httpx — HTTP Request: POST http://localhost:11434/v1/chat/completions "HTTP/1.1 200 OK"
2026-04-26 23:47:14,389 INFO httpx — HTTP Request: POST http://localhost:11434/v1/chat/completions "HTTP/1.1 200 OK"
2026-04-26 23:47:24,936 INFO httpx — HTTP Request: POST http://localhost:11434/v1/chat/completions "HTTP/1.1 200 OK"
2026-04-26 23:47:36,258 INFO httpx — HTTP Request: POST http://localhost:11434/v1/chat/completions "HTTP/1.1 200 OK"
2026-04-26 23:47:50,818 INFO httpx — HTTP Request: POST http://localhost:11434/v1/chat/completions "HTTP/1.1 200 OK"
2026-04-26 23:48:02,097 INFO httpx — HTTP Request: POST http://localhost:11434/v1/chat/completions "HTTP/1.1 200 OK"
2026-04-26 23:48:13,464 INFO httpx — HTTP Request: POST http://localhost:11434/v1/chat/completions "HTTP/1.1 200 OK"
2026-04-26 23:48:24,082 INFO httpx — HTTP Request: POST http://localhost:11434/v1/chat/completions "HTTP/1.1 200 OK"
2026-04-26 23:48:38,421 INFO httpx — HTTP Request: POST http://localhost:11434/v1/chat/completions "HTTP/1.1 200 OK"
2026-04-26 23:48:52,995 INFO httpx — HTTP Request: POST http://localhost:11434/v1/chat/completions "HTTP/1.1 200 OK"
2026-04-26 23:49:04,413 INFO httpx — HTTP Request: POST http://localhost:11434/v1/chat/completions "HTTP/1.1 200 OK"
2026-04-26 23:49:16,107 INFO httpx — HTTP Request: POST http://localhost:11434/v1/chat/completions "HTTP/1.1 200 OK"
2026-04-26 23:49:27,855 INFO httpx — HTTP Request: POST http://localhost:11434/v1/chat/completions "HTTP/1.1 200 OK"
2026-04-26 23:49:37,851 INFO httpx — HTTP Request: POST http://localhost:11434/v1/chat/completions "HTTP/1.1 200 OK"
2026-04-26 23:49:51,826 INFO httpx — HTTP Request: POST http://localhost:11434/v1/chat/completions "HTTP/1.1 200 OK"
2026-04-26 23:50:00,593 INFO httpx — HTTP Request: POST http://localhost:11434/v1/chat/completions "HTTP/1.1 200 OK"
2026-04-26 23:50:06,291 INFO httpx — HTTP Request: POST http://localhost:11434/v1/chat/completions "HTTP/1.1 200 OK"
2026-04-26 23:50:11,693 INFO httpx — HTTP Request: POST http://localhost:11434/v1/chat/completions "HTTP/1.1 200 OK"
2026-04-26 23:50:17,614 INFO httpx — HTTP Request: POST http://localhost:11434/v1/chat/completions "HTTP/1.1 200 OK"
2026-04-26 23:50:21,528 INFO httpx — HTTP Request: POST http://localhost:11434/v1/chat/completions "HTTP/1.1 200 OK"
2026-04-26 23:50:27,734 INFO httpx — HTTP Request: POST http://localhost:11434/v1/chat/completions "HTTP/1.1 200 OK"
2026-04-26 23:50:34,681 INFO __main__ — Condition context_reasoning: completed 4/5 (attempt 4, replacements: 0)
2026-04-26 23:50:35,326 INFO httpx — HTTP Request: POST http://localhost:11434/v1/chat/completions "HTTP/1.1 200 OK"
2026-04-26 23:50:39,625 INFO httpx — HTTP Request: POST http://localhost:11434/v1/chat/completions "HTTP/1.1 200 OK"
2026-04-26 23:50:46,359 INFO httpx — HTTP Request: POST http://localhost:11434/v1/chat/completions "HTTP/1.1 200 OK"
2026-04-26 23:50:49,962 INFO httpx — HTTP Request: POST http://localhost:11434/v1/chat/completions "HTTP/1.1 200 OK"
2026-04-26 23:50:54,484 INFO httpx — HTTP Request: POST http://localhost:11434/v1/chat/completions "HTTP/1.1 200 OK"
2026-04-26 23:50:59,306 INFO httpx — HTTP Request: POST http://localhost:11434/v1/chat/completions "HTTP/1.1 200 OK"
2026-04-26 23:51:05,024 INFO httpx — HTTP Request: POST http://localhost:11434/v1/chat/completions "HTTP/1.1 200 OK"
2026-04-26 23:51:10,183 INFO httpx — HTTP Request: POST http://localhost:11434/v1/chat/completions "HTTP/1.1 200 OK"
2026-04-26 23:51:15,977 INFO httpx — HTTP Request: POST http://localhost:11434/v1/chat/completions "HTTP/1.1 200 OK"
2026-04-26 23:51:20,896 INFO httpx — HTTP Request: POST http://localhost:11434/v1/chat/completions "HTTP/1.1 200 OK"
2026-04-26 23:51:26,599 INFO httpx — HTTP Request: POST http://localhost:11434/v1/chat/completions "HTTP/1.1 200 OK"
2026-04-26 23:51:30,991 INFO httpx — HTTP Request: POST http://localhost:11434/v1/chat/completions "HTTP/1.1 200 OK"
2026-04-26 23:51:37,266 INFO httpx — HTTP Request: POST http://localhost:11434/v1/chat/completions "HTTP/1.1 200 OK"
2026-04-26 23:51:43,535 INFO httpx — HTTP Request: POST http://localhost:11434/v1/chat/completions "HTTP/1.1 200 OK"
2026-04-26 23:51:49,077 INFO httpx — HTTP Request: POST http://localhost:11434/v1/chat/completions "HTTP/1.1 200 OK"
2026-04-26 23:51:52,918 INFO httpx — HTTP Request: POST http://localhost:11434/v1/chat/completions "HTTP/1.1 200 OK"
2026-04-26 23:51:57,424 INFO httpx — HTTP Request: POST http://localhost:11434/v1/chat/completions "HTTP/1.1 200 OK"
2026-04-26 23:52:03,081 INFO httpx — HTTP Request: POST http://localhost:11434/v1/chat/completions "HTTP/1.1 200 OK"
2026-04-26 23:52:08,901 INFO httpx — HTTP Request: POST http://localhost:11434/v1/chat/completions "HTTP/1.1 200 OK"
2026-04-26 23:52:13,482 INFO httpx — HTTP Request: POST http://localhost:11434/v1/chat/completions "HTTP/1.1 200 OK"
2026-04-26 23:52:16,194 INFO httpx — HTTP Request: POST http://localhost:11434/v1/chat/completions "HTTP/1.1 200 OK"
2026-04-26 23:52:20,696 INFO httpx — HTTP Request: POST http://localhost:11434/v1/chat/completions "HTTP/1.1 200 OK"
2026-04-26 23:52:26,153 INFO httpx — HTTP Request: POST http://localhost:11434/v1/chat/completions "HTTP/1.1 200 OK"
2026-04-26 23:52:30,931 INFO httpx — HTTP Request: POST http://localhost:11434/v1/chat/completions "HTTP/1.1 200 OK"
2026-04-26 23:52:37,867 INFO httpx — HTTP Request: POST http://localhost:11434/v1/chat/completions "HTTP/1.1 200 OK"
2026-04-26 23:52:42,896 INFO httpx — HTTP Request: POST http://localhost:11434/v1/chat/completions "HTTP/1.1 200 OK"
2026-04-26 23:52:47,720 INFO httpx — HTTP Request: POST http://localhost:11434/v1/chat/completions "HTTP/1.1 200 OK"
2026-04-26 23:52:52,171 INFO httpx — HTTP Request: POST http://localhost:11434/v1/chat/completions "HTTP/1.1 200 OK"
2026-04-26 23:52:57,577 INFO httpx — HTTP Request: POST http://localhost:11434/v1/chat/completions "HTTP/1.1 200 OK"
2026-04-26 23:53:02,312 INFO httpx — HTTP Request: POST http://localhost:11434/v1/chat/completions "HTTP/1.1 200 OK"
2026-04-26 23:53:06,800 INFO httpx — HTTP Request: POST http://localhost:11434/v1/chat/completions "HTTP/1.1 200 OK"
2026-04-26 23:53:11,507 INFO httpx — HTTP Request: POST http://localhost:11434/v1/chat/completions "HTTP/1.1 200 OK"
2026-04-26 23:53:16,215 INFO httpx — HTTP Request: POST http://localhost:11434/v1/chat/completions "HTTP/1.1 200 OK"
2026-04-26 23:53:21,762 INFO httpx — HTTP Request: POST http://localhost:11434/v1/chat/completions "HTTP/1.1 200 OK"
2026-04-26 23:53:26,627 INFO httpx — HTTP Request: POST http://localhost:11434/v1/chat/completions "HTTP/1.1 200 OK"
2026-04-26 23:53:30,862 INFO httpx — HTTP Request: POST http://localhost:11434/v1/chat/completions "HTTP/1.1 200 OK"
2026-04-26 23:53:35,803 INFO httpx — HTTP Request: POST http://localhost:11434/v1/chat/completions "HTTP/1.1 200 OK"
2026-04-26 23:53:40,369 INFO httpx — HTTP Request: POST http://localhost:11434/v1/chat/completions "HTTP/1.1 200 OK"
2026-04-26 23:53:44,675 INFO httpx — HTTP Request: POST http://localhost:11434/v1/chat/completions "HTTP/1.1 200 OK"
2026-04-26 23:53:49,373 INFO httpx — HTTP Request: POST http://localhost:11434/v1/chat/completions "HTTP/1.1 200 OK"
2026-04-26 23:53:54,193 INFO httpx — HTTP Request: POST http://localhost:11434/v1/chat/completions "HTTP/1.1 200 OK"
2026-04-26 23:53:59,091 INFO httpx — HTTP Request: POST http://localhost:11434/v1/chat/completions "HTTP/1.1 200 OK"
2026-04-26 23:54:05,031 INFO httpx — HTTP Request: POST http://localhost:11434/v1/chat/completions "HTTP/1.1 200 OK"
2026-04-26 23:54:10,302 INFO httpx — HTTP Request: POST http://localhost:11434/v1/chat/completions "HTTP/1.1 200 OK"
2026-04-26 23:54:14,733 INFO httpx — HTTP Request: POST http://localhost:11434/v1/chat/completions "HTTP/1.1 200 OK"
2026-04-26 23:54:19,412 INFO httpx — HTTP Request: POST http://localhost:11434/v1/chat/completions "HTTP/1.1 200 OK"
2026-04-26 23:54:25,635 INFO httpx — HTTP Request: POST http://localhost:11434/v1/chat/completions "HTTP/1.1 200 OK"
2026-04-26 23:54:31,291 INFO httpx — HTTP Request: POST http://localhost:11434/v1/chat/completions "HTTP/1.1 200 OK"
2026-04-26 23:54:35,788 INFO httpx — HTTP Request: POST http://localhost:11434/v1/chat/completions "HTTP/1.1 200 OK"
2026-04-26 23:54:40,378 INFO httpx — HTTP Request: POST http://localhost:11434/v1/chat/completions "HTTP/1.1 200 OK"
2026-04-26 23:54:45,171 INFO httpx — HTTP Request: POST http://localhost:11434/v1/chat/completions "HTTP/1.1 200 OK"
2026-04-26 23:54:49,903 INFO httpx — HTTP Request: POST http://localhost:11434/v1/chat/completions "HTTP/1.1 200 OK"
2026-04-26 23:54:54,815 INFO httpx — HTTP Request: POST http://localhost:11434/v1/chat/completions "HTTP/1.1 200 OK"
2026-04-26 23:54:59,822 INFO httpx — HTTP Request: POST http://localhost:11434/v1/chat/completions "HTTP/1.1 200 OK"
2026-04-26 23:55:11,952 INFO httpx — HTTP Request: POST http://localhost:11434/v1/chat/completions "HTTP/1.1 200 OK"
2026-04-26 23:55:17,659 INFO httpx — HTTP Request: POST http://localhost:11434/v1/chat/completions "HTTP/1.1 200 OK"
2026-04-26 23:55:22,756 INFO httpx — HTTP Request: POST http://localhost:11434/v1/chat/completions "HTTP/1.1 200 OK"
2026-04-26 23:55:29,036 INFO httpx — HTTP Request: POST http://localhost:11434/v1/chat/completions "HTTP/1.1 200 OK"
2026-04-26 23:55:34,685 INFO httpx — HTTP Request: POST http://localhost:11434/v1/chat/completions "HTTP/1.1 200 OK"
2026-04-26 23:55:40,380 INFO httpx — HTTP Request: POST http://localhost:11434/v1/chat/completions "HTTP/1.1 200 OK"
2026-04-26 23:55:45,051 INFO httpx — HTTP Request: POST http://localhost:11434/v1/chat/completions "HTTP/1.1 200 OK"
2026-04-26 23:55:50,419 INFO httpx — HTTP Request: POST http://localhost:11434/v1/chat/completions "HTTP/1.1 200 OK"
2026-04-26 23:55:54,577 INFO httpx — HTTP Request: POST http://localhost:11434/v1/chat/completions "HTTP/1.1 200 OK"
2026-04-26 23:56:02,235 INFO httpx — HTTP Request: POST http://localhost:11434/v1/chat/completions "HTTP/1.1 200 OK"
2026-04-26 23:56:06,704 INFO httpx — HTTP Request: POST http://localhost:11434/v1/chat/completions "HTTP/1.1 200 OK"
2026-04-26 23:56:11,953 INFO httpx — HTTP Request: POST http://localhost:11434/v1/chat/completions "HTTP/1.1 200 OK"
2026-04-26 23:56:17,891 INFO httpx — HTTP Request: POST http://localhost:11434/v1/chat/completions "HTTP/1.1 200 OK"
2026-04-26 23:56:22,651 INFO httpx — HTTP Request: POST http://localhost:11434/v1/chat/completions "HTTP/1.1 200 OK"
2026-04-26 23:56:27,281 INFO httpx — HTTP Request: POST http://localhost:11434/v1/chat/completions "HTTP/1.1 200 OK"
2026-04-26 23:56:32,841 INFO httpx — HTTP Request: POST http://localhost:11434/v1/chat/completions "HTTP/1.1 200 OK"
2026-04-26 23:56:36,858 INFO httpx — HTTP Request: POST http://localhost:11434/v1/chat/completions "HTTP/1.1 200 OK"
2026-04-26 23:56:41,645 INFO httpx — HTTP Request: POST http://localhost:11434/v1/chat/completions "HTTP/1.1 200 OK"
2026-04-26 23:56:47,569 INFO httpx — HTTP Request: POST http://localhost:11434/v1/chat/completions "HTTP/1.1 200 OK"
2026-04-26 23:56:52,687 INFO httpx — HTTP Request: POST http://localhost:11434/v1/chat/completions "HTTP/1.1 200 OK"
2026-04-26 23:56:57,551 INFO httpx — HTTP Request: POST http://localhost:11434/v1/chat/completions "HTTP/1.1 200 OK"
2026-04-26 23:57:05,506 INFO httpx — HTTP Request: POST http://localhost:11434/v1/chat/completions "HTTP/1.1 200 OK"
2026-04-26 23:57:11,128 INFO httpx — HTTP Request: POST http://localhost:11434/v1/chat/completions "HTTP/1.1 200 OK"
2026-04-26 23:57:16,230 INFO httpx — HTTP Request: POST http://localhost:11434/v1/chat/completions "HTTP/1.1 200 OK"
2026-04-26 23:57:21,704 INFO httpx — HTTP Request: POST http://localhost:11434/v1/chat/completions "HTTP/1.1 200 OK"
2026-04-26 23:57:27,891 INFO httpx — HTTP Request: POST http://localhost:11434/v1/chat/completions "HTTP/1.1 200 OK"
2026-04-26 23:57:36,925 INFO httpx — HTTP Request: POST http://localhost:11434/v1/chat/completions "HTTP/1.1 200 OK"
2026-04-26 23:57:42,102 INFO httpx — HTTP Request: POST http://localhost:11434/v1/chat/completions "HTTP/1.1 200 OK"
2026-04-26 23:57:46,272 INFO httpx — HTTP Request: POST http://localhost:11434/v1/chat/completions "HTTP/1.1 200 OK"
2026-04-26 23:57:52,076 INFO httpx — HTTP Request: POST http://localhost:11434/v1/chat/completions "HTTP/1.1 200 OK"
2026-04-26 23:57:56,875 INFO httpx — HTTP Request: POST http://localhost:11434/v1/chat/completions "HTTP/1.1 200 OK"
2026-04-26 23:58:03,003 INFO httpx — HTTP Request: POST http://localhost:11434/v1/chat/completions "HTTP/1.1 200 OK"
2026-04-26 23:58:08,783 INFO httpx — HTTP Request: POST http://localhost:11434/v1/chat/completions "HTTP/1.1 200 OK"
2026-04-26 23:58:13,513 INFO httpx — HTTP Request: POST http://localhost:11434/v1/chat/completions "HTTP/1.1 200 OK"
2026-04-26 23:58:17,353 INFO httpx — HTTP Request: POST http://localhost:11434/v1/chat/completions "HTTP/1.1 200 OK"
2026-04-26 23:58:21,626 INFO httpx — HTTP Request: POST http://localhost:11434/v1/chat/completions "HTTP/1.1 200 OK"
2026-04-26 23:58:26,636 INFO httpx — HTTP Request: POST http://localhost:11434/v1/chat/completions "HTTP/1.1 200 OK"
2026-04-26 23:58:31,701 INFO httpx — HTTP Request: POST http://localhost:11434/v1/chat/completions "HTTP/1.1 200 OK"
2026-04-26 23:58:36,773 INFO httpx — HTTP Request: POST http://localhost:11434/v1/chat/completions "HTTP/1.1 200 OK"
2026-04-26 23:58:43,390 INFO httpx — HTTP Request: POST http://localhost:11434/v1/chat/completions "HTTP/1.1 200 OK"
2026-04-26 23:58:49,143 INFO httpx — HTTP Request: POST http://localhost:11434/v1/chat/completions "HTTP/1.1 200 OK"
2026-04-26 23:58:53,624 INFO httpx — HTTP Request: POST http://localhost:11434/v1/chat/completions "HTTP/1.1 200 OK"
2026-04-26 23:58:59,134 INFO httpx — HTTP Request: POST http://localhost:11434/v1/chat/completions "HTTP/1.1 200 OK"
2026-04-26 23:59:03,941 INFO httpx — HTTP Request: POST http://localhost:11434/v1/chat/completions "HTTP/1.1 200 OK"
2026-04-26 23:59:09,348 INFO httpx — HTTP Request: POST http://localhost:11434/v1/chat/completions "HTTP/1.1 200 OK"
2026-04-26 23:59:14,349 INFO httpx — HTTP Request: POST http://localhost:11434/v1/chat/completions "HTTP/1.1 200 OK"
2026-04-26 23:59:20,061 INFO httpx — HTTP Request: POST http://localhost:11434/v1/chat/completions "HTTP/1.1 200 OK"
2026-04-26 23:59:24,905 INFO httpx — HTTP Request: POST http://localhost:11434/v1/chat/completions "HTTP/1.1 200 OK"
2026-04-26 23:59:30,711 INFO httpx — HTTP Request: POST http://localhost:11434/v1/chat/completions "HTTP/1.1 200 OK"
2026-04-26 23:59:36,707 INFO httpx — HTTP Request: POST http://localhost:11434/v1/chat/completions "HTTP/1.1 200 OK"
2026-04-26 23:59:41,583 INFO httpx — HTTP Request: POST http://localhost:11434/v1/chat/completions "HTTP/1.1 200 OK"
2026-04-26 23:59:47,950 INFO __main__ — Condition context_reasoning: completed 5/5 (attempt 5, replacements: 0)
2026-04-26 23:59:47,950 INFO __main__ — Condition context_reasoning: finished — 5 valid runs in 5 attempts (0 replacement(s))
2026-04-26 23:59:47,970 INFO __main__ — Checkpoint written (1060 records so far)
2026-04-26 23:59:48,562 INFO httpx — HTTP Request: POST http://localhost:11434/v1/chat/completions "HTTP/1.1 200 OK"
2026-04-26 23:59:53,382 INFO httpx — HTTP Request: POST http://localhost:11434/v1/chat/completions "HTTP/1.1 200 OK"
2026-04-26 23:59:57,388 INFO httpx — HTTP Request: POST http://localhost:11434/v1/chat/completions "HTTP/1.1 200 OK"
2026-04-27 00:00:03,780 INFO httpx — HTTP Request: POST http://localhost:11434/v1/chat/completions "HTTP/1.1 200 OK"
2026-04-27 00:00:07,988 INFO httpx — HTTP Request: POST http://localhost:11434/v1/chat/completions "HTTP/1.1 200 OK"
2026-04-27 00:00:12,378 INFO httpx — HTTP Request: POST http://localhost:11434/v1/chat/completions "HTTP/1.1 200 OK"
2026-04-27 00:00:17,025 INFO httpx — HTTP Request: POST http://localhost:11434/v1/chat/completions "HTTP/1.1 200 OK"
2026-04-27 00:00:22,279 INFO httpx — HTTP Request: POST http://localhost:11434/v1/chat/completions "HTTP/1.1 200 OK"
2026-04-27 00:00:26,982 INFO httpx — HTTP Request: POST http://localhost:11434/v1/chat/completions "HTTP/1.1 200 OK"
2026-04-27 00:00:32,576 INFO httpx — HTTP Request: POST http://localhost:11434/v1/chat/completions "HTTP/1.1 200 OK"
2026-04-27 00:00:36,895 INFO httpx — HTTP Request: POST http://localhost:11434/v1/chat/completions "HTTP/1.1 200 OK"
2026-04-27 00:00:41,591 INFO httpx — HTTP Request: POST http://localhost:11434/v1/chat/completions "HTTP/1.1 200 OK"
2026-04-27 00:00:47,970 INFO httpx — HTTP Request: POST http://localhost:11434/v1/chat/completions "HTTP/1.1 200 OK"
2026-04-27 00:00:52,792 INFO httpx — HTTP Request: POST http://localhost:11434/v1/chat/completions "HTTP/1.1 200 OK"
2026-04-27 00:00:57,066 INFO httpx — HTTP Request: POST http://localhost:11434/v1/chat/completions "HTTP/1.1 200 OK"
2026-04-27 00:01:00,916 INFO httpx — HTTP Request: POST http://localhost:11434/v1/chat/completions "HTTP/1.1 200 OK"
2026-04-27 00:01:06,718 INFO httpx — HTTP Request: POST http://localhost:11434/v1/chat/completions "HTTP/1.1 200 OK"
2026-04-27 00:01:12,833 INFO httpx — HTTP Request: POST http://localhost:11434/v1/chat/completions "HTTP/1.1 200 OK"
2026-04-27 00:01:17,401 INFO httpx — HTTP Request: POST http://localhost:11434/v1/chat/completions "HTTP/1.1 200 OK"
2026-04-27 00:01:28,072 INFO httpx — HTTP Request: POST http://localhost:11434/v1/chat/completions "HTTP/1.1 200 OK"
2026-04-27 00:01:31,836 INFO httpx — HTTP Request: POST http://localhost:11434/v1/chat/completions "HTTP/1.1 200 OK"
2026-04-27 00:01:35,627 INFO httpx — HTTP Request: POST http://localhost:11434/v1/chat/completions "HTTP/1.1 200 OK"
2026-04-27 00:01:43,958 INFO httpx — HTTP Request: POST http://localhost:11434/v1/chat/completions "HTTP/1.1 200 OK"
2026-04-27 00:01:48,342 INFO httpx — HTTP Request: POST http://localhost:11434/v1/chat/completions "HTTP/1.1 200 OK"
2026-04-27 00:01:51,434 INFO httpx — HTTP Request: POST http://localhost:11434/v1/chat/completions "HTTP/1.1 200 OK"
2026-04-27 00:01:59,067 INFO httpx — HTTP Request: POST http://localhost:11434/v1/chat/completions "HTTP/1.1 200 OK"
2026-04-27 00:02:05,146 INFO httpx — HTTP Request: POST http://localhost:11434/v1/chat/completions "HTTP/1.1 200 OK"
2026-04-27 00:02:16,068 INFO httpx — HTTP Request: POST http://localhost:11434/v1/chat/completions "HTTP/1.1 200 OK"
2026-04-27 00:02:20,728 INFO httpx — HTTP Request: POST http://localhost:11434/v1/chat/completions "HTTP/1.1 200 OK"
2026-04-27 00:02:27,180 INFO httpx — HTTP Request: POST http://localhost:11434/v1/chat/completions "HTTP/1.1 200 OK"
2026-04-27 00:02:34,164 INFO httpx — HTTP Request: POST http://localhost:11434/v1/chat/completions "HTTP/1.1 200 OK"
2026-04-27 00:02:39,582 INFO httpx — HTTP Request: POST http://localhost:11434/v1/chat/completions "HTTP/1.1 200 OK"
2026-04-27 00:02:48,313 INFO httpx — HTTP Request: POST http://localhost:11434/v1/chat/completions "HTTP/1.1 200 OK"
2026-04-27 00:02:55,969 INFO httpx — HTTP Request: POST http://localhost:11434/v1/chat/completions "HTTP/1.1 200 OK"
2026-04-27 00:03:01,820 INFO httpx — HTTP Request: POST http://localhost:11434/v1/chat/completions "HTTP/1.1 200 OK"
2026-04-27 00:03:08,340 INFO httpx — HTTP Request: POST http://localhost:11434/v1/chat/completions "HTTP/1.1 200 OK"
2026-04-27 00:03:13,667 INFO httpx — HTTP Request: POST http://localhost:11434/v1/chat/completions "HTTP/1.1 200 OK"
2026-04-27 00:03:18,740 INFO httpx — HTTP Request: POST http://localhost:11434/v1/chat/completions "HTTP/1.1 200 OK"
2026-04-27 00:03:23,321 INFO httpx — HTTP Request: POST http://localhost:11434/v1/chat/completions "HTTP/1.1 200 OK"
2026-04-27 00:03:28,715 INFO httpx — HTTP Request: POST http://localhost:11434/v1/chat/completions "HTTP/1.1 200 OK"
2026-04-27 00:03:33,569 INFO httpx — HTTP Request: POST http://localhost:11434/v1/chat/completions "HTTP/1.1 200 OK"
2026-04-27 00:03:41,565 INFO httpx — HTTP Request: POST http://localhost:11434/v1/chat/completions "HTTP/1.1 200 OK"
2026-04-27 00:03:48,063 INFO httpx — HTTP Request: POST http://localhost:11434/v1/chat/completions "HTTP/1.1 200 OK"
2026-04-27 00:03:52,552 INFO httpx — HTTP Request: POST http://localhost:11434/v1/chat/completions "HTTP/1.1 200 OK"
2026-04-27 00:03:57,358 INFO httpx — HTTP Request: POST http://localhost:11434/v1/chat/completions "HTTP/1.1 200 OK"
2026-04-27 00:04:02,316 INFO httpx — HTTP Request: POST http://localhost:11434/v1/chat/completions "HTTP/1.1 200 OK"
2026-04-27 00:04:08,111 INFO httpx — HTTP Request: POST http://localhost:11434/v1/chat/completions "HTTP/1.1 200 OK"
2026-04-27 00:04:13,110 INFO httpx — HTTP Request: POST http://localhost:11434/v1/chat/completions "HTTP/1.1 200 OK"
2026-04-27 00:04:17,309 INFO httpx — HTTP Request: POST http://localhost:11434/v1/chat/completions "HTTP/1.1 200 OK"
2026-04-27 00:04:22,017 INFO httpx — HTTP Request: POST http://localhost:11434/v1/chat/completions "HTTP/1.1 200 OK"
2026-04-27 00:04:27,399 INFO httpx — HTTP Request: POST http://localhost:11434/v1/chat/completions "HTTP/1.1 200 OK"
2026-04-27 00:04:31,998 INFO httpx — HTTP Request: POST http://localhost:11434/v1/chat/completions "HTTP/1.1 200 OK"
2026-04-27 00:04:39,451 INFO httpx — HTTP Request: POST http://localhost:11434/v1/chat/completions "HTTP/1.1 200 OK"
2026-04-27 00:04:43,471 INFO httpx — HTTP Request: POST http://localhost:11434/v1/chat/completions "HTTP/1.1 200 OK"
2026-04-27 00:04:48,548 INFO httpx — HTTP Request: POST http://localhost:11434/v1/chat/completions "HTTP/1.1 200 OK"
2026-04-27 00:04:55,503 INFO httpx — HTTP Request: POST http://localhost:11434/v1/chat/completions "HTTP/1.1 200 OK"
2026-04-27 00:05:04,082 INFO httpx — HTTP Request: POST http://localhost:11434/v1/chat/completions "HTTP/1.1 200 OK"
2026-04-27 00:05:11,604 INFO httpx — HTTP Request: POST http://localhost:11434/v1/chat/completions "HTTP/1.1 200 OK"
2026-04-27 00:05:18,834 INFO httpx — HTTP Request: POST http://localhost:11434/v1/chat/completions "HTTP/1.1 200 OK"
2026-04-27 00:05:26,125 INFO httpx — HTTP Request: POST http://localhost:11434/v1/chat/completions "HTTP/1.1 200 OK"
2026-04-27 00:05:32,599 INFO httpx — HTTP Request: POST http://localhost:11434/v1/chat/completions "HTTP/1.1 200 OK"
2026-04-27 00:05:40,491 INFO httpx — HTTP Request: POST http://localhost:11434/v1/chat/completions "HTTP/1.1 200 OK"
2026-04-27 00:05:46,657 INFO httpx — HTTP Request: POST http://localhost:11434/v1/chat/completions "HTTP/1.1 200 OK"
2026-04-27 00:05:54,011 INFO httpx — HTTP Request: POST http://localhost:11434/v1/chat/completions "HTTP/1.1 200 OK"
2026-04-27 00:05:59,124 INFO httpx — HTTP Request: POST http://localhost:11434/v1/chat/completions "HTTP/1.1 200 OK"
2026-04-27 00:06:04,446 INFO httpx — HTTP Request: POST http://localhost:11434/v1/chat/completions "HTTP/1.1 200 OK"
2026-04-27 00:06:09,006 INFO httpx — HTTP Request: POST http://localhost:11434/v1/chat/completions "HTTP/1.1 200 OK"
2026-04-27 00:06:14,294 INFO httpx — HTTP Request: POST http://localhost:11434/v1/chat/completions "HTTP/1.1 200 OK"
2026-04-27 00:06:19,823 INFO httpx — HTTP Request: POST http://localhost:11434/v1/chat/completions "HTTP/1.1 200 OK"
2026-04-27 00:06:25,342 INFO httpx — HTTP Request: POST http://localhost:11434/v1/chat/completions "HTTP/1.1 200 OK"
2026-04-27 00:06:30,460 INFO httpx — HTTP Request: POST http://localhost:11434/v1/chat/completions "HTTP/1.1 200 OK"
2026-04-27 00:06:36,063 INFO httpx — HTTP Request: POST http://localhost:11434/v1/chat/completions "HTTP/1.1 200 OK"
2026-04-27 00:06:41,303 INFO httpx — HTTP Request: POST http://localhost:11434/v1/chat/completions "HTTP/1.1 200 OK"
2026-04-27 00:06:45,758 INFO httpx — HTTP Request: POST http://localhost:11434/v1/chat/completions "HTTP/1.1 200 OK"
2026-04-27 00:06:51,667 INFO httpx — HTTP Request: POST http://localhost:11434/v1/chat/completions "HTTP/1.1 200 OK"
2026-04-27 00:06:58,178 INFO httpx — HTTP Request: POST http://localhost:11434/v1/chat/completions "HTTP/1.1 200 OK"
2026-04-27 00:07:01,674 INFO httpx — HTTP Request: POST http://localhost:11434/v1/chat/completions "HTTP/1.1 200 OK"
2026-04-27 00:07:06,918 INFO httpx — HTTP Request: POST http://localhost:11434/v1/chat/completions "HTTP/1.1 200 OK"
2026-04-27 00:07:13,121 INFO httpx — HTTP Request: POST http://localhost:11434/v1/chat/completions "HTTP/1.1 200 OK"
2026-04-27 00:07:18,671 INFO httpx — HTTP Request: POST http://localhost:11434/v1/chat/completions "HTTP/1.1 200 OK"
2026-04-27 00:07:23,165 INFO httpx — HTTP Request: POST http://localhost:11434/v1/chat/completions "HTTP/1.1 200 OK"
2026-04-27 00:07:28,127 INFO httpx — HTTP Request: POST http://localhost:11434/v1/chat/completions "HTTP/1.1 200 OK"
2026-04-27 00:07:42,082 INFO httpx — HTTP Request: POST http://localhost:11434/v1/chat/completions "HTTP/1.1 200 OK"
2026-04-27 00:07:53,502 INFO httpx — HTTP Request: POST http://localhost:11434/v1/chat/completions "HTTP/1.1 200 OK"
2026-04-27 00:08:02,371 INFO httpx — HTTP Request: POST http://localhost:11434/v1/chat/completions "HTTP/1.1 200 OK"
2026-04-27 00:08:10,732 INFO httpx — HTTP Request: POST http://localhost:11434/v1/chat/completions "HTTP/1.1 200 OK"
2026-04-27 00:08:23,202 INFO httpx — HTTP Request: POST http://localhost:11434/v1/chat/completions "HTTP/1.1 200 OK"
2026-04-27 00:08:31,212 INFO httpx — HTTP Request: POST http://localhost:11434/v1/chat/completions "HTTP/1.1 200 OK"
2026-04-27 00:08:38,544 INFO httpx — HTTP Request: POST http://localhost:11434/v1/chat/completions "HTTP/1.1 200 OK"
2026-04-27 00:08:45,986 INFO httpx — HTTP Request: POST http://localhost:11434/v1/chat/completions "HTTP/1.1 200 OK"
2026-04-27 00:08:56,795 INFO httpx — HTTP Request: POST http://localhost:11434/v1/chat/completions "HTTP/1.1 200 OK"
2026-04-27 00:09:02,595 INFO httpx — HTTP Request: POST http://localhost:11434/v1/chat/completions "HTTP/1.1 200 OK"
2026-04-27 00:09:07,568 INFO httpx — HTTP Request: POST http://localhost:11434/v1/chat/completions "HTTP/1.1 200 OK"
2026-04-27 00:09:13,227 INFO httpx — HTTP Request: POST http://localhost:11434/v1/chat/completions "HTTP/1.1 200 OK"
2026-04-27 00:09:18,185 INFO httpx — HTTP Request: POST http://localhost:11434/v1/chat/completions "HTTP/1.1 200 OK"
2026-04-27 00:09:22,977 INFO httpx — HTTP Request: POST http://localhost:11434/v1/chat/completions "HTTP/1.1 200 OK"
2026-04-27 00:09:28,619 INFO httpx — HTTP Request: POST http://localhost:11434/v1/chat/completions "HTTP/1.1 200 OK"
2026-04-27 00:09:33,625 INFO httpx — HTTP Request: POST http://localhost:11434/v1/chat/completions "HTTP/1.1 200 OK"
2026-04-27 00:09:39,158 INFO httpx — HTTP Request: POST http://localhost:11434/v1/chat/completions "HTTP/1.1 200 OK"
2026-04-27 00:09:44,613 INFO httpx — HTTP Request: POST http://localhost:11434/v1/chat/completions "HTTP/1.1 200 OK"
2026-04-27 00:09:49,780 INFO httpx — HTTP Request: POST http://localhost:11434/v1/chat/completions "HTTP/1.1 200 OK"
2026-04-27 00:09:54,521 INFO httpx — HTTP Request: POST http://localhost:11434/v1/chat/completions "HTTP/1.1 200 OK"
2026-04-27 00:09:59,359 INFO httpx — HTTP Request: POST http://localhost:11434/v1/chat/completions "HTTP/1.1 200 OK"
2026-04-27 00:10:06,725 INFO httpx — HTTP Request: POST http://localhost:11434/v1/chat/completions "HTTP/1.1 200 OK"
2026-04-27 00:10:11,170 INFO httpx — HTTP Request: POST http://localhost:11434/v1/chat/completions "HTTP/1.1 200 OK"
2026-04-27 00:10:16,111 INFO __main__ — Condition unstructured_reasoning: completed 1/5 (attempt 1, replacements: 0)
2026-04-27 00:10:16,735 INFO httpx — HTTP Request: POST http://localhost:11434/v1/chat/completions "HTTP/1.1 200 OK"
2026-04-27 00:10:21,035 INFO httpx — HTTP Request: POST http://localhost:11434/v1/chat/completions "HTTP/1.1 200 OK"
2026-04-27 00:10:25,681 INFO httpx — HTTP Request: POST http://localhost:11434/v1/chat/completions "HTTP/1.1 200 OK"
2026-04-27 00:10:30,838 INFO httpx — HTTP Request: POST http://localhost:11434/v1/chat/completions "HTTP/1.1 200 OK"
2026-04-27 00:10:34,938 INFO httpx — HTTP Request: POST http://localhost:11434/v1/chat/completions "HTTP/1.1 200 OK"
2026-04-27 00:10:39,699 INFO httpx — HTTP Request: POST http://localhost:11434/v1/chat/completions "HTTP/1.1 200 OK"
2026-04-27 00:10:46,250 INFO httpx — HTTP Request: POST http://localhost:11434/v1/chat/completions "HTTP/1.1 200 OK"
2026-04-27 00:10:50,705 INFO httpx — HTTP Request: POST http://localhost:11434/v1/chat/completions "HTTP/1.1 200 OK"
2026-04-27 00:10:56,603 INFO httpx — HTTP Request: POST http://localhost:11434/v1/chat/completions "HTTP/1.1 200 OK"
2026-04-27 00:11:01,113 INFO httpx — HTTP Request: POST http://localhost:11434/v1/chat/completions "HTTP/1.1 200 OK"
2026-04-27 00:11:05,022 INFO httpx — HTTP Request: POST http://localhost:11434/v1/chat/completions "HTTP/1.1 200 OK"
2026-04-27 00:11:10,057 INFO httpx — HTTP Request: POST http://localhost:11434/v1/chat/completions "HTTP/1.1 200 OK"
2026-04-27 00:11:14,806 INFO httpx — HTTP Request: POST http://localhost:11434/v1/chat/completions "HTTP/1.1 200 OK"
2026-04-27 00:11:20,085 INFO httpx — HTTP Request: POST http://localhost:11434/v1/chat/completions "HTTP/1.1 200 OK"
2026-04-27 00:11:25,350 INFO httpx — HTTP Request: POST http://localhost:11434/v1/chat/completions "HTTP/1.1 200 OK"
2026-04-27 00:11:29,872 INFO httpx — HTTP Request: POST http://localhost:11434/v1/chat/completions "HTTP/1.1 200 OK"
2026-04-27 00:11:34,677 INFO httpx — HTTP Request: POST http://localhost:11434/v1/chat/completions "HTTP/1.1 200 OK"
2026-04-27 00:11:38,535 INFO httpx — HTTP Request: POST http://localhost:11434/v1/chat/completions "HTTP/1.1 200 OK"
2026-04-27 00:11:42,290 INFO httpx — HTTP Request: POST http://localhost:11434/v1/chat/completions "HTTP/1.1 200 OK"
2026-04-27 00:11:49,721 INFO httpx — HTTP Request: POST http://localhost:11434/v1/chat/completions "HTTP/1.1 200 OK"
2026-04-27 00:11:53,732 INFO httpx — HTTP Request: POST http://localhost:11434/v1/chat/completions "HTTP/1.1 200 OK"
2026-04-27 00:11:57,489 INFO httpx — HTTP Request: POST http://localhost:11434/v1/chat/completions "HTTP/1.1 200 OK"
2026-04-27 00:12:04,161 INFO httpx — HTTP Request: POST http://localhost:11434/v1/chat/completions "HTTP/1.1 200 OK"
2026-04-27 00:12:08,893 INFO httpx — HTTP Request: POST http://localhost:11434/v1/chat/completions "HTTP/1.1 200 OK"
2026-04-27 00:12:12,597 INFO httpx — HTTP Request: POST http://localhost:11434/v1/chat/completions "HTTP/1.1 200 OK"
2026-04-27 00:12:24,284 INFO httpx — HTTP Request: POST http://localhost:11434/v1/chat/completions "HTTP/1.1 200 OK"
2026-04-27 00:12:30,983 INFO httpx — HTTP Request: POST http://localhost:11434/v1/chat/completions "HTTP/1.1 200 OK"
2026-04-27 00:12:36,082 INFO httpx — HTTP Request: POST http://localhost:11434/v1/chat/completions "HTTP/1.1 200 OK"
2026-04-27 00:12:44,347 INFO httpx — HTTP Request: POST http://localhost:11434/v1/chat/completions "HTTP/1.1 200 OK"
2026-04-27 00:12:51,139 INFO httpx — HTTP Request: POST http://localhost:11434/v1/chat/completions "HTTP/1.1 200 OK"
2026-04-27 00:13:00,132 INFO httpx — HTTP Request: POST http://localhost:11434/v1/chat/completions "HTTP/1.1 200 OK"
2026-04-27 00:13:07,977 INFO httpx — HTTP Request: POST http://localhost:11434/v1/chat/completions "HTTP/1.1 200 OK"
2026-04-27 00:13:16,031 INFO httpx — HTTP Request: POST http://localhost:11434/v1/chat/completions "HTTP/1.1 200 OK"
2026-04-27 00:13:24,563 INFO httpx — HTTP Request: POST http://localhost:11434/v1/chat/completions "HTTP/1.1 200 OK"
2026-04-27 00:13:32,064 INFO httpx — HTTP Request: POST http://localhost:11434/v1/chat/completions "HTTP/1.1 200 OK"
2026-04-27 00:13:38,254 INFO httpx — HTTP Request: POST http://localhost:11434/v1/chat/completions "HTTP/1.1 200 OK"
2026-04-27 00:13:46,893 INFO httpx — HTTP Request: POST http://localhost:11434/v1/chat/completions "HTTP/1.1 200 OK"
2026-04-27 00:13:51,618 INFO httpx — HTTP Request: POST http://localhost:11434/v1/chat/completions "HTTP/1.1 200 OK"
2026-04-27 00:13:56,776 INFO httpx — HTTP Request: POST http://localhost:11434/v1/chat/completions "HTTP/1.1 200 OK"
2026-04-27 00:14:01,302 INFO httpx — HTTP Request: POST http://localhost:11434/v1/chat/completions "HTTP/1.1 200 OK"
2026-04-27 00:14:05,856 INFO httpx — HTTP Request: POST http://localhost:11434/v1/chat/completions "HTTP/1.1 200 OK"
2026-04-27 00:14:10,506 INFO httpx — HTTP Request: POST http://localhost:11434/v1/chat/completions "HTTP/1.1 200 OK"
2026-04-27 00:14:15,502 INFO httpx — HTTP Request: POST http://localhost:11434/v1/chat/completions "HTTP/1.1 200 OK"
2026-04-27 00:14:20,476 INFO httpx — HTTP Request: POST http://localhost:11434/v1/chat/completions "HTTP/1.1 200 OK"
2026-04-27 00:14:25,460 INFO httpx — HTTP Request: POST http://localhost:11434/v1/chat/completions "HTTP/1.1 200 OK"
2026-04-27 00:14:30,369 INFO httpx — HTTP Request: POST http://localhost:11434/v1/chat/completions "HTTP/1.1 200 OK"
2026-04-27 00:14:35,390 INFO httpx — HTTP Request: POST http://localhost:11434/v1/chat/completions "HTTP/1.1 200 OK"
2026-04-27 00:14:40,310 INFO httpx — HTTP Request: POST http://localhost:11434/v1/chat/completions "HTTP/1.1 200 OK"
2026-04-27 00:14:45,430 INFO httpx — HTTP Request: POST http://localhost:11434/v1/chat/completions "HTTP/1.1 200 OK"
2026-04-27 00:14:52,416 INFO httpx — HTTP Request: POST http://localhost:11434/v1/chat/completions "HTTP/1.1 200 OK"
2026-04-27 00:14:57,115 INFO httpx — HTTP Request: POST http://localhost:11434/v1/chat/completions "HTTP/1.1 200 OK"
2026-04-27 00:15:02,336 INFO httpx — HTTP Request: POST http://localhost:11434/v1/chat/completions "HTTP/1.1 200 OK"
2026-04-27 00:15:06,721 INFO httpx — HTTP Request: POST http://localhost:11434/v1/chat/completions "HTTP/1.1 200 OK"
2026-04-27 00:15:11,892 INFO httpx — HTTP Request: POST http://localhost:11434/v1/chat/completions "HTTP/1.1 200 OK"
2026-04-27 00:15:17,915 INFO httpx — HTTP Request: POST http://localhost:11434/v1/chat/completions "HTTP/1.1 200 OK"
2026-04-27 00:15:26,981 INFO httpx — HTTP Request: POST http://localhost:11434/v1/chat/completions "HTTP/1.1 200 OK"
2026-04-27 00:15:33,846 INFO httpx — HTTP Request: POST http://localhost:11434/v1/chat/completions "HTTP/1.1 200 OK"
2026-04-27 00:15:42,650 INFO httpx — HTTP Request: POST http://localhost:11434/v1/chat/completions "HTTP/1.1 200 OK"
2026-04-27 00:15:51,408 INFO httpx — HTTP Request: POST http://localhost:11434/v1/chat/completions "HTTP/1.1 200 OK"
2026-04-27 00:15:56,695 INFO httpx — HTTP Request: POST http://localhost:11434/v1/chat/completions "HTTP/1.1 200 OK"
2026-04-27 00:16:03,413 INFO httpx — HTTP Request: POST http://localhost:11434/v1/chat/completions "HTTP/1.1 200 OK"
2026-04-27 00:16:09,918 INFO httpx — HTTP Request: POST http://localhost:11434/v1/chat/completions "HTTP/1.1 200 OK"
2026-04-27 00:16:15,775 INFO httpx — HTTP Request: POST http://localhost:11434/v1/chat/completions "HTTP/1.1 200 OK"
2026-04-27 00:16:21,697 INFO httpx — HTTP Request: POST http://localhost:11434/v1/chat/completions "HTTP/1.1 200 OK"
2026-04-27 00:16:26,234 INFO httpx — HTTP Request: POST http://localhost:11434/v1/chat/completions "HTTP/1.1 200 OK"
2026-04-27 00:16:31,415 INFO httpx — HTTP Request: POST http://localhost:11434/v1/chat/completions "HTTP/1.1 200 OK"
2026-04-27 00:16:35,718 INFO httpx — HTTP Request: POST http://localhost:11434/v1/chat/completions "HTTP/1.1 200 OK"
2026-04-27 00:16:41,559 INFO httpx — HTTP Request: POST http://localhost:11434/v1/chat/completions "HTTP/1.1 200 OK"
2026-04-27 00:16:47,435 INFO httpx — HTTP Request: POST http://localhost:11434/v1/chat/completions "HTTP/1.1 200 OK"
2026-04-27 00:16:53,685 INFO httpx — HTTP Request: POST http://localhost:11434/v1/chat/completions "HTTP/1.1 200 OK"
2026-04-27 00:16:59,565 INFO httpx — HTTP Request: POST http://localhost:11434/v1/chat/completions "HTTP/1.1 200 OK"
2026-04-27 00:17:04,070 INFO httpx — HTTP Request: POST http://localhost:11434/v1/chat/completions "HTTP/1.1 200 OK"
2026-04-27 00:17:11,294 INFO httpx — HTTP Request: POST http://localhost:11434/v1/chat/completions "HTTP/1.1 200 OK"
2026-04-27 00:17:17,200 INFO httpx — HTTP Request: POST http://localhost:11434/v1/chat/completions "HTTP/1.1 200 OK"
2026-04-27 00:17:23,314 INFO httpx — HTTP Request: POST http://localhost:11434/v1/chat/completions "HTTP/1.1 200 OK"
2026-04-27 00:17:28,796 INFO httpx — HTTP Request: POST http://localhost:11434/v1/chat/completions "HTTP/1.1 200 OK"
2026-04-27 00:17:33,707 INFO httpx — HTTP Request: POST http://localhost:11434/v1/chat/completions "HTTP/1.1 200 OK"
2026-04-27 00:17:38,112 INFO httpx — HTTP Request: POST http://localhost:11434/v1/chat/completions "HTTP/1.1 200 OK"
2026-04-27 00:17:43,520 INFO httpx — HTTP Request: POST http://localhost:11434/v1/chat/completions "HTTP/1.1 200 OK"
2026-04-27 00:17:48,295 INFO httpx — HTTP Request: POST http://localhost:11434/v1/chat/completions "HTTP/1.1 200 OK"
2026-04-27 00:17:53,051 INFO httpx — HTTP Request: POST http://localhost:11434/v1/chat/completions "HTTP/1.1 200 OK"
2026-04-27 00:17:58,137 INFO httpx — HTTP Request: POST http://localhost:11434/v1/chat/completions "HTTP/1.1 200 OK"
2026-04-27 00:18:05,766 INFO httpx — HTTP Request: POST http://localhost:11434/v1/chat/completions "HTTP/1.1 200 OK"
2026-04-27 00:18:16,414 INFO httpx — HTTP Request: POST http://localhost:11434/v1/chat/completions "HTTP/1.1 200 OK"
2026-04-27 00:18:27,426 INFO httpx — HTTP Request: POST http://localhost:11434/v1/chat/completions "HTTP/1.1 200 OK"
2026-04-27 00:18:33,908 INFO httpx — HTTP Request: POST http://localhost:11434/v1/chat/completions "HTTP/1.1 200 OK"
2026-04-27 00:18:41,272 INFO httpx — HTTP Request: POST http://localhost:11434/v1/chat/completions "HTTP/1.1 200 OK"
2026-04-27 00:18:49,570 INFO httpx — HTTP Request: POST http://localhost:11434/v1/chat/completions "HTTP/1.1 200 OK"
2026-04-27 00:18:57,209 INFO httpx — HTTP Request: POST http://localhost:11434/v1/chat/completions "HTTP/1.1 200 OK"
2026-04-27 00:19:04,558 INFO httpx — HTTP Request: POST http://localhost:11434/v1/chat/completions "HTTP/1.1 200 OK"
2026-04-27 00:19:17,113 INFO httpx — HTTP Request: POST http://localhost:11434/v1/chat/completions "HTTP/1.1 200 OK"
2026-04-27 00:19:22,239 INFO httpx — HTTP Request: POST http://localhost:11434/v1/chat/completions "HTTP/1.1 200 OK"
2026-04-27 00:19:29,326 INFO httpx — HTTP Request: POST http://localhost:11434/v1/chat/completions "HTTP/1.1 200 OK"
2026-04-27 00:19:33,715 INFO httpx — HTTP Request: POST http://localhost:11434/v1/chat/completions "HTTP/1.1 200 OK"
2026-04-27 00:19:38,712 INFO httpx — HTTP Request: POST http://localhost:11434/v1/chat/completions "HTTP/1.1 200 OK"
2026-04-27 00:19:45,044 INFO httpx — HTTP Request: POST http://localhost:11434/v1/chat/completions "HTTP/1.1 200 OK"
2026-04-27 00:19:50,224 INFO httpx — HTTP Request: POST http://localhost:11434/v1/chat/completions "HTTP/1.1 200 OK"
2026-04-27 00:19:55,031 INFO httpx — HTTP Request: POST http://localhost:11434/v1/chat/completions "HTTP/1.1 200 OK"
2026-04-27 00:20:03,960 INFO httpx — HTTP Request: POST http://localhost:11434/v1/chat/completions "HTTP/1.1 200 OK"
2026-04-27 00:20:11,891 INFO httpx — HTTP Request: POST http://localhost:11434/v1/chat/completions "HTTP/1.1 200 OK"
2026-04-27 00:20:17,277 INFO httpx — HTTP Request: POST http://localhost:11434/v1/chat/completions "HTTP/1.1 200 OK"
2026-04-27 00:20:22,538 INFO httpx — HTTP Request: POST http://localhost:11434/v1/chat/completions "HTTP/1.1 200 OK"
2026-04-27 00:20:27,393 INFO httpx — HTTP Request: POST http://localhost:11434/v1/chat/completions "HTTP/1.1 200 OK"
2026-04-27 00:20:31,757 INFO httpx — HTTP Request: POST http://localhost:11434/v1/chat/completions "HTTP/1.1 200 OK"
2026-04-27 00:20:36,919 INFO httpx — HTTP Request: POST http://localhost:11434/v1/chat/completions "HTTP/1.1 200 OK"
2026-04-27 00:20:41,559 INFO __main__ — Condition unstructured_reasoning: completed 2/5 (attempt 2, replacements: 0)
2026-04-27 00:20:42,177 INFO httpx — HTTP Request: POST http://localhost:11434/v1/chat/completions "HTTP/1.1 200 OK"
2026-04-27 00:20:47,185 INFO httpx — HTTP Request: POST http://localhost:11434/v1/chat/completions "HTTP/1.1 200 OK"
2026-04-27 00:20:56,865 INFO httpx — HTTP Request: POST http://localhost:11434/v1/chat/completions "HTTP/1.1 200 OK"
2026-04-27 00:21:02,187 INFO httpx — HTTP Request: POST http://localhost:11434/v1/chat/completions "HTTP/1.1 200 OK"
2026-04-27 00:21:08,002 INFO httpx — HTTP Request: POST http://localhost:11434/v1/chat/completions "HTTP/1.1 200 OK"
2026-04-27 00:21:13,224 INFO httpx — HTTP Request: POST http://localhost:11434/v1/chat/completions "HTTP/1.1 200 OK"
2026-04-27 00:21:18,131 INFO httpx — HTTP Request: POST http://localhost:11434/v1/chat/completions "HTTP/1.1 200 OK"
2026-04-27 00:21:23,536 INFO httpx — HTTP Request: POST http://localhost:11434/v1/chat/completions "HTTP/1.1 200 OK"
2026-04-27 00:21:28,191 INFO httpx — HTTP Request: POST http://localhost:11434/v1/chat/completions "HTTP/1.1 200 OK"
2026-04-27 00:21:32,673 INFO httpx — HTTP Request: POST http://localhost:11434/v1/chat/completions "HTTP/1.1 200 OK"
2026-04-27 00:21:37,264 INFO httpx — HTTP Request: POST http://localhost:11434/v1/chat/completions "HTTP/1.1 200 OK"
2026-04-27 00:21:42,028 INFO httpx — HTTP Request: POST http://localhost:11434/v1/chat/completions "HTTP/1.1 200 OK"
2026-04-27 00:21:46,797 INFO httpx — HTTP Request: POST http://localhost:11434/v1/chat/completions "HTTP/1.1 200 OK"
2026-04-27 00:21:51,823 INFO httpx — HTTP Request: POST http://localhost:11434/v1/chat/completions "HTTP/1.1 200 OK"
2026-04-27 00:21:55,923 INFO httpx — HTTP Request: POST http://localhost:11434/v1/chat/completions "HTTP/1.1 200 OK"
2026-04-27 00:22:00,712 INFO httpx — HTTP Request: POST http://localhost:11434/v1/chat/completions "HTTP/1.1 200 OK"
2026-04-27 00:22:05,028 INFO httpx — HTTP Request: POST http://localhost:11434/v1/chat/completions "HTTP/1.1 200 OK"
2026-04-27 00:22:09,592 INFO httpx — HTTP Request: POST http://localhost:11434/v1/chat/completions "HTTP/1.1 200 OK"
2026-04-27 00:22:14,060 INFO httpx — HTTP Request: POST http://localhost:11434/v1/chat/completions "HTTP/1.1 200 OK"
2026-04-27 00:22:22,226 INFO httpx — HTTP Request: POST http://localhost:11434/v1/chat/completions "HTTP/1.1 200 OK"
2026-04-27 00:22:26,566 INFO httpx — HTTP Request: POST http://localhost:11434/v1/chat/completions "HTTP/1.1 200 OK"
2026-04-27 00:22:30,130 INFO httpx — HTTP Request: POST http://localhost:11434/v1/chat/completions "HTTP/1.1 200 OK"
2026-04-27 00:22:38,095 INFO httpx — HTTP Request: POST http://localhost:11434/v1/chat/completions "HTTP/1.1 200 OK"
2026-04-27 00:22:41,986 INFO httpx — HTTP Request: POST http://localhost:11434/v1/chat/completions "HTTP/1.1 200 OK"
2026-04-27 00:22:45,481 INFO httpx — HTTP Request: POST http://localhost:11434/v1/chat/completions "HTTP/1.1 200 OK"
2026-04-27 00:22:53,049 INFO httpx — HTTP Request: POST http://localhost:11434/v1/chat/completions "HTTP/1.1 200 OK"
2026-04-27 00:23:01,592 INFO httpx — HTTP Request: POST http://localhost:11434/v1/chat/completions "HTTP/1.1 200 OK"
2026-04-27 00:23:05,075 INFO httpx — HTTP Request: POST http://localhost:11434/v1/chat/completions "HTTP/1.1 200 OK"
2026-04-27 00:23:11,874 INFO httpx — HTTP Request: POST http://localhost:11434/v1/chat/completions "HTTP/1.1 200 OK"
2026-04-27 00:23:19,626 INFO httpx — HTTP Request: POST http://localhost:11434/v1/chat/completions "HTTP/1.1 200 OK"
2026-04-27 00:23:29,056 INFO httpx — HTTP Request: POST http://localhost:11434/v1/chat/completions "HTTP/1.1 200 OK"
2026-04-27 00:23:36,572 INFO httpx — HTTP Request: POST http://localhost:11434/v1/chat/completions "HTTP/1.1 200 OK"
2026-04-27 00:23:40,334 INFO httpx — HTTP Request: POST http://localhost:11434/v1/chat/completions "HTTP/1.1 200 OK"
2026-04-27 00:23:47,787 INFO httpx — HTTP Request: POST http://localhost:11434/v1/chat/completions "HTTP/1.1 200 OK"
2026-04-27 00:23:54,147 INFO httpx — HTTP Request: POST http://localhost:11434/v1/chat/completions "HTTP/1.1 200 OK"
2026-04-27 00:23:59,900 INFO httpx — HTTP Request: POST http://localhost:11434/v1/chat/completions "HTTP/1.1 200 OK"
2026-04-27 00:24:06,666 INFO httpx — HTTP Request: POST http://localhost:11434/v1/chat/completions "HTTP/1.1 200 OK"
2026-04-27 00:24:12,047 INFO httpx — HTTP Request: POST http://localhost:11434/v1/chat/completions "HTTP/1.1 200 OK"
2026-04-27 00:24:17,657 INFO httpx — HTTP Request: POST http://localhost:11434/v1/chat/completions "HTTP/1.1 200 OK"
2026-04-27 00:24:22,369 INFO httpx — HTTP Request: POST http://localhost:11434/v1/chat/completions "HTTP/1.1 200 OK"
2026-04-27 00:24:27,679 INFO httpx — HTTP Request: POST http://localhost:11434/v1/chat/completions "HTTP/1.1 200 OK"
2026-04-27 00:24:32,178 INFO httpx — HTTP Request: POST http://localhost:11434/v1/chat/completions "HTTP/1.1 200 OK"
2026-04-27 00:24:38,307 INFO httpx — HTTP Request: POST http://localhost:11434/v1/chat/completions "HTTP/1.1 200 OK"
2026-04-27 00:24:43,189 INFO httpx — HTTP Request: POST http://localhost:11434/v1/chat/completions "HTTP/1.1 200 OK"
2026-04-27 00:24:47,709 INFO httpx — HTTP Request: POST http://localhost:11434/v1/chat/completions "HTTP/1.1 200 OK"
2026-04-27 00:24:52,668 INFO httpx — HTTP Request: POST http://localhost:11434/v1/chat/completions "HTTP/1.1 200 OK"
2026-04-27 00:24:57,488 INFO httpx — HTTP Request: POST http://localhost:11434/v1/chat/completions "HTTP/1.1 200 OK"
2026-04-27 00:25:02,025 INFO httpx — HTTP Request: POST http://localhost:11434/v1/chat/completions "HTTP/1.1 200 OK"
2026-04-27 00:25:07,071 INFO httpx — HTTP Request: POST http://localhost:11434/v1/chat/completions "HTTP/1.1 200 OK"
2026-04-27 00:25:12,608 INFO httpx — HTTP Request: POST http://localhost:11434/v1/chat/completions "HTTP/1.1 200 OK"
2026-04-27 00:25:16,879 INFO httpx — HTTP Request: POST http://localhost:11434/v1/chat/completions "HTTP/1.1 200 OK"
2026-04-27 00:25:21,947 INFO httpx — HTTP Request: POST http://localhost:11434/v1/chat/completions "HTTP/1.1 200 OK"
2026-04-27 00:25:27,494 INFO httpx — HTTP Request: POST http://localhost:11434/v1/chat/completions "HTTP/1.1 200 OK"
2026-04-27 00:25:32,835 INFO httpx — HTTP Request: POST http://localhost:11434/v1/chat/completions "HTTP/1.1 200 OK"
2026-04-27 00:25:37,876 INFO httpx — HTTP Request: POST http://localhost:11434/v1/chat/completions "HTTP/1.1 200 OK"
2026-04-27 00:25:48,071 INFO httpx — HTTP Request: POST http://localhost:11434/v1/chat/completions "HTTP/1.1 200 OK"
2026-04-27 00:25:55,912 INFO httpx — HTTP Request: POST http://localhost:11434/v1/chat/completions "HTTP/1.1 200 OK"
2026-04-27 00:26:03,517 INFO httpx — HTTP Request: POST http://localhost:11434/v1/chat/completions "HTTP/1.1 200 OK"
2026-04-27 00:26:11,461 INFO httpx — HTTP Request: POST http://localhost:11434/v1/chat/completions "HTTP/1.1 200 OK"
2026-04-27 00:26:16,928 INFO httpx — HTTP Request: POST http://localhost:11434/v1/chat/completions "HTTP/1.1 200 OK"
2026-04-27 00:26:23,422 INFO httpx — HTTP Request: POST http://localhost:11434/v1/chat/completions "HTTP/1.1 200 OK"
2026-04-27 00:26:31,401 INFO httpx — HTTP Request: POST http://localhost:11434/v1/chat/completions "HTTP/1.1 200 OK"
2026-04-27 00:26:36,801 INFO httpx — HTTP Request: POST http://localhost:11434/v1/chat/completions "HTTP/1.1 200 OK"
2026-04-27 00:26:45,025 INFO httpx — HTTP Request: POST http://localhost:11434/v1/chat/completions "HTTP/1.1 200 OK"
2026-04-27 00:26:49,909 INFO httpx — HTTP Request: POST http://localhost:11434/v1/chat/completions "HTTP/1.1 200 OK"
2026-04-27 00:26:54,541 INFO httpx — HTTP Request: POST http://localhost:11434/v1/chat/completions "HTTP/1.1 200 OK"
2026-04-27 00:26:59,122 INFO httpx — HTTP Request: POST http://localhost:11434/v1/chat/completions "HTTP/1.1 200 OK"
2026-04-27 00:27:04,802 INFO httpx — HTTP Request: POST http://localhost:11434/v1/chat/completions "HTTP/1.1 200 OK"
2026-04-27 00:27:09,933 INFO httpx — HTTP Request: POST http://localhost:11434/v1/chat/completions "HTTP/1.1 200 OK"
2026-04-27 00:27:14,478 INFO httpx — HTTP Request: POST http://localhost:11434/v1/chat/completions "HTTP/1.1 200 OK"
2026-04-27 00:27:19,588 INFO httpx — HTTP Request: POST http://localhost:11434/v1/chat/completions "HTTP/1.1 200 OK"
2026-04-27 00:27:24,821 INFO httpx — HTTP Request: POST http://localhost:11434/v1/chat/completions "HTTP/1.1 200 OK"
2026-04-27 00:27:30,500 INFO httpx — HTTP Request: POST http://localhost:11434/v1/chat/completions "HTTP/1.1 200 OK"
2026-04-27 00:27:36,479 INFO httpx — HTTP Request: POST http://localhost:11434/v1/chat/completions "HTTP/1.1 200 OK"
2026-04-27 00:27:41,360 INFO httpx — HTTP Request: POST http://localhost:11434/v1/chat/completions "HTTP/1.1 200 OK"
2026-04-27 00:27:47,057 INFO httpx — HTTP Request: POST http://localhost:11434/v1/chat/completions "HTTP/1.1 200 OK"
2026-04-27 00:27:52,864 INFO httpx — HTTP Request: POST http://localhost:11434/v1/chat/completions "HTTP/1.1 200 OK"
2026-04-27 00:27:58,837 INFO httpx — HTTP Request: POST http://localhost:11434/v1/chat/completions "HTTP/1.1 200 OK"
2026-04-27 00:28:03,106 INFO httpx — HTTP Request: POST http://localhost:11434/v1/chat/completions "HTTP/1.1 200 OK"
2026-04-27 00:28:08,709 INFO httpx — HTTP Request: POST http://localhost:11434/v1/chat/completions "HTTP/1.1 200 OK"
2026-04-27 00:28:13,165 INFO httpx — HTTP Request: POST http://localhost:11434/v1/chat/completions "HTTP/1.1 200 OK"
2026-04-27 00:28:18,142 INFO httpx — HTTP Request: POST http://localhost:11434/v1/chat/completions "HTTP/1.1 200 OK"
2026-04-27 00:28:28,602 INFO httpx — HTTP Request: POST http://localhost:11434/v1/chat/completions "HTTP/1.1 200 OK"
2026-04-27 00:28:39,376 INFO httpx — HTTP Request: POST http://localhost:11434/v1/chat/completions "HTTP/1.1 200 OK"
2026-04-27 00:28:47,687 INFO httpx — HTTP Request: POST http://localhost:11434/v1/chat/completions "HTTP/1.1 200 OK"
2026-04-27 00:28:54,171 INFO httpx — HTTP Request: POST http://localhost:11434/v1/chat/completions "HTTP/1.1 200 OK"
2026-04-27 00:29:03,201 INFO httpx — HTTP Request: POST http://localhost:11434/v1/chat/completions "HTTP/1.1 200 OK"
2026-04-27 00:29:10,523 INFO httpx — HTTP Request: POST http://localhost:11434/v1/chat/completions "HTTP/1.1 200 OK"
2026-04-27 00:29:17,612 INFO httpx — HTTP Request: POST http://localhost:11434/v1/chat/completions "HTTP/1.1 200 OK"
2026-04-27 00:29:26,596 INFO httpx — HTTP Request: POST http://localhost:11434/v1/chat/completions "HTTP/1.1 200 OK"
2026-04-27 00:29:41,653 INFO httpx — HTTP Request: POST http://localhost:11434/v1/chat/completions "HTTP/1.1 200 OK"
2026-04-27 00:29:45,735 INFO httpx — HTTP Request: POST http://localhost:11434/v1/chat/completions "HTTP/1.1 200 OK"
2026-04-27 00:29:50,553 INFO httpx — HTTP Request: POST http://localhost:11434/v1/chat/completions "HTTP/1.1 200 OK"
2026-04-27 00:29:55,672 INFO httpx — HTTP Request: POST http://localhost:11434/v1/chat/completions "HTTP/1.1 200 OK"
2026-04-27 00:30:00,007 INFO httpx — HTTP Request: POST http://localhost:11434/v1/chat/completions "HTTP/1.1 200 OK"
2026-04-27 00:30:04,951 INFO httpx — HTTP Request: POST http://localhost:11434/v1/chat/completions "HTTP/1.1 200 OK"
2026-04-27 00:30:10,446 INFO httpx — HTTP Request: POST http://localhost:11434/v1/chat/completions "HTTP/1.1 200 OK"
2026-04-27 00:30:14,820 INFO httpx — HTTP Request: POST http://localhost:11434/v1/chat/completions "HTTP/1.1 200 OK"
2026-04-27 00:30:21,400 INFO httpx — HTTP Request: POST http://localhost:11434/v1/chat/completions "HTTP/1.1 200 OK"
2026-04-27 00:30:29,367 INFO httpx — HTTP Request: POST http://localhost:11434/v1/chat/completions "HTTP/1.1 200 OK"
2026-04-27 00:30:35,197 INFO httpx — HTTP Request: POST http://localhost:11434/v1/chat/completions "HTTP/1.1 200 OK"
2026-04-27 00:30:41,663 INFO httpx — HTTP Request: POST http://localhost:11434/v1/chat/completions "HTTP/1.1 200 OK"
2026-04-27 00:30:46,920 INFO httpx — HTTP Request: POST http://localhost:11434/v1/chat/completions "HTTP/1.1 200 OK"
2026-04-27 00:30:51,439 INFO httpx — HTTP Request: POST http://localhost:11434/v1/chat/completions "HTTP/1.1 200 OK"
2026-04-27 00:30:57,252 INFO httpx — HTTP Request: POST http://localhost:11434/v1/chat/completions "HTTP/1.1 200 OK"
2026-04-27 00:31:02,428 INFO __main__ — Condition unstructured_reasoning: completed 3/5 (attempt 3, replacements: 0)
2026-04-27 00:31:03,065 INFO httpx — HTTP Request: POST http://localhost:11434/v1/chat/completions "HTTP/1.1 200 OK"
2026-04-27 00:31:08,958 INFO httpx — HTTP Request: POST http://localhost:11434/v1/chat/completions "HTTP/1.1 200 OK"
2026-04-27 00:31:15,948 INFO httpx — HTTP Request: POST http://localhost:11434/v1/chat/completions "HTTP/1.1 200 OK"
2026-04-27 00:31:20,548 INFO httpx — HTTP Request: POST http://localhost:11434/v1/chat/completions "HTTP/1.1 200 OK"
2026-04-27 00:31:25,057 INFO httpx — HTTP Request: POST http://localhost:11434/v1/chat/completions "HTTP/1.1 200 OK"
2026-04-27 00:31:29,780 INFO httpx — HTTP Request: POST http://localhost:11434/v1/chat/completions "HTTP/1.1 200 OK"
2026-04-27 00:31:35,185 INFO httpx — HTTP Request: POST http://localhost:11434/v1/chat/completions "HTTP/1.1 200 OK"
2026-04-27 00:31:40,525 INFO httpx — HTTP Request: POST http://localhost:11434/v1/chat/completions "HTTP/1.1 200 OK"
2026-04-27 00:31:46,384 INFO httpx — HTTP Request: POST http://localhost:11434/v1/chat/completions "HTTP/1.1 200 OK"
2026-04-27 00:31:51,127 INFO httpx — HTTP Request: POST http://localhost:11434/v1/chat/completions "HTTP/1.1 200 OK"
2026-04-27 00:32:04,147 INFO httpx — HTTP Request: POST http://localhost:11434/v1/chat/completions "HTTP/1.1 200 OK"
2026-04-27 00:32:08,663 INFO httpx — HTTP Request: POST http://localhost:11434/v1/chat/completions "HTTP/1.1 200 OK"
2026-04-27 00:32:12,120 INFO httpx — HTTP Request: POST http://localhost:11434/v1/chat/completions "HTTP/1.1 200 OK"
2026-04-27 00:32:17,922 INFO httpx — HTTP Request: POST http://localhost:11434/v1/chat/completions "HTTP/1.1 200 OK"
2026-04-27 00:32:24,003 INFO httpx — HTTP Request: POST http://localhost:11434/v1/chat/completions "HTTP/1.1 200 OK"
2026-04-27 00:32:28,159 INFO httpx — HTTP Request: POST http://localhost:11434/v1/chat/completions "HTTP/1.1 200 OK"
2026-04-27 00:32:34,285 INFO httpx — HTTP Request: POST http://localhost:11434/v1/chat/completions "HTTP/1.1 200 OK"
2026-04-27 00:32:39,098 INFO httpx — HTTP Request: POST http://localhost:11434/v1/chat/completions "HTTP/1.1 200 OK"
2026-04-27 00:32:43,294 INFO httpx — HTTP Request: POST http://localhost:11434/v1/chat/completions "HTTP/1.1 200 OK"
2026-04-27 00:32:51,897 INFO httpx — HTTP Request: POST http://localhost:11434/v1/chat/completions "HTTP/1.1 200 OK"
2026-04-27 00:33:00,323 INFO httpx — HTTP Request: POST http://localhost:11434/v1/chat/completions "HTTP/1.1 200 OK"
2026-04-27 00:33:05,457 INFO httpx — HTTP Request: POST http://localhost:11434/v1/chat/completions "HTTP/1.1 200 OK"
2026-04-27 00:33:11,270 INFO httpx — HTTP Request: POST http://localhost:11434/v1/chat/completions "HTTP/1.1 200 OK"
2026-04-27 00:33:18,967 INFO httpx — HTTP Request: POST http://localhost:11434/v1/chat/completions "HTTP/1.1 200 OK"
2026-04-27 00:33:23,382 INFO httpx — HTTP Request: POST http://localhost:11434/v1/chat/completions "HTTP/1.1 200 OK"
2026-04-27 00:33:30,672 INFO httpx — HTTP Request: POST http://localhost:11434/v1/chat/completions "HTTP/1.1 200 OK"
2026-04-27 00:33:39,239 INFO httpx — HTTP Request: POST http://localhost:11434/v1/chat/completions "HTTP/1.1 200 OK"
2026-04-27 00:33:45,847 INFO httpx — HTTP Request: POST http://localhost:11434/v1/chat/completions "HTTP/1.1 200 OK"
2026-04-27 00:33:52,340 INFO httpx — HTTP Request: POST http://localhost:11434/v1/chat/completions "HTTP/1.1 200 OK"
2026-04-27 00:34:00,402 INFO httpx — HTTP Request: POST http://localhost:11434/v1/chat/completions "HTTP/1.1 200 OK"
2026-04-27 00:34:08,477 INFO httpx — HTTP Request: POST http://localhost:11434/v1/chat/completions "HTTP/1.1 200 OK"
2026-04-27 00:34:13,404 INFO httpx — HTTP Request: POST http://localhost:11434/v1/chat/completions "HTTP/1.1 200 OK"
2026-04-27 00:34:20,674 INFO httpx — HTTP Request: POST http://localhost:11434/v1/chat/completions "HTTP/1.1 200 OK"
2026-04-27 00:34:28,522 INFO httpx — HTTP Request: POST http://localhost:11434/v1/chat/completions "HTTP/1.1 200 OK"
2026-04-27 00:34:36,846 INFO httpx — HTTP Request: POST http://localhost:11434/v1/chat/completions "HTTP/1.1 200 OK"
2026-04-27 00:34:43,012 INFO httpx — HTTP Request: POST http://localhost:11434/v1/chat/completions "HTTP/1.1 200 OK"
2026-04-27 00:34:48,060 INFO httpx — HTTP Request: POST http://localhost:11434/v1/chat/completions "HTTP/1.1 200 OK"
2026-04-27 00:34:52,879 INFO httpx — HTTP Request: POST http://localhost:11434/v1/chat/completions "HTTP/1.1 200 OK"
2026-04-27 00:34:57,891 INFO httpx — HTTP Request: POST http://localhost:11434/v1/chat/completions "HTTP/1.1 200 OK"
2026-04-27 00:35:04,101 INFO httpx — HTTP Request: POST http://localhost:11434/v1/chat/completions "HTTP/1.1 200 OK"
2026-04-27 00:35:10,385 INFO httpx — HTTP Request: POST http://localhost:11434/v1/chat/completions "HTTP/1.1 200 OK"
2026-04-27 00:35:15,550 INFO httpx — HTTP Request: POST http://localhost:11434/v1/chat/completions "HTTP/1.1 200 OK"
2026-04-27 00:35:21,021 INFO httpx — HTTP Request: POST http://localhost:11434/v1/chat/completions "HTTP/1.1 200 OK"
2026-04-27 00:35:25,820 INFO httpx — HTTP Request: POST http://localhost:11434/v1/chat/completions "HTTP/1.1 200 OK"
2026-04-27 00:35:30,109 INFO httpx — HTTP Request: POST http://localhost:11434/v1/chat/completions "HTTP/1.1 200 OK"
2026-04-27 00:35:35,457 INFO httpx — HTTP Request: POST http://localhost:11434/v1/chat/completions "HTTP/1.1 200 OK"
2026-04-27 00:35:40,041 INFO httpx — HTTP Request: POST http://localhost:11434/v1/chat/completions "HTTP/1.1 200 OK"
2026-04-27 00:35:44,419 INFO httpx — HTTP Request: POST http://localhost:11434/v1/chat/completions "HTTP/1.1 200 OK"
2026-04-27 00:35:51,604 INFO httpx — HTTP Request: POST http://localhost:11434/v1/chat/completions "HTTP/1.1 200 OK"
2026-04-27 00:35:58,554 INFO httpx — HTTP Request: POST http://localhost:11434/v1/chat/completions "HTTP/1.1 200 OK"
2026-04-27 00:36:03,926 INFO httpx — HTTP Request: POST http://localhost:11434/v1/chat/completions "HTTP/1.1 200 OK"
2026-04-27 00:36:09,166 INFO httpx — HTTP Request: POST http://localhost:11434/v1/chat/completions "HTTP/1.1 200 OK"
2026-04-27 00:36:15,564 INFO httpx — HTTP Request: POST http://localhost:11434/v1/chat/completions "HTTP/1.1 200 OK"
2026-04-27 00:36:20,076 INFO httpx — HTTP Request: POST http://localhost:11434/v1/chat/completions "HTTP/1.1 200 OK"
2026-04-27 00:36:25,099 INFO httpx — HTTP Request: POST http://localhost:11434/v1/chat/completions "HTTP/1.1 200 OK"
2026-04-27 00:36:36,772 INFO httpx — HTTP Request: POST http://localhost:11434/v1/chat/completions "HTTP/1.1 200 OK"
2026-04-27 00:36:45,376 INFO httpx — HTTP Request: POST http://localhost:11434/v1/chat/completions "HTTP/1.1 200 OK"
2026-04-27 00:36:51,848 INFO httpx — HTTP Request: POST http://localhost:11434/v1/chat/completions "HTTP/1.1 200 OK"
2026-04-27 00:37:02,900 INFO httpx — HTTP Request: POST http://localhost:11434/v1/chat/completions "HTTP/1.1 200 OK"
2026-04-27 00:37:09,036 INFO httpx — HTTP Request: POST http://localhost:11434/v1/chat/completions "HTTP/1.1 200 OK"
2026-04-27 00:37:14,085 INFO httpx — HTTP Request: POST http://localhost:11434/v1/chat/completions "HTTP/1.1 200 OK"
2026-04-27 00:37:21,531 INFO httpx — HTTP Request: POST http://localhost:11434/v1/chat/completions "HTTP/1.1 200 OK"
2026-04-27 00:37:28,158 INFO httpx — HTTP Request: POST http://localhost:11434/v1/chat/completions "HTTP/1.1 200 OK"
2026-04-27 00:37:35,172 INFO httpx — HTTP Request: POST http://localhost:11434/v1/chat/completions "HTTP/1.1 200 OK"
2026-04-27 00:37:40,004 INFO httpx — HTTP Request: POST http://localhost:11434/v1/chat/completions "HTTP/1.1 200 OK"
2026-04-27 00:37:46,779 INFO httpx — HTTP Request: POST http://localhost:11434/v1/chat/completions "HTTP/1.1 200 OK"
2026-04-27 00:37:52,948 INFO httpx — HTTP Request: POST http://localhost:11434/v1/chat/completions "HTTP/1.1 200 OK"
2026-04-27 00:37:59,128 INFO httpx — HTTP Request: POST http://localhost:11434/v1/chat/completions "HTTP/1.1 200 OK"
2026-04-27 00:38:03,784 INFO httpx — HTTP Request: POST http://localhost:11434/v1/chat/completions "HTTP/1.1 200 OK"
2026-04-27 00:38:08,243 INFO httpx — HTTP Request: POST http://localhost:11434/v1/chat/completions "HTTP/1.1 200 OK"
2026-04-27 00:38:12,996 INFO httpx — HTTP Request: POST http://localhost:11434/v1/chat/completions "HTTP/1.1 200 OK"
2026-04-27 00:38:17,256 INFO httpx — HTTP Request: POST http://localhost:11434/v1/chat/completions "HTTP/1.1 200 OK"
2026-04-27 00:38:22,021 INFO httpx — HTTP Request: POST http://localhost:11434/v1/chat/completions "HTTP/1.1 200 OK"
2026-04-27 00:38:30,239 INFO httpx — HTTP Request: POST http://localhost:11434/v1/chat/completions "HTTP/1.1 200 OK"
2026-04-27 00:38:34,937 INFO httpx — HTTP Request: POST http://localhost:11434/v1/chat/completions "HTTP/1.1 200 OK"
2026-04-27 00:38:40,191 INFO httpx — HTTP Request: POST http://localhost:11434/v1/chat/completions "HTTP/1.1 200 OK"
2026-04-27 00:38:44,061 INFO httpx — HTTP Request: POST http://localhost:11434/v1/chat/completions "HTTP/1.1 200 OK"
2026-04-27 00:38:48,971 INFO httpx — HTTP Request: POST http://localhost:11434/v1/chat/completions "HTTP/1.1 200 OK"
2026-04-27 00:38:53,601 INFO httpx — HTTP Request: POST http://localhost:11434/v1/chat/completions "HTTP/1.1 200 OK"
2026-04-27 00:38:58,363 INFO httpx — HTTP Request: POST http://localhost:11434/v1/chat/completions "HTTP/1.1 200 OK"
2026-04-27 00:39:03,076 INFO httpx — HTTP Request: POST http://localhost:11434/v1/chat/completions "HTTP/1.1 200 OK"
2026-04-27 00:39:14,138 INFO httpx — HTTP Request: POST http://localhost:11434/v1/chat/completions "HTTP/1.1 200 OK"
2026-04-27 00:39:22,795 INFO httpx — HTTP Request: POST http://localhost:11434/v1/chat/completions "HTTP/1.1 200 OK"
2026-04-27 00:39:35,346 INFO httpx — HTTP Request: POST http://localhost:11434/v1/chat/completions "HTTP/1.1 200 OK"
2026-04-27 00:39:50,411 INFO httpx — HTTP Request: POST http://localhost:11434/v1/chat/completions "HTTP/1.1 200 OK"
2026-04-27 00:39:56,639 INFO httpx — HTTP Request: POST http://localhost:11434/v1/chat/completions "HTTP/1.1 200 OK"
2026-04-27 00:40:03,829 INFO httpx — HTTP Request: POST http://localhost:11434/v1/chat/completions "HTTP/1.1 200 OK"
2026-04-27 00:40:12,630 INFO httpx — HTTP Request: POST http://localhost:11434/v1/chat/completions "HTTP/1.1 200 OK"
2026-04-27 00:40:19,526 INFO httpx — HTTP Request: POST http://localhost:11434/v1/chat/completions "HTTP/1.1 200 OK"
2026-04-27 00:40:27,797 INFO httpx — HTTP Request: POST http://localhost:11434/v1/chat/completions "HTTP/1.1 200 OK"
2026-04-27 00:40:43,251 INFO httpx — HTTP Request: POST http://localhost:11434/v1/chat/completions "HTTP/1.1 200 OK"
2026-04-27 00:40:48,446 INFO httpx — HTTP Request: POST http://localhost:11434/v1/chat/completions "HTTP/1.1 200 OK"
2026-04-27 00:40:52,778 INFO httpx — HTTP Request: POST http://localhost:11434/v1/chat/completions "HTTP/1.1 200 OK"
2026-04-27 00:40:58,515 INFO httpx — HTTP Request: POST http://localhost:11434/v1/chat/completions "HTTP/1.1 200 OK"
2026-04-27 00:41:03,784 INFO httpx — HTTP Request: POST http://localhost:11434/v1/chat/completions "HTTP/1.1 200 OK"
2026-04-27 00:41:10,662 INFO httpx — HTTP Request: POST http://localhost:11434/v1/chat/completions "HTTP/1.1 200 OK"
2026-04-27 00:41:16,090 INFO httpx — HTTP Request: POST http://localhost:11434/v1/chat/completions "HTTP/1.1 200 OK"
2026-04-27 00:41:21,824 INFO httpx — HTTP Request: POST http://localhost:11434/v1/chat/completions "HTTP/1.1 200 OK"
2026-04-27 00:41:27,293 INFO httpx — HTTP Request: POST http://localhost:11434/v1/chat/completions "HTTP/1.1 200 OK"
2026-04-27 00:41:32,573 INFO httpx — HTTP Request: POST http://localhost:11434/v1/chat/completions "HTTP/1.1 200 OK"
2026-04-27 00:41:39,011 INFO httpx — HTTP Request: POST http://localhost:11434/v1/chat/completions "HTTP/1.1 200 OK"
2026-04-27 00:41:45,258 INFO httpx — HTTP Request: POST http://localhost:11434/v1/chat/completions "HTTP/1.1 200 OK"
2026-04-27 00:41:50,578 INFO httpx — HTTP Request: POST http://localhost:11434/v1/chat/completions "HTTP/1.1 200 OK"
2026-04-27 00:41:54,830 INFO httpx — HTTP Request: POST http://localhost:11434/v1/chat/completions "HTTP/1.1 200 OK"
2026-04-27 00:42:00,718 INFO httpx — HTTP Request: POST http://localhost:11434/v1/chat/completions "HTTP/1.1 200 OK"
2026-04-27 00:42:05,658 INFO __main__ — Condition unstructured_reasoning: completed 4/5 (attempt 4, replacements: 0)
2026-04-27 00:42:06,260 INFO httpx — HTTP Request: POST http://localhost:11434/v1/chat/completions "HTTP/1.1 200 OK"
2026-04-27 00:42:11,350 INFO httpx — HTTP Request: POST http://localhost:11434/v1/chat/completions "HTTP/1.1 200 OK"
2026-04-27 00:42:24,749 INFO httpx — HTTP Request: POST http://localhost:11434/v1/chat/completions "HTTP/1.1 200 OK"
2026-04-27 00:42:29,028 INFO httpx — HTTP Request: POST http://localhost:11434/v1/chat/completions "HTTP/1.1 200 OK"
2026-04-27 00:42:34,547 INFO httpx — HTTP Request: POST http://localhost:11434/v1/chat/completions "HTTP/1.1 200 OK"
2026-04-27 00:42:39,877 INFO httpx — HTTP Request: POST http://localhost:11434/v1/chat/completions "HTTP/1.1 200 OK"
2026-04-27 00:42:44,058 INFO httpx — HTTP Request: POST http://localhost:11434/v1/chat/completions "HTTP/1.1 200 OK"
2026-04-27 00:42:48,682 INFO httpx — HTTP Request: POST http://localhost:11434/v1/chat/completions "HTTP/1.1 200 OK"
2026-04-27 00:42:54,452 INFO httpx — HTTP Request: POST http://localhost:11434/v1/chat/completions "HTTP/1.1 200 OK"
2026-04-27 00:42:58,915 INFO httpx — HTTP Request: POST http://localhost:11434/v1/chat/completions "HTTP/1.1 200 OK"
2026-04-27 00:43:05,146 INFO httpx — HTTP Request: POST http://localhost:11434/v1/chat/completions "HTTP/1.1 200 OK"
2026-04-27 00:43:10,800 INFO httpx — HTTP Request: POST http://localhost:11434/v1/chat/completions "HTTP/1.1 200 OK"
2026-04-27 00:43:17,316 INFO httpx — HTTP Request: POST http://localhost:11434/v1/chat/completions "HTTP/1.1 200 OK"
2026-04-27 00:43:21,952 INFO httpx — HTTP Request: POST http://localhost:11434/v1/chat/completions "HTTP/1.1 200 OK"
2026-04-27 00:43:27,049 INFO httpx — HTTP Request: POST http://localhost:11434/v1/chat/completions "HTTP/1.1 200 OK"
2026-04-27 00:43:32,219 INFO httpx — HTTP Request: POST http://localhost:11434/v1/chat/completions "HTTP/1.1 200 OK"
2026-04-27 00:43:36,541 INFO httpx — HTTP Request: POST http://localhost:11434/v1/chat/completions "HTTP/1.1 200 OK"
2026-04-27 00:43:41,835 INFO httpx — HTTP Request: POST http://localhost:11434/v1/chat/completions "HTTP/1.1 200 OK"
2026-04-27 00:43:47,376 INFO httpx — HTTP Request: POST http://localhost:11434/v1/chat/completions "HTTP/1.1 200 OK"
2026-04-27 00:43:56,464 INFO httpx — HTTP Request: POST http://localhost:11434/v1/chat/completions "HTTP/1.1 200 OK"
2026-04-27 00:44:00,246 INFO httpx — HTTP Request: POST http://localhost:11434/v1/chat/completions "HTTP/1.1 200 OK"
2026-04-27 00:44:03,546 INFO httpx — HTTP Request: POST http://localhost:11434/v1/chat/completions "HTTP/1.1 200 OK"
2026-04-27 00:44:10,975 INFO httpx — HTTP Request: POST http://localhost:11434/v1/chat/completions "HTTP/1.1 200 OK"
2026-04-27 00:44:15,593 INFO httpx — HTTP Request: POST http://localhost:11434/v1/chat/completions "HTTP/1.1 200 OK"
2026-04-27 00:44:19,332 INFO httpx — HTTP Request: POST http://localhost:11434/v1/chat/completions "HTTP/1.1 200 OK"
2026-04-27 00:44:25,707 INFO httpx — HTTP Request: POST http://localhost:11434/v1/chat/completions "HTTP/1.1 200 OK"
2026-04-27 00:44:34,816 INFO httpx — HTTP Request: POST http://localhost:11434/v1/chat/completions "HTTP/1.1 200 OK"
2026-04-27 00:44:38,797 INFO httpx — HTTP Request: POST http://localhost:11434/v1/chat/completions "HTTP/1.1 200 OK"
2026-04-27 00:44:45,813 INFO httpx — HTTP Request: POST http://localhost:11434/v1/chat/completions "HTTP/1.1 200 OK"
2026-04-27 00:44:50,915 INFO httpx — HTTP Request: POST http://localhost:11434/v1/chat/completions "HTTP/1.1 200 OK"
2026-04-27 00:44:56,203 INFO httpx — HTTP Request: POST http://localhost:11434/v1/chat/completions "HTTP/1.1 200 OK"
2026-04-27 00:45:04,518 INFO httpx — HTTP Request: POST http://localhost:11434/v1/chat/completions "HTTP/1.1 200 OK"
2026-04-27 00:45:09,041 INFO httpx — HTTP Request: POST http://localhost:11434/v1/chat/completions "HTTP/1.1 200 OK"
2026-04-27 00:45:17,068 INFO httpx — HTTP Request: POST http://localhost:11434/v1/chat/completions "HTTP/1.1 200 OK"
2026-04-27 00:45:22,872 INFO httpx — HTTP Request: POST http://localhost:11434/v1/chat/completions "HTTP/1.1 200 OK"
2026-04-27 00:45:29,039 INFO httpx — HTTP Request: POST http://localhost:11434/v1/chat/completions "HTTP/1.1 200 OK"
2026-04-27 00:45:35,430 INFO httpx — HTTP Request: POST http://localhost:11434/v1/chat/completions "HTTP/1.1 200 OK"
2026-04-27 00:45:40,895 INFO httpx — HTTP Request: POST http://localhost:11434/v1/chat/completions "HTTP/1.1 200 OK"
2026-04-27 00:45:45,717 INFO httpx — HTTP Request: POST http://localhost:11434/v1/chat/completions "HTTP/1.1 200 OK"
2026-04-27 00:45:51,018 INFO httpx — HTTP Request: POST http://localhost:11434/v1/chat/completions "HTTP/1.1 200 OK"
2026-04-27 00:45:56,218 INFO httpx — HTTP Request: POST http://localhost:11434/v1/chat/completions "HTTP/1.1 200 OK"
2026-04-27 00:46:00,401 INFO httpx — HTTP Request: POST http://localhost:11434/v1/chat/completions "HTTP/1.1 200 OK"
2026-04-27 00:46:07,161 INFO httpx — HTTP Request: POST http://localhost:11434/v1/chat/completions "HTTP/1.1 200 OK"
2026-04-27 00:46:11,753 INFO httpx — HTTP Request: POST http://localhost:11434/v1/chat/completions "HTTP/1.1 200 OK"
2026-04-27 00:46:16,194 INFO httpx — HTTP Request: POST http://localhost:11434/v1/chat/completions "HTTP/1.1 200 OK"
2026-04-27 00:46:20,722 INFO httpx — HTTP Request: POST http://localhost:11434/v1/chat/completions "HTTP/1.1 200 OK"
2026-04-27 00:46:24,921 INFO httpx — HTTP Request: POST http://localhost:11434/v1/chat/completions "HTTP/1.1 200 OK"
2026-04-27 00:46:29,642 INFO httpx — HTTP Request: POST http://localhost:11434/v1/chat/completions "HTTP/1.1 200 OK"
2026-04-27 00:46:34,130 INFO httpx — HTTP Request: POST http://localhost:11434/v1/chat/completions "HTTP/1.1 200 OK"
2026-04-27 00:46:38,632 INFO httpx — HTTP Request: POST http://localhost:11434/v1/chat/completions "HTTP/1.1 200 OK"
2026-04-27 00:46:43,238 INFO httpx — HTTP Request: POST http://localhost:11434/v1/chat/completions "HTTP/1.1 200 OK"
2026-04-27 00:46:48,359 INFO httpx — HTTP Request: POST http://localhost:11434/v1/chat/completions "HTTP/1.1 200 OK"
2026-04-27 00:46:53,200 INFO httpx — HTTP Request: POST http://localhost:11434/v1/chat/completions "HTTP/1.1 200 OK"
2026-04-27 00:46:58,471 INFO httpx — HTTP Request: POST http://localhost:11434/v1/chat/completions "HTTP/1.1 200 OK"
2026-04-27 00:47:03,699 INFO httpx — HTTP Request: POST http://localhost:11434/v1/chat/completions "HTTP/1.1 200 OK"
2026-04-27 00:47:11,321 INFO httpx — HTTP Request: POST http://localhost:11434/v1/chat/completions "HTTP/1.1 200 OK"
2026-04-27 00:47:18,248 INFO httpx — HTTP Request: POST http://localhost:11434/v1/chat/completions "HTTP/1.1 200 OK"
2026-04-27 00:47:25,437 INFO httpx — HTTP Request: POST http://localhost:11434/v1/chat/completions "HTTP/1.1 200 OK"
2026-04-27 00:47:32,569 INFO httpx — HTTP Request: POST http://localhost:11434/v1/chat/completions "HTTP/1.1 200 OK"
2026-04-27 00:47:40,468 INFO httpx — HTTP Request: POST http://localhost:11434/v1/chat/completions "HTTP/1.1 200 OK"
2026-04-27 00:47:46,854 INFO httpx — HTTP Request: POST http://localhost:11434/v1/chat/completions "HTTP/1.1 200 OK"
2026-04-27 00:47:53,540 INFO httpx — HTTP Request: POST http://localhost:11434/v1/chat/completions "HTTP/1.1 200 OK"
2026-04-27 00:48:00,395 INFO httpx — HTTP Request: POST http://localhost:11434/v1/chat/completions "HTTP/1.1 200 OK"
2026-04-27 00:48:06,860 INFO httpx — HTTP Request: POST http://localhost:11434/v1/chat/completions "HTTP/1.1 200 OK"
2026-04-27 00:48:11,606 INFO httpx — HTTP Request: POST http://localhost:11434/v1/chat/completions "HTTP/1.1 200 OK"
2026-04-27 00:48:17,269 INFO httpx — HTTP Request: POST http://localhost:11434/v1/chat/completions "HTTP/1.1 200 OK"
2026-04-27 00:48:22,565 INFO httpx — HTTP Request: POST http://localhost:11434/v1/chat/completions "HTTP/1.1 200 OK"
2026-04-27 00:48:27,923 INFO httpx — HTTP Request: POST http://localhost:11434/v1/chat/completions "HTTP/1.1 200 OK"
2026-04-27 00:48:32,545 INFO httpx — HTTP Request: POST http://localhost:11434/v1/chat/completions "HTTP/1.1 200 OK"
2026-04-27 00:48:37,296 INFO httpx — HTTP Request: POST http://localhost:11434/v1/chat/completions "HTTP/1.1 200 OK"
2026-04-27 00:48:43,435 INFO httpx — HTTP Request: POST http://localhost:11434/v1/chat/completions "HTTP/1.1 200 OK"
2026-04-27 00:48:48,000 INFO httpx — HTTP Request: POST http://localhost:11434/v1/chat/completions "HTTP/1.1 200 OK"
2026-04-27 00:48:53,583 INFO httpx — HTTP Request: POST http://localhost:11434/v1/chat/completions "HTTP/1.1 200 OK"
2026-04-27 00:48:58,215 INFO httpx — HTTP Request: POST http://localhost:11434/v1/chat/completions "HTTP/1.1 200 OK"
2026-04-27 00:49:03,623 INFO httpx — HTTP Request: POST http://localhost:11434/v1/chat/completions "HTTP/1.1 200 OK"
2026-04-27 00:49:08,401 INFO httpx — HTTP Request: POST http://localhost:11434/v1/chat/completions "HTTP/1.1 200 OK"
2026-04-27 00:49:12,960 INFO httpx — HTTP Request: POST http://localhost:11434/v1/chat/completions "HTTP/1.1 200 OK"
2026-04-27 00:49:17,716 INFO httpx — HTTP Request: POST http://localhost:11434/v1/chat/completions "HTTP/1.1 200 OK"
2026-04-27 00:49:22,578 INFO httpx — HTTP Request: POST http://localhost:11434/v1/chat/completions "HTTP/1.1 200 OK"
2026-04-27 00:49:27,437 INFO httpx — HTTP Request: POST http://localhost:11434/v1/chat/completions "HTTP/1.1 200 OK"
2026-04-27 00:49:32,570 INFO httpx — HTTP Request: POST http://localhost:11434/v1/chat/completions "HTTP/1.1 200 OK"
2026-04-27 00:49:39,074 INFO httpx — HTTP Request: POST http://localhost:11434/v1/chat/completions "HTTP/1.1 200 OK"
2026-04-27 00:49:48,586 INFO httpx — HTTP Request: POST http://localhost:11434/v1/chat/completions "HTTP/1.1 200 OK"
2026-04-27 00:49:57,883 INFO httpx — HTTP Request: POST http://localhost:11434/v1/chat/completions "HTTP/1.1 200 OK"
2026-04-27 00:50:07,038 INFO httpx — HTTP Request: POST http://localhost:11434/v1/chat/completions "HTTP/1.1 200 OK"
2026-04-27 00:50:11,616 INFO httpx — HTTP Request: POST http://localhost:11434/v1/chat/completions "HTTP/1.1 200 OK"
2026-04-27 00:50:19,846 INFO httpx — HTTP Request: POST http://localhost:11434/v1/chat/completions "HTTP/1.1 200 OK"
2026-04-27 00:50:29,160 INFO httpx — HTTP Request: POST http://localhost:11434/v1/chat/completions "HTTP/1.1 200 OK"
2026-04-27 00:50:40,601 INFO httpx — HTTP Request: POST http://localhost:11434/v1/chat/completions "HTTP/1.1 200 OK"
2026-04-27 00:50:52,400 INFO httpx — HTTP Request: POST http://localhost:11434/v1/chat/completions "HTTP/1.1 200 OK"
2026-04-27 00:51:04,613 INFO httpx — HTTP Request: POST http://localhost:11434/v1/chat/completions "HTTP/1.1 200 OK"
2026-04-27 00:51:09,806 INFO httpx — HTTP Request: POST http://localhost:11434/v1/chat/completions "HTTP/1.1 200 OK"
2026-04-27 00:51:14,358 INFO httpx — HTTP Request: POST http://localhost:11434/v1/chat/completions "HTTP/1.1 200 OK"
2026-04-27 00:51:18,898 INFO httpx — HTTP Request: POST http://localhost:11434/v1/chat/completions "HTTP/1.1 200 OK"
2026-04-27 00:51:23,285 INFO httpx — HTTP Request: POST http://localhost:11434/v1/chat/completions "HTTP/1.1 200 OK"
2026-04-27 00:51:37,115 INFO httpx — HTTP Request: POST http://localhost:11434/v1/chat/completions "HTTP/1.1 200 OK"
2026-04-27 00:51:42,836 INFO httpx — HTTP Request: POST http://localhost:11434/v1/chat/completions "HTTP/1.1 200 OK"
2026-04-27 00:51:47,804 INFO httpx — HTTP Request: POST http://localhost:11434/v1/chat/completions "HTTP/1.1 200 OK"
2026-04-27 00:51:53,272 INFO httpx — HTTP Request: POST http://localhost:11434/v1/chat/completions "HTTP/1.1 200 OK"
2026-04-27 00:51:58,519 INFO httpx — HTTP Request: POST http://localhost:11434/v1/chat/completions "HTTP/1.1 200 OK"
2026-04-27 00:52:04,608 INFO httpx — HTTP Request: POST http://localhost:11434/v1/chat/completions "HTTP/1.1 200 OK"
2026-04-27 00:52:09,736 INFO httpx — HTTP Request: POST http://localhost:11434/v1/chat/completions "HTTP/1.1 200 OK"
2026-04-27 00:52:14,130 INFO httpx — HTTP Request: POST http://localhost:11434/v1/chat/completions "HTTP/1.1 200 OK"
2026-04-27 00:52:19,249 INFO httpx — HTTP Request: POST http://localhost:11434/v1/chat/completions "HTTP/1.1 200 OK"
2026-04-27 00:52:25,219 INFO httpx — HTTP Request: POST http://localhost:11434/v1/chat/completions "HTTP/1.1 200 OK"
2026-04-27 00:52:29,351 INFO __main__ — Condition unstructured_reasoning: completed 5/5 (attempt 5, replacements: 0)
2026-04-27 00:52:29,351 INFO __main__ — Condition unstructured_reasoning: finished — 5 valid runs in 5 attempts (0 replacement(s))
2026-04-27 00:52:29,366 INFO __main__ — Checkpoint written (1590 records so far)
2026-04-27 00:52:29,425 INFO __main__ — Results saved to results/E2/20260426T144901
2026-04-27 00:52:29,425 INFO __main__ — === E2 complete — results at results/E2/20260426T144901 ===
2026-04-27 00:52:29,425 INFO __main__ — === Starting experiment: E3 ===
2026-04-27 00:52:31,480 INFO httpx — HTTP Request: POST http://localhost:11434/v1/chat/completions "HTTP/1.1 200 OK"
2026-04-27 00:52:33,934 INFO httpx — HTTP Request: POST http://localhost:11434/v1/chat/completions "HTTP/1.1 200 OK"
2026-04-27 00:52:36,283 INFO httpx — HTTP Request: POST http://localhost:11434/v1/chat/completions "HTTP/1.1 200 OK"
2026-04-27 00:52:38,513 INFO httpx — HTTP Request: POST http://localhost:11434/v1/chat/completions "HTTP/1.1 200 OK"
2026-04-27 00:52:40,831 INFO httpx — HTTP Request: POST http://localhost:11434/v1/chat/completions "HTTP/1.1 200 OK"
2026-04-27 00:52:43,053 INFO httpx — HTTP Request: POST http://localhost:11434/v1/chat/completions "HTTP/1.1 200 OK"
2026-04-27 00:52:45,572 INFO httpx — HTTP Request: POST http://localhost:11434/v1/chat/completions "HTTP/1.1 200 OK"
2026-04-27 00:52:47,942 INFO httpx — HTTP Request: POST http://localhost:11434/v1/chat/completions "HTTP/1.1 200 OK"
2026-04-27 00:52:50,381 INFO httpx — HTTP Request: POST http://localhost:11434/v1/chat/completions "HTTP/1.1 200 OK"
2026-04-27 00:52:52,236 INFO httpx — HTTP Request: POST http://localhost:11434/v1/chat/completions "HTTP/1.1 200 OK"
2026-04-27 00:52:54,633 INFO httpx — HTTP Request: POST http://localhost:11434/v1/chat/completions "HTTP/1.1 200 OK"
2026-04-27 00:52:56,696 INFO httpx — HTTP Request: POST http://localhost:11434/v1/chat/completions "HTTP/1.1 200 OK"
2026-04-27 00:52:58,483 INFO httpx — HTTP Request: POST http://localhost:11434/v1/chat/completions "HTTP/1.1 200 OK"
2026-04-27 00:53:00,102 INFO httpx — HTTP Request: POST http://localhost:11434/v1/chat/completions "HTTP/1.1 200 OK"
2026-04-27 00:53:02,667 INFO httpx — HTTP Request: POST http://localhost:11434/v1/chat/completions "HTTP/1.1 200 OK"
2026-04-27 00:53:04,219 INFO httpx — HTTP Request: POST http://localhost:11434/v1/chat/completions "HTTP/1.1 200 OK"
2026-04-27 00:53:05,958 INFO httpx — HTTP Request: POST http://localhost:11434/v1/chat/completions "HTTP/1.1 200 OK"
2026-04-27 00:53:08,030 INFO httpx — HTTP Request: POST http://localhost:11434/v1/chat/completions "HTTP/1.1 200 OK"
2026-04-27 00:53:10,384 INFO httpx — HTTP Request: POST http://localhost:11434/v1/chat/completions "HTTP/1.1 200 OK"
2026-04-27 00:53:12,301 INFO httpx — HTTP Request: POST http://localhost:11434/v1/chat/completions "HTTP/1.1 200 OK"
2026-04-27 00:53:14,394 INFO httpx — HTTP Request: POST http://localhost:11434/v1/chat/completions "HTTP/1.1 200 OK"
2026-04-27 00:53:16,891 INFO httpx — HTTP Request: POST http://localhost:11434/v1/chat/completions "HTTP/1.1 200 OK"
2026-04-27 00:53:19,220 INFO httpx — HTTP Request: POST http://localhost:11434/v1/chat/completions "HTTP/1.1 200 OK"
2026-04-27 00:53:22,283 INFO httpx — HTTP Request: POST http://localhost:11434/v1/chat/completions "HTTP/1.1 200 OK"
2026-04-27 00:53:24,465 INFO httpx — HTTP Request: POST http://localhost:11434/v1/chat/completions "HTTP/1.1 200 OK"
2026-04-27 00:53:26,631 INFO httpx — HTTP Request: POST http://localhost:11434/v1/chat/completions "HTTP/1.1 200 OK"
2026-04-27 00:53:28,747 INFO httpx — HTTP Request: POST http://localhost:11434/v1/chat/completions "HTTP/1.1 200 OK"
2026-04-27 00:53:30,476 INFO httpx — HTTP Request: POST http://localhost:11434/v1/chat/completions "HTTP/1.1 200 OK"
2026-04-27 00:53:31,888 INFO httpx — HTTP Request: POST http://localhost:11434/v1/chat/completions "HTTP/1.1 200 OK"
2026-04-27 00:53:33,746 INFO httpx — HTTP Request: POST http://localhost:11434/v1/chat/completions "HTTP/1.1 200 OK"
2026-04-27 00:53:35,336 INFO httpx — HTTP Request: POST http://localhost:11434/v1/chat/completions "HTTP/1.1 200 OK"
2026-04-27 00:53:37,719 INFO httpx — HTTP Request: POST http://localhost:11434/v1/chat/completions "HTTP/1.1 200 OK"
2026-04-27 00:53:39,998 INFO httpx — HTTP Request: POST http://localhost:11434/v1/chat/completions "HTTP/1.1 200 OK"
2026-04-27 00:53:41,494 INFO httpx — HTTP Request: POST http://localhost:11434/v1/chat/completions "HTTP/1.1 200 OK"
2026-04-27 00:53:44,424 INFO httpx — HTTP Request: POST http://localhost:11434/v1/chat/completions "HTTP/1.1 200 OK"
2026-04-27 00:53:46,003 INFO httpx — HTTP Request: POST http://localhost:11434/v1/chat/completions "HTTP/1.1 200 OK"
2026-04-27 00:53:48,390 INFO httpx — HTTP Request: POST http://localhost:11434/v1/chat/completions "HTTP/1.1 200 OK"
2026-04-27 00:53:51,434 INFO httpx — HTTP Request: POST http://localhost:11434/v1/chat/completions "HTTP/1.1 200 OK"
2026-04-27 00:53:53,620 INFO httpx — HTTP Request: POST http://localhost:11434/v1/chat/completions "HTTP/1.1 200 OK"
2026-04-27 00:53:55,942 INFO httpx — HTTP Request: POST http://localhost:11434/v1/chat/completions "HTTP/1.1 200 OK"
2026-04-27 00:53:57,562 INFO httpx — HTTP Request: POST http://localhost:11434/v1/chat/completions "HTTP/1.1 200 OK"
2026-04-27 00:53:59,582 INFO httpx — HTTP Request: POST http://localhost:11434/v1/chat/completions "HTTP/1.1 200 OK"
2026-04-27 00:54:01,494 INFO httpx — HTTP Request: POST http://localhost:11434/v1/chat/completions "HTTP/1.1 200 OK"
2026-04-27 00:54:03,446 INFO httpx — HTTP Request: POST http://localhost:11434/v1/chat/completions "HTTP/1.1 200 OK"
2026-04-27 00:54:05,298 INFO httpx — HTTP Request: POST http://localhost:11434/v1/chat/completions "HTTP/1.1 200 OK"
2026-04-27 00:54:07,448 INFO httpx — HTTP Request: POST http://localhost:11434/v1/chat/completions "HTTP/1.1 200 OK"
2026-04-27 00:54:08,994 INFO httpx — HTTP Request: POST http://localhost:11434/v1/chat/completions "HTTP/1.1 200 OK"
2026-04-27 00:54:10,758 INFO httpx — HTTP Request: POST http://localhost:11434/v1/chat/completions "HTTP/1.1 200 OK"
2026-04-27 00:54:12,497 INFO httpx — HTTP Request: POST http://localhost:11434/v1/chat/completions "HTTP/1.1 200 OK"
2026-04-27 00:54:14,458 INFO httpx — HTTP Request: POST http://localhost:11434/v1/chat/completions "HTTP/1.1 200 OK"
2026-04-27 00:54:16,481 INFO httpx — HTTP Request: POST http://localhost:11434/v1/chat/completions "HTTP/1.1 200 OK"
2026-04-27 00:54:18,613 INFO httpx — HTTP Request: POST http://localhost:11434/v1/chat/completions "HTTP/1.1 200 OK"
2026-04-27 00:54:20,364 INFO httpx — HTTP Request: POST http://localhost:11434/v1/chat/completions "HTTP/1.1 200 OK"
2026-04-27 00:54:22,652 INFO httpx — HTTP Request: POST http://localhost:11434/v1/chat/completions "HTTP/1.1 200 OK"
2026-04-27 00:54:24,930 INFO httpx — HTTP Request: POST http://localhost:11434/v1/chat/completions "HTTP/1.1 200 OK"
2026-04-27 00:54:27,100 INFO httpx — HTTP Request: POST http://localhost:11434/v1/chat/completions "HTTP/1.1 200 OK"
2026-04-27 00:54:29,395 INFO httpx — HTTP Request: POST http://localhost:11434/v1/chat/completions "HTTP/1.1 200 OK"
2026-04-27 00:54:31,659 INFO httpx — HTTP Request: POST http://localhost:11434/v1/chat/completions "HTTP/1.1 200 OK"
2026-04-27 00:54:33,885 INFO httpx — HTTP Request: POST http://localhost:11434/v1/chat/completions "HTTP/1.1 200 OK"
2026-04-27 00:54:36,073 INFO httpx — HTTP Request: POST http://localhost:11434/v1/chat/completions "HTTP/1.1 200 OK"
2026-04-27 00:54:38,610 INFO httpx — HTTP Request: POST http://localhost:11434/v1/chat/completions "HTTP/1.1 200 OK"
2026-04-27 00:54:41,283 INFO httpx — HTTP Request: POST http://localhost:11434/v1/chat/completions "HTTP/1.1 200 OK"
2026-04-27 00:54:43,482 INFO httpx — HTTP Request: POST http://localhost:11434/v1/chat/completions "HTTP/1.1 200 OK"
2026-04-27 00:54:45,761 INFO httpx — HTTP Request: POST http://localhost:11434/v1/chat/completions "HTTP/1.1 200 OK"
2026-04-27 00:54:48,120 INFO httpx — HTTP Request: POST http://localhost:11434/v1/chat/completions "HTTP/1.1 200 OK"
2026-04-27 00:54:49,918 INFO httpx — HTTP Request: POST http://localhost:11434/v1/chat/completions "HTTP/1.1 200 OK"
2026-04-27 00:54:52,040 INFO httpx — HTTP Request: POST http://localhost:11434/v1/chat/completions "HTTP/1.1 200 OK"
2026-04-27 00:54:53,883 INFO httpx — HTTP Request: POST http://localhost:11434/v1/chat/completions "HTTP/1.1 200 OK"
2026-04-27 00:54:56,005 INFO httpx — HTTP Request: POST http://localhost:11434/v1/chat/completions "HTTP/1.1 200 OK"
2026-04-27 00:54:57,554 INFO httpx — HTTP Request: POST http://localhost:11434/v1/chat/completions "HTTP/1.1 200 OK"
2026-04-27 00:55:00,431 INFO httpx — HTTP Request: POST http://localhost:11434/v1/chat/completions "HTTP/1.1 200 OK"
2026-04-27 00:55:01,986 INFO httpx — HTTP Request: POST http://localhost:11434/v1/chat/completions "HTTP/1.1 200 OK"
2026-04-27 00:55:03,444 INFO httpx — HTTP Request: POST http://localhost:11434/v1/chat/completions "HTTP/1.1 200 OK"
2026-04-27 00:55:05,337 INFO httpx — HTTP Request: POST http://localhost:11434/v1/chat/completions "HTTP/1.1 200 OK"
2026-04-27 00:55:07,277 INFO httpx — HTTP Request: POST http://localhost:11434/v1/chat/completions "HTTP/1.1 200 OK"
2026-04-27 00:55:09,096 INFO httpx — HTTP Request: POST http://localhost:11434/v1/chat/completions "HTTP/1.1 200 OK"
2026-04-27 00:55:11,094 INFO httpx — HTTP Request: POST http://localhost:11434/v1/chat/completions "HTTP/1.1 200 OK"
2026-04-27 00:55:12,684 INFO httpx — HTTP Request: POST http://localhost:11434/v1/chat/completions "HTTP/1.1 200 OK"
2026-04-27 00:55:14,355 INFO httpx — HTTP Request: POST http://localhost:11434/v1/chat/completions "HTTP/1.1 200 OK"
2026-04-27 00:55:16,745 INFO httpx — HTTP Request: POST http://localhost:11434/v1/chat/completions "HTTP/1.1 200 OK"
2026-04-27 00:55:18,877 INFO httpx — HTTP Request: POST http://localhost:11434/v1/chat/completions "HTTP/1.1 200 OK"
2026-04-27 00:55:21,215 INFO httpx — HTTP Request: POST http://localhost:11434/v1/chat/completions "HTTP/1.1 200 OK"
2026-04-27 00:55:22,784 INFO httpx — HTTP Request: POST http://localhost:11434/v1/chat/completions "HTTP/1.1 200 OK"
2026-04-27 00:55:24,492 INFO httpx — HTTP Request: POST http://localhost:11434/v1/chat/completions "HTTP/1.1 200 OK"
2026-04-27 00:55:26,077 INFO httpx — HTTP Request: POST http://localhost:11434/v1/chat/completions "HTTP/1.1 200 OK"
2026-04-27 00:55:28,146 INFO httpx — HTTP Request: POST http://localhost:11434/v1/chat/completions "HTTP/1.1 200 OK"
2026-04-27 00:55:30,509 INFO httpx — HTTP Request: POST http://localhost:11434/v1/chat/completions "HTTP/1.1 200 OK"
2026-04-27 00:55:32,839 INFO httpx — HTTP Request: POST http://localhost:11434/v1/chat/completions "HTTP/1.1 200 OK"
2026-04-27 00:55:35,155 INFO httpx — HTTP Request: POST http://localhost:11434/v1/chat/completions "HTTP/1.1 200 OK"
2026-04-27 00:55:37,375 INFO httpx — HTTP Request: POST http://localhost:11434/v1/chat/completions "HTTP/1.1 200 OK"
2026-04-27 00:55:39,911 INFO httpx — HTTP Request: POST http://localhost:11434/v1/chat/completions "HTTP/1.1 200 OK"
2026-04-27 00:55:41,625 INFO httpx — HTTP Request: POST http://localhost:11434/v1/chat/completions "HTTP/1.1 200 OK"
2026-04-27 00:55:44,025 INFO httpx — HTTP Request: POST http://localhost:11434/v1/chat/completions "HTTP/1.1 200 OK"
2026-04-27 00:55:45,691 INFO httpx — HTTP Request: POST http://localhost:11434/v1/chat/completions "HTTP/1.1 200 OK"
2026-04-27 00:55:47,522 INFO httpx — HTTP Request: POST http://localhost:11434/v1/chat/completions "HTTP/1.1 200 OK"
2026-04-27 00:55:50,180 INFO httpx — HTTP Request: POST http://localhost:11434/v1/chat/completions "HTTP/1.1 200 OK"
2026-04-27 00:55:51,867 INFO httpx — HTTP Request: POST http://localhost:11434/v1/chat/completions "HTTP/1.1 200 OK"
2026-04-27 00:55:53,599 INFO httpx — HTTP Request: POST http://localhost:11434/v1/chat/completions "HTTP/1.1 200 OK"
2026-04-27 00:55:56,178 INFO httpx — HTTP Request: POST http://localhost:11434/v1/chat/completions "HTTP/1.1 200 OK"
2026-04-27 00:55:57,566 INFO httpx — HTTP Request: POST http://localhost:11434/v1/chat/completions "HTTP/1.1 200 OK"
2026-04-27 00:55:59,936 INFO httpx — HTTP Request: POST http://localhost:11434/v1/chat/completions "HTTP/1.1 200 OK"
2026-04-27 00:56:01,753 INFO httpx — HTTP Request: POST http://localhost:11434/v1/chat/completions "HTTP/1.1 200 OK"
2026-04-27 00:56:03,509 INFO httpx — HTTP Request: POST http://localhost:11434/v1/chat/completions "HTTP/1.1 200 OK"
2026-04-27 00:56:05,324 INFO httpx — HTTP Request: POST http://localhost:11434/v1/chat/completions "HTTP/1.1 200 OK"
2026-04-27 00:56:07,119 INFO httpx — HTTP Request: POST http://localhost:11434/v1/chat/completions "HTTP/1.1 200 OK"
2026-04-27 00:56:10,818 INFO __main__ — Condition no_events_blind: completed 1/5 (attempt 1, replacements: 0)
2026-04-27 00:56:10,982 INFO httpx — HTTP Request: POST http://localhost:11434/v1/chat/completions "HTTP/1.1 200 OK"
2026-04-27 00:56:13,289 INFO httpx — HTTP Request: POST http://localhost:11434/v1/chat/completions "HTTP/1.1 200 OK"
2026-04-27 00:56:15,572 INFO httpx — HTTP Request: POST http://localhost:11434/v1/chat/completions "HTTP/1.1 200 OK"
2026-04-27 00:56:17,076 INFO httpx — HTTP Request: POST http://localhost:11434/v1/chat/completions "HTTP/1.1 200 OK"
2026-04-27 00:56:19,477 INFO httpx — HTTP Request: POST http://localhost:11434/v1/chat/completions "HTTP/1.1 200 OK"
2026-04-27 00:56:21,841 INFO httpx — HTTP Request: POST http://localhost:11434/v1/chat/completions "HTTP/1.1 200 OK"
2026-04-27 00:56:24,442 INFO httpx — HTTP Request: POST http://localhost:11434/v1/chat/completions "HTTP/1.1 200 OK"
2026-04-27 00:56:26,585 INFO httpx — HTTP Request: POST http://localhost:11434/v1/chat/completions "HTTP/1.1 200 OK"
2026-04-27 00:56:28,907 INFO httpx — HTTP Request: POST http://localhost:11434/v1/chat/completions "HTTP/1.1 200 OK"
2026-04-27 00:56:31,292 INFO httpx — HTTP Request: POST http://localhost:11434/v1/chat/completions "HTTP/1.1 200 OK"
2026-04-27 00:56:33,405 INFO httpx — HTTP Request: POST http://localhost:11434/v1/chat/completions "HTTP/1.1 200 OK"
2026-04-27 00:56:34,963 INFO httpx — HTTP Request: POST http://localhost:11434/v1/chat/completions "HTTP/1.1 200 OK"
2026-04-27 00:56:37,297 INFO httpx — HTTP Request: POST http://localhost:11434/v1/chat/completions "HTTP/1.1 200 OK"
2026-04-27 00:56:39,516 INFO httpx — HTTP Request: POST http://localhost:11434/v1/chat/completions "HTTP/1.1 200 OK"
2026-04-27 00:56:41,407 INFO httpx — HTTP Request: POST http://localhost:11434/v1/chat/completions "HTTP/1.1 200 OK"
2026-04-27 00:56:43,874 INFO httpx — HTTP Request: POST http://localhost:11434/v1/chat/completions "HTTP/1.1 200 OK"
2026-04-27 00:56:45,575 INFO httpx — HTTP Request: POST http://localhost:11434/v1/chat/completions "HTTP/1.1 200 OK"
2026-04-27 00:56:47,864 INFO httpx — HTTP Request: POST http://localhost:11434/v1/chat/completions "HTTP/1.1 200 OK"
2026-04-27 00:56:50,344 INFO httpx — HTTP Request: POST http://localhost:11434/v1/chat/completions "HTTP/1.1 200 OK"
2026-04-27 00:56:52,672 INFO httpx — HTTP Request: POST http://localhost:11434/v1/chat/completions "HTTP/1.1 200 OK"
2026-04-27 00:56:54,983 INFO httpx — HTTP Request: POST http://localhost:11434/v1/chat/completions "HTTP/1.1 200 OK"
2026-04-27 00:56:57,687 INFO httpx — HTTP Request: POST http://localhost:11434/v1/chat/completions "HTTP/1.1 200 OK"
2026-04-27 00:56:59,284 INFO httpx — HTTP Request: POST http://localhost:11434/v1/chat/completions "HTTP/1.1 200 OK"
2026-04-27 00:57:01,294 INFO httpx — HTTP Request: POST http://localhost:11434/v1/chat/completions "HTTP/1.1 200 OK"
2026-04-27 00:57:02,782 INFO httpx — HTTP Request: POST http://localhost:11434/v1/chat/completions "HTTP/1.1 200 OK"
2026-04-27 00:57:05,084 INFO httpx — HTTP Request: POST http://localhost:11434/v1/chat/completions "HTTP/1.1 200 OK"
2026-04-27 00:57:07,096 INFO httpx — HTTP Request: POST http://localhost:11434/v1/chat/completions "HTTP/1.1 200 OK"
2026-04-27 00:57:09,957 INFO httpx — HTTP Request: POST http://localhost:11434/v1/chat/completions "HTTP/1.1 200 OK"
2026-04-27 00:57:14,051 INFO httpx — HTTP Request: POST http://localhost:11434/v1/chat/completions "HTTP/1.1 200 OK"
2026-04-27 00:57:16,273 INFO httpx — HTTP Request: POST http://localhost:11434/v1/chat/completions "HTTP/1.1 200 OK"
2026-04-27 00:57:18,737 INFO httpx — HTTP Request: POST http://localhost:11434/v1/chat/completions "HTTP/1.1 200 OK"
2026-04-27 00:57:20,978 INFO httpx — HTTP Request: POST http://localhost:11434/v1/chat/completions "HTTP/1.1 200 OK"
2026-04-27 00:57:23,274 INFO httpx — HTTP Request: POST http://localhost:11434/v1/chat/completions "HTTP/1.1 200 OK"
2026-04-27 00:57:25,630 INFO httpx — HTTP Request: POST http://localhost:11434/v1/chat/completions "HTTP/1.1 200 OK"
2026-04-27 00:57:27,907 INFO httpx — HTTP Request: POST http://localhost:11434/v1/chat/completions "HTTP/1.1 200 OK"
2026-04-27 00:57:30,938 INFO httpx — HTTP Request: POST http://localhost:11434/v1/chat/completions "HTTP/1.1 200 OK"
2026-04-27 00:57:33,247 INFO httpx — HTTP Request: POST http://localhost:11434/v1/chat/completions "HTTP/1.1 200 OK"
2026-04-27 00:57:35,545 INFO httpx — HTTP Request: POST http://localhost:11434/v1/chat/completions "HTTP/1.1 200 OK"
2026-04-27 00:57:37,307 INFO httpx — HTTP Request: POST http://localhost:11434/v1/chat/completions "HTTP/1.1 200 OK"
2026-04-27 00:57:39,059 INFO httpx — HTTP Request: POST http://localhost:11434/v1/chat/completions "HTTP/1.1 200 OK"
2026-04-27 00:57:40,594 INFO httpx — HTTP Request: POST http://localhost:11434/v1/chat/completions "HTTP/1.1 200 OK"
2026-04-27 00:57:42,884 INFO httpx — HTTP Request: POST http://localhost:11434/v1/chat/completions "HTTP/1.1 200 OK"
2026-04-27 00:57:44,865 INFO httpx — HTTP Request: POST http://localhost:11434/v1/chat/completions "HTTP/1.1 200 OK"
2026-04-27 00:57:47,009 INFO httpx — HTTP Request: POST http://localhost:11434/v1/chat/completions "HTTP/1.1 200 OK"
2026-04-27 00:57:48,559 INFO httpx — HTTP Request: POST http://localhost:11434/v1/chat/completions "HTTP/1.1 200 OK"
2026-04-27 00:57:50,344 INFO httpx — HTTP Request: POST http://localhost:11434/v1/chat/completions "HTTP/1.1 200 OK"
2026-04-27 00:57:52,530 INFO httpx — HTTP Request: POST http://localhost:11434/v1/chat/completions "HTTP/1.1 200 OK"
2026-04-27 00:57:53,983 INFO httpx — HTTP Request: POST http://localhost:11434/v1/chat/completions "HTTP/1.1 200 OK"
2026-04-27 00:57:56,344 INFO httpx — HTTP Request: POST http://localhost:11434/v1/chat/completions "HTTP/1.1 200 OK"
2026-04-27 00:57:57,749 INFO httpx — HTTP Request: POST http://localhost:11434/v1/chat/completions "HTTP/1.1 200 OK"
2026-04-27 00:57:59,856 INFO httpx — HTTP Request: POST http://localhost:11434/v1/chat/completions "HTTP/1.1 200 OK"
2026-04-27 00:58:02,023 INFO httpx — HTTP Request: POST http://localhost:11434/v1/chat/completions "HTTP/1.1 200 OK"
2026-04-27 00:58:03,697 INFO httpx — HTTP Request: POST http://localhost:11434/v1/chat/completions "HTTP/1.1 200 OK"
2026-04-27 00:58:06,152 INFO httpx — HTTP Request: POST http://localhost:11434/v1/chat/completions "HTTP/1.1 200 OK"
2026-04-27 00:58:07,669 INFO httpx — HTTP Request: POST http://localhost:11434/v1/chat/completions "HTTP/1.1 200 OK"
2026-04-27 00:58:09,492 INFO httpx — HTTP Request: POST http://localhost:11434/v1/chat/completions "HTTP/1.1 200 OK"
2026-04-27 00:58:11,784 INFO httpx — HTTP Request: POST http://localhost:11434/v1/chat/completions "HTTP/1.1 200 OK"
2026-04-27 00:58:13,358 INFO httpx — HTTP Request: POST http://localhost:11434/v1/chat/completions "HTTP/1.1 200 OK"
2026-04-27 00:58:15,722 INFO httpx — HTTP Request: POST http://localhost:11434/v1/chat/completions "HTTP/1.1 200 OK"
2026-04-27 00:58:17,484 INFO httpx — HTTP Request: POST http://localhost:11434/v1/chat/completions "HTTP/1.1 200 OK"
2026-04-27 00:58:19,563 INFO httpx — HTTP Request: POST http://localhost:11434/v1/chat/completions "HTTP/1.1 200 OK"
2026-04-27 00:58:21,584 INFO httpx — HTTP Request: POST http://localhost:11434/v1/chat/completions "HTTP/1.1 200 OK"
2026-04-27 00:58:23,491 INFO httpx — HTTP Request: POST http://localhost:11434/v1/chat/completions "HTTP/1.1 200 OK"
2026-04-27 00:58:25,321 INFO httpx — HTTP Request: POST http://localhost:11434/v1/chat/completions "HTTP/1.1 200 OK"
2026-04-27 00:58:27,110 INFO httpx — HTTP Request: POST http://localhost:11434/v1/chat/completions "HTTP/1.1 200 OK"
2026-04-27 00:58:29,453 INFO httpx — HTTP Request: POST http://localhost:11434/v1/chat/completions "HTTP/1.1 200 OK"
2026-04-27 00:58:31,833 INFO httpx — HTTP Request: POST http://localhost:11434/v1/chat/completions "HTTP/1.1 200 OK"
2026-04-27 00:58:34,062 INFO httpx — HTTP Request: POST http://localhost:11434/v1/chat/completions "HTTP/1.1 200 OK"
2026-04-27 00:58:36,876 INFO httpx — HTTP Request: POST http://localhost:11434/v1/chat/completions "HTTP/1.1 200 OK"
2026-04-27 00:58:38,819 INFO httpx — HTTP Request: POST http://localhost:11434/v1/chat/completions "HTTP/1.1 200 OK"
2026-04-27 00:58:41,127 INFO httpx — HTTP Request: POST http://localhost:11434/v1/chat/completions "HTTP/1.1 200 OK"
2026-04-27 00:58:44,718 INFO httpx — HTTP Request: POST http://localhost:11434/v1/chat/completions "HTTP/1.1 200 OK"
2026-04-27 00:58:46,979 INFO httpx — HTTP Request: POST http://localhost:11434/v1/chat/completions "HTTP/1.1 200 OK"
2026-04-27 00:58:49,228 INFO httpx — HTTP Request: POST http://localhost:11434/v1/chat/completions "HTTP/1.1 200 OK"
2026-04-27 00:58:51,042 INFO httpx — HTTP Request: POST http://localhost:11434/v1/chat/completions "HTTP/1.1 200 OK"
2026-04-27 00:58:53,324 INFO httpx — HTTP Request: POST http://localhost:11434/v1/chat/completions "HTTP/1.1 200 OK"
2026-04-27 00:58:55,952 INFO httpx — HTTP Request: POST http://localhost:11434/v1/chat/completions "HTTP/1.1 200 OK"
2026-04-27 00:58:57,928 INFO httpx — HTTP Request: POST http://localhost:11434/v1/chat/completions "HTTP/1.1 200 OK"
2026-04-27 00:59:00,101 INFO httpx — HTTP Request: POST http://localhost:11434/v1/chat/completions "HTTP/1.1 200 OK"
2026-04-27 00:59:01,587 INFO httpx — HTTP Request: POST http://localhost:11434/v1/chat/completions "HTTP/1.1 200 OK"
2026-04-27 00:59:03,907 INFO httpx — HTTP Request: POST http://localhost:11434/v1/chat/completions "HTTP/1.1 200 OK"
2026-04-27 00:59:05,850 INFO httpx — HTTP Request: POST http://localhost:11434/v1/chat/completions "HTTP/1.1 200 OK"
2026-04-27 00:59:08,318 INFO httpx — HTTP Request: POST http://localhost:11434/v1/chat/completions "HTTP/1.1 200 OK"
2026-04-27 00:59:10,597 INFO httpx — HTTP Request: POST http://localhost:11434/v1/chat/completions "HTTP/1.1 200 OK"
2026-04-27 00:59:12,858 INFO httpx — HTTP Request: POST http://localhost:11434/v1/chat/completions "HTTP/1.1 200 OK"
2026-04-27 00:59:14,940 INFO httpx — HTTP Request: POST http://localhost:11434/v1/chat/completions "HTTP/1.1 200 OK"
2026-04-27 00:59:17,612 INFO httpx — HTTP Request: POST http://localhost:11434/v1/chat/completions "HTTP/1.1 200 OK"
2026-04-27 00:59:19,740 INFO httpx — HTTP Request: POST http://localhost:11434/v1/chat/completions "HTTP/1.1 200 OK"
2026-04-27 00:59:21,819 INFO httpx — HTTP Request: POST http://localhost:11434/v1/chat/completions "HTTP/1.1 200 OK"
2026-04-27 00:59:23,788 INFO httpx — HTTP Request: POST http://localhost:11434/v1/chat/completions "HTTP/1.1 200 OK"
2026-04-27 00:59:26,692 INFO httpx — HTTP Request: POST http://localhost:11434/v1/chat/completions "HTTP/1.1 200 OK"
2026-04-27 00:59:29,000 INFO httpx — HTTP Request: POST http://localhost:11434/v1/chat/completions "HTTP/1.1 200 OK"
2026-04-27 00:59:31,119 INFO httpx — HTTP Request: POST http://localhost:11434/v1/chat/completions "HTTP/1.1 200 OK"
2026-04-27 00:59:33,185 INFO httpx — HTTP Request: POST http://localhost:11434/v1/chat/completions "HTTP/1.1 200 OK"
2026-04-27 00:59:34,959 INFO httpx — HTTP Request: POST http://localhost:11434/v1/chat/completions "HTTP/1.1 200 OK"
2026-04-27 00:59:37,336 INFO httpx — HTTP Request: POST http://localhost:11434/v1/chat/completions "HTTP/1.1 200 OK"
2026-04-27 00:59:38,892 INFO httpx — HTTP Request: POST http://localhost:11434/v1/chat/completions "HTTP/1.1 200 OK"
2026-04-27 00:59:41,456 INFO httpx — HTTP Request: POST http://localhost:11434/v1/chat/completions "HTTP/1.1 200 OK"
2026-04-27 00:59:43,830 INFO httpx — HTTP Request: POST http://localhost:11434/v1/chat/completions "HTTP/1.1 200 OK"
2026-04-27 00:59:46,145 INFO httpx — HTTP Request: POST http://localhost:11434/v1/chat/completions "HTTP/1.1 200 OK"
2026-04-27 00:59:49,080 INFO httpx — HTTP Request: POST http://localhost:11434/v1/chat/completions "HTTP/1.1 200 OK"
2026-04-27 00:59:51,706 INFO httpx — HTTP Request: POST http://localhost:11434/v1/chat/completions "HTTP/1.1 200 OK"
2026-04-27 00:59:53,839 INFO httpx — HTTP Request: POST http://localhost:11434/v1/chat/completions "HTTP/1.1 200 OK"
2026-04-27 00:59:55,775 INFO httpx — HTTP Request: POST http://localhost:11434/v1/chat/completions "HTTP/1.1 200 OK"
2026-04-27 00:59:58,147 INFO httpx — HTTP Request: POST http://localhost:11434/v1/chat/completions "HTTP/1.1 200 OK"
2026-04-27 00:59:59,622 INFO __main__ — Condition no_events_blind: completed 2/5 (attempt 2, replacements: 0)
2026-04-27 00:59:59,787 INFO httpx — HTTP Request: POST http://localhost:11434/v1/chat/completions "HTTP/1.1 200 OK"
2026-04-27 01:00:02,163 INFO httpx — HTTP Request: POST http://localhost:11434/v1/chat/completions "HTTP/1.1 200 OK"
2026-04-27 01:00:04,912 INFO httpx — HTTP Request: POST http://localhost:11434/v1/chat/completions "HTTP/1.1 200 OK"
2026-04-27 01:00:06,636 INFO httpx — HTTP Request: POST http://localhost:11434/v1/chat/completions "HTTP/1.1 200 OK"
2026-04-27 01:00:08,363 INFO httpx — HTTP Request: POST http://localhost:11434/v1/chat/completions "HTTP/1.1 200 OK"
2026-04-27 01:00:10,328 INFO httpx — HTTP Request: POST http://localhost:11434/v1/chat/completions "HTTP/1.1 200 OK"
2026-04-27 01:00:12,786 INFO httpx — HTTP Request: POST http://localhost:11434/v1/chat/completions "HTTP/1.1 200 OK"
2026-04-27 01:00:15,108 INFO httpx — HTTP Request: POST http://localhost:11434/v1/chat/completions "HTTP/1.1 200 OK"
2026-04-27 01:00:17,743 INFO httpx — HTTP Request: POST http://localhost:11434/v1/chat/completions "HTTP/1.1 200 OK"
2026-04-27 01:00:19,917 INFO httpx — HTTP Request: POST http://localhost:11434/v1/chat/completions "HTTP/1.1 200 OK"
2026-04-27 01:00:22,121 INFO httpx — HTTP Request: POST http://localhost:11434/v1/chat/completions "HTTP/1.1 200 OK"
2026-04-27 01:00:24,521 INFO httpx — HTTP Request: POST http://localhost:11434/v1/chat/completions "HTTP/1.1 200 OK"
2026-04-27 01:00:26,086 INFO httpx — HTTP Request: POST http://localhost:11434/v1/chat/completions "HTTP/1.1 200 OK"
2026-04-27 01:00:28,941 INFO httpx — HTTP Request: POST http://localhost:11434/v1/chat/completions "HTTP/1.1 200 OK"
2026-04-27 01:00:31,853 INFO httpx — HTTP Request: POST http://localhost:11434/v1/chat/completions "HTTP/1.1 200 OK"
2026-04-27 01:00:33,631 INFO httpx — HTTP Request: POST http://localhost:11434/v1/chat/completions "HTTP/1.1 200 OK"
2026-04-27 01:00:36,331 INFO httpx — HTTP Request: POST http://localhost:11434/v1/chat/completions "HTTP/1.1 200 OK"
2026-04-27 01:00:39,337 INFO httpx — HTTP Request: POST http://localhost:11434/v1/chat/completions "HTTP/1.1 200 OK"
2026-04-27 01:00:41,527 INFO httpx — HTTP Request: POST http://localhost:11434/v1/chat/completions "HTTP/1.1 200 OK"
2026-04-27 01:00:44,093 INFO httpx — HTTP Request: POST http://localhost:11434/v1/chat/completions "HTTP/1.1 200 OK"
2026-04-27 01:00:46,425 INFO httpx — HTTP Request: POST http://localhost:11434/v1/chat/completions "HTTP/1.1 200 OK"
2026-04-27 01:00:48,475 INFO httpx — HTTP Request: POST http://localhost:11434/v1/chat/completions "HTTP/1.1 200 OK"
2026-04-27 01:00:50,045 INFO httpx — HTTP Request: POST http://localhost:11434/v1/chat/completions "HTTP/1.1 200 OK"
2026-04-27 01:00:52,211 INFO httpx — HTTP Request: POST http://localhost:11434/v1/chat/completions "HTTP/1.1 200 OK"
2026-04-27 01:00:53,915 INFO httpx — HTTP Request: POST http://localhost:11434/v1/chat/completions "HTTP/1.1 200 OK"
2026-04-27 01:00:56,159 INFO httpx — HTTP Request: POST http://localhost:11434/v1/chat/completions "HTTP/1.1 200 OK"
2026-04-27 01:00:58,414 INFO httpx — HTTP Request: POST http://localhost:11434/v1/chat/completions "HTTP/1.1 200 OK"
2026-04-27 01:01:00,198 INFO httpx — HTTP Request: POST http://localhost:11434/v1/chat/completions "HTTP/1.1 200 OK"
2026-04-27 01:01:02,423 INFO httpx — HTTP Request: POST http://localhost:11434/v1/chat/completions "HTTP/1.1 200 OK"
2026-04-27 01:01:04,702 INFO httpx — HTTP Request: POST http://localhost:11434/v1/chat/completions "HTTP/1.1 200 OK"
2026-04-27 01:01:06,277 INFO httpx — HTTP Request: POST http://localhost:11434/v1/chat/completions "HTTP/1.1 200 OK"
2026-04-27 01:01:08,206 INFO httpx — HTTP Request: POST http://localhost:11434/v1/chat/completions "HTTP/1.1 200 OK"
2026-04-27 01:01:11,183 INFO httpx — HTTP Request: POST http://localhost:11434/v1/chat/completions "HTTP/1.1 200 OK"
2026-04-27 01:01:13,640 INFO httpx — HTTP Request: POST http://localhost:11434/v1/chat/completions "HTTP/1.1 200 OK"
2026-04-27 01:01:16,525 INFO httpx — HTTP Request: POST http://localhost:11434/v1/chat/completions "HTTP/1.1 200 OK"
2026-04-27 01:01:19,131 INFO httpx — HTTP Request: POST http://localhost:11434/v1/chat/completions "HTTP/1.1 200 OK"
2026-04-27 01:01:21,475 INFO httpx — HTTP Request: POST http://localhost:11434/v1/chat/completions "HTTP/1.1 200 OK"
2026-04-27 01:01:23,416 INFO httpx — HTTP Request: POST http://localhost:11434/v1/chat/completions "HTTP/1.1 200 OK"
2026-04-27 01:01:25,589 INFO httpx — HTTP Request: POST http://localhost:11434/v1/chat/completions "HTTP/1.1 200 OK"
2026-04-27 01:01:27,444 INFO httpx — HTTP Request: POST http://localhost:11434/v1/chat/completions "HTTP/1.1 200 OK"
2026-04-27 01:01:29,741 INFO httpx — HTTP Request: POST http://localhost:11434/v1/chat/completions "HTTP/1.1 200 OK"
2026-04-27 01:01:32,030 INFO httpx — HTTP Request: POST http://localhost:11434/v1/chat/completions "HTTP/1.1 200 OK"
2026-04-27 01:01:34,167 INFO httpx — HTTP Request: POST http://localhost:11434/v1/chat/completions "HTTP/1.1 200 OK"
2026-04-27 01:01:35,689 INFO httpx — HTTP Request: POST http://localhost:11434/v1/chat/completions "HTTP/1.1 200 OK"
2026-04-27 01:01:37,757 INFO httpx — HTTP Request: POST http://localhost:11434/v1/chat/completions "HTTP/1.1 200 OK"
2026-04-27 01:01:39,869 INFO httpx — HTTP Request: POST http://localhost:11434/v1/chat/completions "HTTP/1.1 200 OK"
2026-04-27 01:01:41,432 INFO httpx — HTTP Request: POST http://localhost:11434/v1/chat/completions "HTTP/1.1 200 OK"
2026-04-27 01:01:43,733 INFO httpx — HTTP Request: POST http://localhost:11434/v1/chat/completions "HTTP/1.1 200 OK"
2026-04-27 01:01:46,443 INFO httpx — HTTP Request: POST http://localhost:11434/v1/chat/completions "HTTP/1.1 200 OK"
2026-04-27 01:01:48,740 INFO httpx — HTTP Request: POST http://localhost:11434/v1/chat/completions "HTTP/1.1 200 OK"
2026-04-27 01:01:51,249 INFO httpx — HTTP Request: POST http://localhost:11434/v1/chat/completions "HTTP/1.1 200 OK"
2026-04-27 01:01:53,333 INFO httpx — HTTP Request: POST http://localhost:11434/v1/chat/completions "HTTP/1.1 200 OK"
2026-04-27 01:01:54,890 INFO httpx — HTTP Request: POST http://localhost:11434/v1/chat/completions "HTTP/1.1 200 OK"
2026-04-27 01:01:57,179 INFO httpx — HTTP Request: POST http://localhost:11434/v1/chat/completions "HTTP/1.1 200 OK"
2026-04-27 01:01:59,579 INFO httpx — HTTP Request: POST http://localhost:11434/v1/chat/completions "HTTP/1.1 200 OK"
2026-04-27 01:02:02,467 INFO httpx — HTTP Request: POST http://localhost:11434/v1/chat/completions "HTTP/1.1 200 OK"
2026-04-27 01:02:03,973 INFO httpx — HTTP Request: POST http://localhost:11434/v1/chat/completions "HTTP/1.1 200 OK"
2026-04-27 01:02:05,691 INFO httpx — HTTP Request: POST http://localhost:11434/v1/chat/completions "HTTP/1.1 200 OK"
2026-04-27 01:02:07,220 INFO httpx — HTTP Request: POST http://localhost:11434/v1/chat/completions "HTTP/1.1 200 OK"
2026-04-27 01:02:09,164 INFO httpx — HTTP Request: POST http://localhost:11434/v1/chat/completions "HTTP/1.1 200 OK"
2026-04-27 01:02:10,820 INFO httpx — HTTP Request: POST http://localhost:11434/v1/chat/completions "HTTP/1.1 200 OK"
2026-04-27 01:02:12,435 INFO httpx — HTTP Request: POST http://localhost:11434/v1/chat/completions "HTTP/1.1 200 OK"
2026-04-27 01:02:14,821 INFO httpx — HTTP Request: POST http://localhost:11434/v1/chat/completions "HTTP/1.1 200 OK"
2026-04-27 01:02:16,595 INFO httpx — HTTP Request: POST http://localhost:11434/v1/chat/completions "HTTP/1.1 200 OK"
2026-04-27 01:02:18,686 INFO httpx — HTTP Request: POST http://localhost:11434/v1/chat/completions "HTTP/1.1 200 OK"
2026-04-27 01:02:20,474 INFO httpx — HTTP Request: POST http://localhost:11434/v1/chat/completions "HTTP/1.1 200 OK"
2026-04-27 01:02:22,244 INFO httpx — HTTP Request: POST http://localhost:11434/v1/chat/completions "HTTP/1.1 200 OK"
2026-04-27 01:02:24,666 INFO httpx — HTTP Request: POST http://localhost:11434/v1/chat/completions "HTTP/1.1 200 OK"
2026-04-27 01:02:27,086 INFO httpx — HTTP Request: POST http://localhost:11434/v1/chat/completions "HTTP/1.1 200 OK"
2026-04-27 01:02:28,973 INFO httpx — HTTP Request: POST http://localhost:11434/v1/chat/completions "HTTP/1.1 200 OK"
2026-04-27 01:02:31,346 INFO httpx — HTTP Request: POST http://localhost:11434/v1/chat/completions "HTTP/1.1 200 OK"
2026-04-27 01:02:33,164 INFO httpx — HTTP Request: POST http://localhost:11434/v1/chat/completions "HTTP/1.1 200 OK"
2026-04-27 01:02:35,371 INFO httpx — HTTP Request: POST http://localhost:11434/v1/chat/completions "HTTP/1.1 200 OK"
2026-04-27 01:02:37,537 INFO httpx — HTTP Request: POST http://localhost:11434/v1/chat/completions "HTTP/1.1 200 OK"
2026-04-27 01:02:40,441 INFO httpx — HTTP Request: POST http://localhost:11434/v1/chat/completions "HTTP/1.1 200 OK"
2026-04-27 01:02:42,738 INFO httpx — HTTP Request: POST http://localhost:11434/v1/chat/completions "HTTP/1.1 200 OK"
2026-04-27 01:02:45,208 INFO httpx — HTTP Request: POST http://localhost:11434/v1/chat/completions "HTTP/1.1 200 OK"
2026-04-27 01:02:47,345 INFO httpx — HTTP Request: POST http://localhost:11434/v1/chat/completions "HTTP/1.1 200 OK"
2026-04-27 01:02:48,920 INFO httpx — HTTP Request: POST http://localhost:11434/v1/chat/completions "HTTP/1.1 200 OK"
2026-04-27 01:02:51,277 INFO httpx — HTTP Request: POST http://localhost:11434/v1/chat/completions "HTTP/1.1 200 OK"
2026-04-27 01:02:53,562 INFO httpx — HTTP Request: POST http://localhost:11434/v1/chat/completions "HTTP/1.1 200 OK"
2026-04-27 01:02:55,658 INFO httpx — HTTP Request: POST http://localhost:11434/v1/chat/completions "HTTP/1.1 200 OK"
2026-04-27 01:02:57,736 INFO httpx — HTTP Request: POST http://localhost:11434/v1/chat/completions "HTTP/1.1 200 OK"
2026-04-27 01:03:00,220 INFO httpx — HTTP Request: POST http://localhost:11434/v1/chat/completions "HTTP/1.1 200 OK"
2026-04-27 01:03:01,895 INFO httpx — HTTP Request: POST http://localhost:11434/v1/chat/completions "HTTP/1.1 200 OK"
2026-04-27 01:03:04,160 INFO httpx — HTTP Request: POST http://localhost:11434/v1/chat/completions "HTTP/1.1 200 OK"
2026-04-27 01:03:06,316 INFO httpx — HTTP Request: POST http://localhost:11434/v1/chat/completions "HTTP/1.1 200 OK"
2026-04-27 01:03:08,388 INFO httpx — HTTP Request: POST http://localhost:11434/v1/chat/completions "HTTP/1.1 200 OK"
2026-04-27 01:03:09,804 INFO httpx — HTTP Request: POST http://localhost:11434/v1/chat/completions "HTTP/1.1 200 OK"
2026-04-27 01:03:12,348 INFO httpx — HTTP Request: POST http://localhost:11434/v1/chat/completions "HTTP/1.1 200 OK"
2026-04-27 01:03:14,187 INFO httpx — HTTP Request: POST http://localhost:11434/v1/chat/completions "HTTP/1.1 200 OK"
2026-04-27 01:03:16,492 INFO httpx — HTTP Request: POST http://localhost:11434/v1/chat/completions "HTTP/1.1 200 OK"
2026-04-27 01:03:18,322 INFO httpx — HTTP Request: POST http://localhost:11434/v1/chat/completions "HTTP/1.1 200 OK"
2026-04-27 01:03:20,488 INFO httpx — HTTP Request: POST http://localhost:11434/v1/chat/completions "HTTP/1.1 200 OK"
2026-04-27 01:03:22,141 INFO httpx — HTTP Request: POST http://localhost:11434/v1/chat/completions "HTTP/1.1 200 OK"
2026-04-27 01:03:24,512 INFO httpx — HTTP Request: POST http://localhost:11434/v1/chat/completions "HTTP/1.1 200 OK"
2026-04-27 01:03:26,767 INFO httpx — HTTP Request: POST http://localhost:11434/v1/chat/completions "HTTP/1.1 200 OK"
2026-04-27 01:03:30,047 INFO httpx — HTTP Request: POST http://localhost:11434/v1/chat/completions "HTTP/1.1 200 OK"
2026-04-27 01:03:32,197 INFO httpx — HTTP Request: POST http://localhost:11434/v1/chat/completions "HTTP/1.1 200 OK"
2026-04-27 01:03:34,174 INFO httpx — HTTP Request: POST http://localhost:11434/v1/chat/completions "HTTP/1.1 200 OK"
2026-04-27 01:03:35,744 INFO httpx — HTTP Request: POST http://localhost:11434/v1/chat/completions "HTTP/1.1 200 OK"
2026-04-27 01:03:37,994 INFO httpx — HTTP Request: POST http://localhost:11434/v1/chat/completions "HTTP/1.1 200 OK"
2026-04-27 01:03:39,710 INFO httpx — HTTP Request: POST http://localhost:11434/v1/chat/completions "HTTP/1.1 200 OK"
2026-04-27 01:03:41,553 INFO httpx — HTTP Request: POST http://localhost:11434/v1/chat/completions "HTTP/1.1 200 OK"
2026-04-27 01:03:43,930 INFO httpx — HTTP Request: POST http://localhost:11434/v1/chat/completions "HTTP/1.1 200 OK"
2026-04-27 01:03:45,334 INFO __main__ — Condition no_events_blind: completed 3/5 (attempt 3, replacements: 0)
2026-04-27 01:03:45,484 INFO httpx — HTTP Request: POST http://localhost:11434/v1/chat/completions "HTTP/1.1 200 OK"
2026-04-27 01:03:47,631 INFO httpx — HTTP Request: POST http://localhost:11434/v1/chat/completions "HTTP/1.1 200 OK"
2026-04-27 01:03:49,977 INFO httpx — HTTP Request: POST http://localhost:11434/v1/chat/completions "HTTP/1.1 200 OK"
2026-04-27 01:03:51,845 INFO httpx — HTTP Request: POST http://localhost:11434/v1/chat/completions "HTTP/1.1 200 OK"
2026-04-27 01:03:54,205 INFO httpx — HTTP Request: POST http://localhost:11434/v1/chat/completions "HTTP/1.1 200 OK"
2026-04-27 01:03:56,559 INFO httpx — HTTP Request: POST http://localhost:11434/v1/chat/completions "HTTP/1.1 200 OK"
2026-04-27 01:03:58,115 INFO httpx — HTTP Request: POST http://localhost:11434/v1/chat/completions "HTTP/1.1 200 OK"
2026-04-27 01:04:00,020 INFO httpx — HTTP Request: POST http://localhost:11434/v1/chat/completions "HTTP/1.1 200 OK"
2026-04-27 01:04:01,699 INFO httpx — HTTP Request: POST http://localhost:11434/v1/chat/completions "HTTP/1.1 200 OK"
2026-04-27 01:04:04,128 INFO httpx — HTTP Request: POST http://localhost:11434/v1/chat/completions "HTTP/1.1 200 OK"
2026-04-27 01:04:06,499 INFO httpx — HTTP Request: POST http://localhost:11434/v1/chat/completions "HTTP/1.1 200 OK"
2026-04-27 01:04:09,008 INFO httpx — HTTP Request: POST http://localhost:11434/v1/chat/completions "HTTP/1.1 200 OK"
2026-04-27 01:04:11,573 INFO httpx — HTTP Request: POST http://localhost:11434/v1/chat/completions "HTTP/1.1 200 OK"
2026-04-27 01:04:13,531 INFO httpx — HTTP Request: POST http://localhost:11434/v1/chat/completions "HTTP/1.1 200 OK"
2026-04-27 01:04:15,420 INFO httpx — HTTP Request: POST http://localhost:11434/v1/chat/completions "HTTP/1.1 200 OK"
2026-04-27 01:04:17,698 INFO httpx — HTTP Request: POST http://localhost:11434/v1/chat/completions "HTTP/1.1 200 OK"
2026-04-27 01:04:19,960 INFO httpx — HTTP Request: POST http://localhost:11434/v1/chat/completions "HTTP/1.1 200 OK"
2026-04-27 01:04:22,245 INFO httpx — HTTP Request: POST http://localhost:11434/v1/chat/completions "HTTP/1.1 200 OK"
2026-04-27 01:04:24,161 INFO httpx — HTTP Request: POST http://localhost:11434/v1/chat/completions "HTTP/1.1 200 OK"
2026-04-27 01:04:26,460 INFO httpx — HTTP Request: POST http://localhost:11434/v1/chat/completions "HTTP/1.1 200 OK"
2026-04-27 01:04:28,622 INFO httpx — HTTP Request: POST http://localhost:11434/v1/chat/completions "HTTP/1.1 200 OK"
2026-04-27 01:04:30,629 INFO httpx — HTTP Request: POST http://localhost:11434/v1/chat/completions "HTTP/1.1 200 OK"
2026-04-27 01:04:32,494 INFO httpx — HTTP Request: POST http://localhost:11434/v1/chat/completions "HTTP/1.1 200 OK"
2026-04-27 01:04:34,427 INFO httpx — HTTP Request: POST http://localhost:11434/v1/chat/completions "HTTP/1.1 200 OK"
2026-04-27 01:04:37,440 INFO httpx — HTTP Request: POST http://localhost:11434/v1/chat/completions "HTTP/1.1 200 OK"
2026-04-27 01:04:40,289 INFO httpx — HTTP Request: POST http://localhost:11434/v1/chat/completions "HTTP/1.1 200 OK"
2026-04-27 01:04:42,062 INFO httpx — HTTP Request: POST http://localhost:11434/v1/chat/completions "HTTP/1.1 200 OK"
2026-04-27 01:04:44,103 INFO httpx — HTTP Request: POST http://localhost:11434/v1/chat/completions "HTTP/1.1 200 OK"
2026-04-27 01:04:45,673 INFO httpx — HTTP Request: POST http://localhost:11434/v1/chat/completions "HTTP/1.1 200 OK"
2026-04-27 01:04:47,919 INFO httpx — HTTP Request: POST http://localhost:11434/v1/chat/completions "HTTP/1.1 200 OK"
2026-04-27 01:04:50,486 INFO httpx — HTTP Request: POST http://localhost:11434/v1/chat/completions "HTTP/1.1 200 OK"
2026-04-27 01:04:52,262 INFO httpx — HTTP Request: POST http://localhost:11434/v1/chat/completions "HTTP/1.1 200 OK"
2026-04-27 01:04:53,913 INFO httpx — HTTP Request: POST http://localhost:11434/v1/chat/completions "HTTP/1.1 200 OK"
2026-04-27 01:04:55,673 INFO httpx — HTTP Request: POST http://localhost:11434/v1/chat/completions "HTTP/1.1 200 OK"
2026-04-27 01:04:57,452 INFO httpx — HTTP Request: POST http://localhost:11434/v1/chat/completions "HTTP/1.1 200 OK"
2026-04-27 01:04:59,479 INFO httpx — HTTP Request: POST http://localhost:11434/v1/chat/completions "HTTP/1.1 200 OK"
2026-04-27 01:05:01,040 INFO httpx — HTTP Request: POST http://localhost:11434/v1/chat/completions "HTTP/1.1 200 OK"
2026-04-27 01:05:03,629 INFO httpx — HTTP Request: POST http://localhost:11434/v1/chat/completions "HTTP/1.1 200 OK"
2026-04-27 01:05:06,121 INFO httpx — HTTP Request: POST http://localhost:11434/v1/chat/completions "HTTP/1.1 200 OK"
2026-04-27 01:05:08,477 INFO httpx — HTTP Request: POST http://localhost:11434/v1/chat/completions "HTTP/1.1 200 OK"
2026-04-27 01:05:10,634 INFO httpx — HTTP Request: POST http://localhost:11434/v1/chat/completions "HTTP/1.1 200 OK"
2026-04-27 01:05:13,237 INFO httpx — HTTP Request: POST http://localhost:11434/v1/chat/completions "HTTP/1.1 200 OK"
2026-04-27 01:05:15,317 INFO httpx — HTTP Request: POST http://localhost:11434/v1/chat/completions "HTTP/1.1 200 OK"
2026-04-27 01:05:17,242 INFO httpx — HTTP Request: POST http://localhost:11434/v1/chat/completions "HTTP/1.1 200 OK"
2026-04-27 01:05:20,397 INFO httpx — HTTP Request: POST http://localhost:11434/v1/chat/completions "HTTP/1.1 200 OK"
2026-04-27 01:05:22,704 INFO httpx — HTTP Request: POST http://localhost:11434/v1/chat/completions "HTTP/1.1 200 OK"
2026-04-27 01:05:25,202 INFO httpx — HTTP Request: POST http://localhost:11434/v1/chat/completions "HTTP/1.1 200 OK"
2026-04-27 01:05:27,570 INFO httpx — HTTP Request: POST http://localhost:11434/v1/chat/completions "HTTP/1.1 200 OK"
2026-04-27 01:05:29,528 INFO httpx — HTTP Request: POST http://localhost:11434/v1/chat/completions "HTTP/1.1 200 OK"
2026-04-27 01:05:31,984 INFO httpx — HTTP Request: POST http://localhost:11434/v1/chat/completions "HTTP/1.1 200 OK"
2026-04-27 01:05:34,370 INFO httpx — HTTP Request: POST http://localhost:11434/v1/chat/completions "HTTP/1.1 200 OK"
2026-04-27 01:05:36,317 INFO httpx — HTTP Request: POST http://localhost:11434/v1/chat/completions "HTTP/1.1 200 OK"
2026-04-27 01:05:38,663 INFO httpx — HTTP Request: POST http://localhost:11434/v1/chat/completions "HTTP/1.1 200 OK"
2026-04-27 01:05:41,104 INFO httpx — HTTP Request: POST http://localhost:11434/v1/chat/completions "HTTP/1.1 200 OK"
2026-04-27 01:05:42,787 INFO httpx — HTTP Request: POST http://localhost:11434/v1/chat/completions "HTTP/1.1 200 OK"
2026-04-27 01:05:45,613 INFO httpx — HTTP Request: POST http://localhost:11434/v1/chat/completions "HTTP/1.1 200 OK"
2026-04-27 01:05:47,882 INFO httpx — HTTP Request: POST http://localhost:11434/v1/chat/completions "HTTP/1.1 200 OK"
2026-04-27 01:05:50,062 INFO httpx — HTTP Request: POST http://localhost:11434/v1/chat/completions "HTTP/1.1 200 OK"
2026-04-27 01:05:51,934 INFO httpx — HTTP Request: POST http://localhost:11434/v1/chat/completions "HTTP/1.1 200 OK"
2026-04-27 01:05:54,476 INFO httpx — HTTP Request: POST http://localhost:11434/v1/chat/completions "HTTP/1.1 200 OK"
2026-04-27 01:05:56,252 INFO httpx — HTTP Request: POST http://localhost:11434/v1/chat/completions "HTTP/1.1 200 OK"
2026-04-27 01:05:58,590 INFO httpx — HTTP Request: POST http://localhost:11434/v1/chat/completions "HTTP/1.1 200 OK"
2026-04-27 01:06:01,066 INFO httpx — HTTP Request: POST http://localhost:11434/v1/chat/completions "HTTP/1.1 200 OK"
2026-04-27 01:06:02,740 INFO httpx — HTTP Request: POST http://localhost:11434/v1/chat/completions "HTTP/1.1 200 OK"
2026-04-27 01:06:05,260 INFO httpx — HTTP Request: POST http://localhost:11434/v1/chat/completions "HTTP/1.1 200 OK"
2026-04-27 01:06:07,592 INFO httpx — HTTP Request: POST http://localhost:11434/v1/chat/completions "HTTP/1.1 200 OK"
2026-04-27 01:06:09,465 INFO httpx — HTTP Request: POST http://localhost:11434/v1/chat/completions "HTTP/1.1 200 OK"
2026-04-27 01:06:11,455 INFO httpx — HTTP Request: POST http://localhost:11434/v1/chat/completions "HTTP/1.1 200 OK"
2026-04-27 01:06:13,702 INFO httpx — HTTP Request: POST http://localhost:11434/v1/chat/completions "HTTP/1.1 200 OK"
2026-04-27 01:06:15,700 INFO httpx — HTTP Request: POST http://localhost:11434/v1/chat/completions "HTTP/1.1 200 OK"
2026-04-27 01:06:17,503 INFO httpx — HTTP Request: POST http://localhost:11434/v1/chat/completions "HTTP/1.1 200 OK"
2026-04-27 01:06:19,767 INFO httpx — HTTP Request: POST http://localhost:11434/v1/chat/completions "HTTP/1.1 200 OK"
2026-04-27 01:06:21,822 INFO httpx — HTTP Request: POST http://localhost:11434/v1/chat/completions "HTTP/1.1 200 OK"
2026-04-27 01:06:24,684 INFO httpx — HTTP Request: POST http://localhost:11434/v1/chat/completions "HTTP/1.1 200 OK"
2026-04-27 01:06:26,949 INFO httpx — HTTP Request: POST http://localhost:11434/v1/chat/completions "HTTP/1.1 200 OK"
2026-04-27 01:06:29,525 INFO httpx — HTTP Request: POST http://localhost:11434/v1/chat/completions "HTTP/1.1 200 OK"
2026-04-27 01:06:31,146 INFO httpx — HTTP Request: POST http://localhost:11434/v1/chat/completions "HTTP/1.1 200 OK"
2026-04-27 01:06:34,095 INFO httpx — HTTP Request: POST http://localhost:11434/v1/chat/completions "HTTP/1.1 200 OK"
2026-04-27 01:06:36,515 INFO httpx — HTTP Request: POST http://localhost:11434/v1/chat/completions "HTTP/1.1 200 OK"
2026-04-27 01:06:38,669 INFO httpx — HTTP Request: POST http://localhost:11434/v1/chat/completions "HTTP/1.1 200 OK"
2026-04-27 01:06:40,573 INFO httpx — HTTP Request: POST http://localhost:11434/v1/chat/completions "HTTP/1.1 200 OK"
2026-04-27 01:06:42,436 INFO httpx — HTTP Request: POST http://localhost:11434/v1/chat/completions "HTTP/1.1 200 OK"
2026-04-27 01:06:44,630 INFO httpx — HTTP Request: POST http://localhost:11434/v1/chat/completions "HTTP/1.1 200 OK"
2026-04-27 01:06:47,593 INFO httpx — HTTP Request: POST http://localhost:11434/v1/chat/completions "HTTP/1.1 200 OK"
2026-04-27 01:06:49,938 INFO httpx — HTTP Request: POST http://localhost:11434/v1/chat/completions "HTTP/1.1 200 OK"
2026-04-27 01:06:51,973 INFO httpx — HTTP Request: POST http://localhost:11434/v1/chat/completions "HTTP/1.1 200 OK"
2026-04-27 01:06:53,584 INFO httpx — HTTP Request: POST http://localhost:11434/v1/chat/completions "HTTP/1.1 200 OK"
2026-04-27 01:06:55,705 INFO httpx — HTTP Request: POST http://localhost:11434/v1/chat/completions "HTTP/1.1 200 OK"
2026-04-27 01:06:58,016 INFO httpx — HTTP Request: POST http://localhost:11434/v1/chat/completions "HTTP/1.1 200 OK"
2026-04-27 01:07:00,419 INFO httpx — HTTP Request: POST http://localhost:11434/v1/chat/completions "HTTP/1.1 200 OK"
2026-04-27 01:07:02,762 INFO httpx — HTTP Request: POST http://localhost:11434/v1/chat/completions "HTTP/1.1 200 OK"
2026-04-27 01:07:05,660 INFO httpx — HTTP Request: POST http://localhost:11434/v1/chat/completions "HTTP/1.1 200 OK"
2026-04-27 01:07:07,714 INFO httpx — HTTP Request: POST http://localhost:11434/v1/chat/completions "HTTP/1.1 200 OK"
2026-04-27 01:07:09,552 INFO httpx — HTTP Request: POST http://localhost:11434/v1/chat/completions "HTTP/1.1 200 OK"
2026-04-27 01:07:11,889 INFO httpx — HTTP Request: POST http://localhost:11434/v1/chat/completions "HTTP/1.1 200 OK"
2026-04-27 01:07:14,356 INFO httpx — HTTP Request: POST http://localhost:11434/v1/chat/completions "HTTP/1.1 200 OK"
2026-04-27 01:07:15,972 INFO httpx — HTTP Request: POST http://localhost:11434/v1/chat/completions "HTTP/1.1 200 OK"
2026-04-27 01:07:18,274 INFO httpx — HTTP Request: POST http://localhost:11434/v1/chat/completions "HTTP/1.1 200 OK"
2026-04-27 01:07:20,582 INFO httpx — HTTP Request: POST http://localhost:11434/v1/chat/completions "HTTP/1.1 200 OK"
2026-04-27 01:07:22,196 INFO httpx — HTTP Request: POST http://localhost:11434/v1/chat/completions "HTTP/1.1 200 OK"
2026-04-27 01:07:24,299 INFO httpx — HTTP Request: POST http://localhost:11434/v1/chat/completions "HTTP/1.1 200 OK"
2026-04-27 01:07:25,859 INFO httpx — HTTP Request: POST http://localhost:11434/v1/chat/completions "HTTP/1.1 200 OK"
2026-04-27 01:07:27,819 INFO httpx — HTTP Request: POST http://localhost:11434/v1/chat/completions "HTTP/1.1 200 OK"
2026-04-27 01:07:29,728 INFO httpx — HTTP Request: POST http://localhost:11434/v1/chat/completions "HTTP/1.1 200 OK"
2026-04-27 01:07:32,153 INFO httpx — HTTP Request: POST http://localhost:11434/v1/chat/completions "HTTP/1.1 200 OK"
2026-04-27 01:07:33,723 INFO __main__ — Condition no_events_blind: completed 4/5 (attempt 4, replacements: 0)
2026-04-27 01:07:33,864 INFO httpx — HTTP Request: POST http://localhost:11434/v1/chat/completions "HTTP/1.1 200 OK"
2026-04-27 01:07:36,499 INFO httpx — HTTP Request: POST http://localhost:11434/v1/chat/completions "HTTP/1.1 200 OK"
2026-04-27 01:07:38,800 INFO httpx — HTTP Request: POST http://localhost:11434/v1/chat/completions "HTTP/1.1 200 OK"
2026-04-27 01:07:40,919 INFO httpx — HTTP Request: POST http://localhost:11434/v1/chat/completions "HTTP/1.1 200 OK"
2026-04-27 01:07:43,269 INFO httpx — HTTP Request: POST http://localhost:11434/v1/chat/completions "HTTP/1.1 200 OK"
2026-04-27 01:07:45,342 INFO httpx — HTTP Request: POST http://localhost:11434/v1/chat/completions "HTTP/1.1 200 OK"
2026-04-27 01:07:47,186 INFO httpx — HTTP Request: POST http://localhost:11434/v1/chat/completions "HTTP/1.1 200 OK"
2026-04-27 01:07:49,302 INFO httpx — HTTP Request: POST http://localhost:11434/v1/chat/completions "HTTP/1.1 200 OK"
2026-04-27 01:07:50,972 INFO httpx — HTTP Request: POST http://localhost:11434/v1/chat/completions "HTTP/1.1 200 OK"
2026-04-27 01:07:52,592 INFO httpx — HTTP Request: POST http://localhost:11434/v1/chat/completions "HTTP/1.1 200 OK"
2026-04-27 01:07:54,821 INFO httpx — HTTP Request: POST http://localhost:11434/v1/chat/completions "HTTP/1.1 200 OK"
2026-04-27 01:07:57,136 INFO httpx — HTTP Request: POST http://localhost:11434/v1/chat/completions "HTTP/1.1 200 OK"
2026-04-27 01:07:58,519 INFO httpx — HTTP Request: POST http://localhost:11434/v1/chat/completions "HTTP/1.1 200 OK"
2026-04-27 01:08:00,463 INFO httpx — HTTP Request: POST http://localhost:11434/v1/chat/completions "HTTP/1.1 200 OK"
2026-04-27 01:08:02,671 INFO httpx — HTTP Request: POST http://localhost:11434/v1/chat/completions "HTTP/1.1 200 OK"
2026-04-27 01:08:05,091 INFO httpx — HTTP Request: POST http://localhost:11434/v1/chat/completions "HTTP/1.1 200 OK"
2026-04-27 01:08:07,555 INFO httpx — HTTP Request: POST http://localhost:11434/v1/chat/completions "HTTP/1.1 200 OK"
2026-04-27 01:08:09,545 INFO httpx — HTTP Request: POST http://localhost:11434/v1/chat/completions "HTTP/1.1 200 OK"
2026-04-27 01:08:11,649 INFO httpx — HTTP Request: POST http://localhost:11434/v1/chat/completions "HTTP/1.1 200 OK"
2026-04-27 01:08:13,211 INFO httpx — HTTP Request: POST http://localhost:11434/v1/chat/completions "HTTP/1.1 200 OK"
2026-04-27 01:08:14,684 INFO httpx — HTTP Request: POST http://localhost:11434/v1/chat/completions "HTTP/1.1 200 OK"
2026-04-27 01:08:17,470 INFO httpx — HTTP Request: POST http://localhost:11434/v1/chat/completions "HTTP/1.1 200 OK"
2026-04-27 01:08:19,527 INFO httpx — HTTP Request: POST http://localhost:11434/v1/chat/completions "HTTP/1.1 200 OK"
2026-04-27 01:08:21,393 INFO httpx — HTTP Request: POST http://localhost:11434/v1/chat/completions "HTTP/1.1 200 OK"
2026-04-27 01:08:23,134 INFO httpx — HTTP Request: POST http://localhost:11434/v1/chat/completions "HTTP/1.1 200 OK"
2026-04-27 01:08:24,570 INFO httpx — HTTP Request: POST http://localhost:11434/v1/chat/completions "HTTP/1.1 200 OK"
2026-04-27 01:08:26,872 INFO httpx — HTTP Request: POST http://localhost:11434/v1/chat/completions "HTTP/1.1 200 OK"
2026-04-27 01:08:29,261 INFO httpx — HTTP Request: POST http://localhost:11434/v1/chat/completions "HTTP/1.1 200 OK"
2026-04-27 01:08:31,615 INFO httpx — HTTP Request: POST http://localhost:11434/v1/chat/completions "HTTP/1.1 200 OK"
2026-04-27 01:08:33,552 INFO httpx — HTTP Request: POST http://localhost:11434/v1/chat/completions "HTTP/1.1 200 OK"
2026-04-27 01:08:35,383 INFO httpx — HTTP Request: POST http://localhost:11434/v1/chat/completions "HTTP/1.1 200 OK"
2026-04-27 01:08:37,681 INFO httpx — HTTP Request: POST http://localhost:11434/v1/chat/completions "HTTP/1.1 200 OK"
2026-04-27 01:08:39,985 INFO httpx — HTTP Request: POST http://localhost:11434/v1/chat/completions "HTTP/1.1 200 OK"
2026-04-27 01:08:42,200 INFO httpx — HTTP Request: POST http://localhost:11434/v1/chat/completions "HTTP/1.1 200 OK"
2026-04-27 01:08:44,501 INFO httpx — HTTP Request: POST http://localhost:11434/v1/chat/completions "HTTP/1.1 200 OK"
2026-04-27 01:08:46,812 INFO httpx — HTTP Request: POST http://localhost:11434/v1/chat/completions "HTTP/1.1 200 OK"
2026-04-27 01:08:48,840 INFO httpx — HTTP Request: POST http://localhost:11434/v1/chat/completions "HTTP/1.1 200 OK"
2026-04-27 01:08:51,655 INFO httpx — HTTP Request: POST http://localhost:11434/v1/chat/completions "HTTP/1.1 200 OK"
2026-04-27 01:08:54,469 INFO httpx — HTTP Request: POST http://localhost:11434/v1/chat/completions "HTTP/1.1 200 OK"
2026-04-27 01:08:56,230 INFO httpx — HTTP Request: POST http://localhost:11434/v1/chat/completions "HTTP/1.1 200 OK"
2026-04-27 01:08:58,175 INFO httpx — HTTP Request: POST http://localhost:11434/v1/chat/completions "HTTP/1.1 200 OK"
2026-04-27 01:09:00,821 INFO httpx — HTTP Request: POST http://localhost:11434/v1/chat/completions "HTTP/1.1 200 OK"
2026-04-27 01:09:02,530 INFO httpx — HTTP Request: POST http://localhost:11434/v1/chat/completions "HTTP/1.1 200 OK"
2026-04-27 01:09:04,829 INFO httpx — HTTP Request: POST http://localhost:11434/v1/chat/completions "HTTP/1.1 200 OK"
2026-04-27 01:09:06,522 INFO httpx — HTTP Request: POST http://localhost:11434/v1/chat/completions "HTTP/1.1 200 OK"
2026-04-27 01:09:08,352 INFO httpx — HTTP Request: POST http://localhost:11434/v1/chat/completions "HTTP/1.1 200 OK"
2026-04-27 01:09:10,671 INFO httpx — HTTP Request: POST http://localhost:11434/v1/chat/completions "HTTP/1.1 200 OK"
2026-04-27 01:09:12,910 INFO httpx — HTTP Request: POST http://localhost:11434/v1/chat/completions "HTTP/1.1 200 OK"
2026-04-27 01:09:14,784 INFO httpx — HTTP Request: POST http://localhost:11434/v1/chat/completions "HTTP/1.1 200 OK"
2026-04-27 01:09:17,166 INFO httpx — HTTP Request: POST http://localhost:11434/v1/chat/completions "HTTP/1.1 200 OK"
2026-04-27 01:09:19,414 INFO httpx — HTTP Request: POST http://localhost:11434/v1/chat/completions "HTTP/1.1 200 OK"
2026-04-27 01:09:21,591 INFO httpx — HTTP Request: POST http://localhost:11434/v1/chat/completions "HTTP/1.1 200 OK"
2026-04-27 01:09:23,921 INFO httpx — HTTP Request: POST http://localhost:11434/v1/chat/completions "HTTP/1.1 200 OK"
2026-04-27 01:09:25,624 INFO httpx — HTTP Request: POST http://localhost:11434/v1/chat/completions "HTTP/1.1 200 OK"
2026-04-27 01:09:27,866 INFO httpx — HTTP Request: POST http://localhost:11434/v1/chat/completions "HTTP/1.1 200 OK"
2026-04-27 01:09:29,458 INFO httpx — HTTP Request: POST http://localhost:11434/v1/chat/completions "HTTP/1.1 200 OK"
2026-04-27 01:09:31,020 INFO httpx — HTTP Request: POST http://localhost:11434/v1/chat/completions "HTTP/1.1 200 OK"
2026-04-27 01:09:32,581 INFO httpx — HTTP Request: POST http://localhost:11434/v1/chat/completions "HTTP/1.1 200 OK"
2026-04-27 01:09:34,766 INFO httpx — HTTP Request: POST http://localhost:11434/v1/chat/completions "HTTP/1.1 200 OK"
2026-04-27 01:09:36,922 INFO httpx — HTTP Request: POST http://localhost:11434/v1/chat/completions "HTTP/1.1 200 OK"
2026-04-27 01:09:39,262 INFO httpx — HTTP Request: POST http://localhost:11434/v1/chat/completions "HTTP/1.1 200 OK"
2026-04-27 01:09:42,017 INFO httpx — HTTP Request: POST http://localhost:11434/v1/chat/completions "HTTP/1.1 200 OK"
2026-04-27 01:09:43,776 INFO httpx — HTTP Request: POST http://localhost:11434/v1/chat/completions "HTTP/1.1 200 OK"
2026-04-27 01:09:46,460 INFO httpx — HTTP Request: POST http://localhost:11434/v1/chat/completions "HTTP/1.1 200 OK"
2026-04-27 01:09:48,738 INFO httpx — HTTP Request: POST http://localhost:11434/v1/chat/completions "HTTP/1.1 200 OK"
2026-04-27 01:09:50,363 INFO httpx — HTTP Request: POST http://localhost:11434/v1/chat/completions "HTTP/1.1 200 OK"
2026-04-27 01:09:51,922 INFO httpx — HTTP Request: POST http://localhost:11434/v1/chat/completions "HTTP/1.1 200 OK"
2026-04-27 01:09:54,424 INFO httpx — HTTP Request: POST http://localhost:11434/v1/chat/completions "HTTP/1.1 200 OK"
2026-04-27 01:09:56,346 INFO httpx — HTTP Request: POST http://localhost:11434/v1/chat/completions "HTTP/1.1 200 OK"
2026-04-27 01:09:58,196 INFO httpx — HTTP Request: POST http://localhost:11434/v1/chat/completions "HTTP/1.1 200 OK"
2026-04-27 01:09:59,732 INFO httpx — HTTP Request: POST http://localhost:11434/v1/chat/completions "HTTP/1.1 200 OK"
2026-04-27 01:10:01,291 INFO httpx — HTTP Request: POST http://localhost:11434/v1/chat/completions "HTTP/1.1 200 OK"
2026-04-27 01:10:03,485 INFO httpx — HTTP Request: POST http://localhost:11434/v1/chat/completions "HTTP/1.1 200 OK"
2026-04-27 01:10:05,221 INFO httpx — HTTP Request: POST http://localhost:11434/v1/chat/completions "HTTP/1.1 200 OK"
2026-04-27 01:10:07,156 INFO httpx — HTTP Request: POST http://localhost:11434/v1/chat/completions "HTTP/1.1 200 OK"
2026-04-27 01:10:09,279 INFO httpx — HTTP Request: POST http://localhost:11434/v1/chat/completions "HTTP/1.1 200 OK"
2026-04-27 01:10:11,257 INFO httpx — HTTP Request: POST http://localhost:11434/v1/chat/completions "HTTP/1.1 200 OK"
2026-04-27 01:10:13,460 INFO httpx — HTTP Request: POST http://localhost:11434/v1/chat/completions "HTTP/1.1 200 OK"
2026-04-27 01:10:15,778 INFO httpx — HTTP Request: POST http://localhost:11434/v1/chat/completions "HTTP/1.1 200 OK"
2026-04-27 01:10:17,554 INFO httpx — HTTP Request: POST http://localhost:11434/v1/chat/completions "HTTP/1.1 200 OK"
2026-04-27 01:10:19,378 INFO httpx — HTTP Request: POST http://localhost:11434/v1/chat/completions "HTTP/1.1 200 OK"
2026-04-27 01:10:21,113 INFO httpx — HTTP Request: POST http://localhost:11434/v1/chat/completions "HTTP/1.1 200 OK"
2026-04-27 01:10:23,157 INFO httpx — HTTP Request: POST http://localhost:11434/v1/chat/completions "HTTP/1.1 200 OK"
2026-04-27 01:10:25,511 INFO httpx — HTTP Request: POST http://localhost:11434/v1/chat/completions "HTTP/1.1 200 OK"
2026-04-27 01:10:27,193 INFO httpx — HTTP Request: POST http://localhost:11434/v1/chat/completions "HTTP/1.1 200 OK"
2026-04-27 01:10:29,400 INFO httpx — HTTP Request: POST http://localhost:11434/v1/chat/completions "HTTP/1.1 200 OK"
2026-04-27 01:10:31,331 INFO httpx — HTTP Request: POST http://localhost:11434/v1/chat/completions "HTTP/1.1 200 OK"
2026-04-27 01:10:33,272 INFO httpx — HTTP Request: POST http://localhost:11434/v1/chat/completions "HTTP/1.1 200 OK"
2026-04-27 01:10:34,842 INFO httpx — HTTP Request: POST http://localhost:11434/v1/chat/completions "HTTP/1.1 200 OK"
2026-04-27 01:10:36,659 INFO httpx — HTTP Request: POST http://localhost:11434/v1/chat/completions "HTTP/1.1 200 OK"
2026-04-27 01:10:38,493 INFO httpx — HTTP Request: POST http://localhost:11434/v1/chat/completions "HTTP/1.1 200 OK"
2026-04-27 01:10:40,858 INFO httpx — HTTP Request: POST http://localhost:11434/v1/chat/completions "HTTP/1.1 200 OK"
2026-04-27 01:10:43,187 INFO httpx — HTTP Request: POST http://localhost:11434/v1/chat/completions "HTTP/1.1 200 OK"
2026-04-27 01:10:45,141 INFO httpx — HTTP Request: POST http://localhost:11434/v1/chat/completions "HTTP/1.1 200 OK"
2026-04-27 01:10:47,595 INFO httpx — HTTP Request: POST http://localhost:11434/v1/chat/completions "HTTP/1.1 200 OK"
2026-04-27 01:10:49,588 INFO httpx — HTTP Request: POST http://localhost:11434/v1/chat/completions "HTTP/1.1 200 OK"
2026-04-27 01:10:51,714 INFO httpx — HTTP Request: POST http://localhost:11434/v1/chat/completions "HTTP/1.1 200 OK"
2026-04-27 01:10:53,704 INFO httpx — HTTP Request: POST http://localhost:11434/v1/chat/completions "HTTP/1.1 200 OK"
2026-04-27 01:10:55,727 INFO httpx — HTTP Request: POST http://localhost:11434/v1/chat/completions "HTTP/1.1 200 OK"
2026-04-27 01:10:57,761 INFO httpx — HTTP Request: POST http://localhost:11434/v1/chat/completions "HTTP/1.1 200 OK"
2026-04-27 01:10:59,746 INFO httpx — HTTP Request: POST http://localhost:11434/v1/chat/completions "HTTP/1.1 200 OK"
2026-04-27 01:11:02,292 INFO httpx — HTTP Request: POST http://localhost:11434/v1/chat/completions "HTTP/1.1 200 OK"
2026-04-27 01:11:04,951 INFO httpx — HTTP Request: POST http://localhost:11434/v1/chat/completions "HTTP/1.1 200 OK"
2026-04-27 01:11:06,792 INFO httpx — HTTP Request: POST http://localhost:11434/v1/chat/completions "HTTP/1.1 200 OK"
2026-04-27 01:11:08,628 INFO httpx — HTTP Request: POST http://localhost:11434/v1/chat/completions "HTTP/1.1 200 OK"
2026-04-27 01:11:10,576 INFO __main__ — Condition no_events_blind: completed 5/5 (attempt 5, replacements: 0)
2026-04-27 01:11:10,576 INFO __main__ — Condition no_events_blind: finished — 5 valid runs in 5 attempts (0 replacement(s))
2026-04-27 01:11:10,581 INFO __main__ — Checkpoint written (530 records so far)
2026-04-27 01:11:10,806 INFO httpx — HTTP Request: POST http://localhost:11434/v1/chat/completions "HTTP/1.1 200 OK"
2026-04-27 01:11:12,707 INFO httpx — HTTP Request: POST http://localhost:11434/v1/chat/completions "HTTP/1.1 200 OK"
2026-04-27 01:11:14,932 INFO httpx — HTTP Request: POST http://localhost:11434/v1/chat/completions "HTTP/1.1 200 OK"
2026-04-27 01:11:16,664 INFO httpx — HTTP Request: POST http://localhost:11434/v1/chat/completions "HTTP/1.1 200 OK"
2026-04-27 01:11:18,922 INFO httpx — HTTP Request: POST http://localhost:11434/v1/chat/completions "HTTP/1.1 200 OK"
2026-04-27 01:11:20,872 INFO httpx — HTTP Request: POST http://localhost:11434/v1/chat/completions "HTTP/1.1 200 OK"
2026-04-27 01:11:23,350 INFO httpx — HTTP Request: POST http://localhost:11434/v1/chat/completions "HTTP/1.1 200 OK"
2026-04-27 01:11:25,389 INFO httpx — HTTP Request: POST http://localhost:11434/v1/chat/completions "HTTP/1.1 200 OK"
2026-04-27 01:11:27,846 INFO httpx — HTTP Request: POST http://localhost:11434/v1/chat/completions "HTTP/1.1 200 OK"
2026-04-27 01:11:30,844 INFO httpx — HTTP Request: POST http://localhost:11434/v1/chat/completions "HTTP/1.1 200 OK"
2026-04-27 01:11:33,247 INFO httpx — HTTP Request: POST http://localhost:11434/v1/chat/completions "HTTP/1.1 200 OK"
2026-04-27 01:11:36,279 INFO httpx — HTTP Request: POST http://localhost:11434/v1/chat/completions "HTTP/1.1 200 OK"
2026-04-27 01:11:38,096 INFO httpx — HTTP Request: POST http://localhost:11434/v1/chat/completions "HTTP/1.1 200 OK"
2026-04-27 01:11:40,872 INFO httpx — HTTP Request: POST http://localhost:11434/v1/chat/completions "HTTP/1.1 200 OK"
2026-04-27 01:11:43,584 INFO httpx — HTTP Request: POST http://localhost:11434/v1/chat/completions "HTTP/1.1 200 OK"
2026-04-27 01:11:45,950 INFO httpx — HTTP Request: POST http://localhost:11434/v1/chat/completions "HTTP/1.1 200 OK"
2026-04-27 01:11:48,263 INFO httpx — HTTP Request: POST http://localhost:11434/v1/chat/completions "HTTP/1.1 200 OK"
2026-04-27 01:11:50,272 INFO httpx — HTTP Request: POST http://localhost:11434/v1/chat/completions "HTTP/1.1 200 OK"
2026-04-27 01:11:52,369 INFO httpx — HTTP Request: POST http://localhost:11434/v1/chat/completions "HTTP/1.1 200 OK"
2026-04-27 01:11:54,928 INFO httpx — HTTP Request: POST http://localhost:11434/v1/chat/completions "HTTP/1.1 200 OK"
2026-04-27 01:11:58,527 INFO httpx — HTTP Request: POST http://localhost:11434/v1/chat/completions "HTTP/1.1 200 OK"
2026-04-27 01:12:00,680 INFO httpx — HTTP Request: POST http://localhost:11434/v1/chat/completions "HTTP/1.1 200 OK"
2026-04-27 01:12:03,284 INFO httpx — HTTP Request: POST http://localhost:11434/v1/chat/completions "HTTP/1.1 200 OK"
2026-04-27 01:12:05,754 INFO httpx — HTTP Request: POST http://localhost:11434/v1/chat/completions "HTTP/1.1 200 OK"
2026-04-27 01:12:08,107 INFO httpx — HTTP Request: POST http://localhost:11434/v1/chat/completions "HTTP/1.1 200 OK"
2026-04-27 01:12:10,626 INFO httpx — HTTP Request: POST http://localhost:11434/v1/chat/completions "HTTP/1.1 200 OK"
2026-04-27 01:12:13,436 INFO httpx — HTTP Request: POST http://localhost:11434/v1/chat/completions "HTTP/1.1 200 OK"
2026-04-27 01:12:15,521 INFO httpx — HTTP Request: POST http://localhost:11434/v1/chat/completions "HTTP/1.1 200 OK"
2026-04-27 01:12:17,981 INFO httpx — HTTP Request: POST http://localhost:11434/v1/chat/completions "HTTP/1.1 200 OK"
2026-04-27 01:12:20,115 INFO httpx — HTTP Request: POST http://localhost:11434/v1/chat/completions "HTTP/1.1 200 OK"
2026-04-27 01:12:22,062 INFO httpx — HTTP Request: POST http://localhost:11434/v1/chat/completions "HTTP/1.1 200 OK"
2026-04-27 01:12:23,953 INFO httpx — HTTP Request: POST http://localhost:11434/v1/chat/completions "HTTP/1.1 200 OK"
2026-04-27 01:12:26,910 INFO httpx — HTTP Request: POST http://localhost:11434/v1/chat/completions "HTTP/1.1 200 OK"
2026-04-27 01:12:28,854 INFO httpx — HTTP Request: POST http://localhost:11434/v1/chat/completions "HTTP/1.1 200 OK"
2026-04-27 01:12:31,229 INFO httpx — HTTP Request: POST http://localhost:11434/v1/chat/completions "HTTP/1.1 200 OK"
2026-04-27 01:12:33,365 INFO httpx — HTTP Request: POST http://localhost:11434/v1/chat/completions "HTTP/1.1 200 OK"
2026-04-27 01:12:36,364 INFO httpx — HTTP Request: POST http://localhost:11434/v1/chat/completions "HTTP/1.1 200 OK"
2026-04-27 01:12:38,509 INFO httpx — HTTP Request: POST http://localhost:11434/v1/chat/completions "HTTP/1.1 200 OK"
2026-04-27 01:12:40,394 INFO httpx — HTTP Request: POST http://localhost:11434/v1/chat/completions "HTTP/1.1 200 OK"
2026-04-27 01:12:42,597 INFO httpx — HTTP Request: POST http://localhost:11434/v1/chat/completions "HTTP/1.1 200 OK"
2026-04-27 01:12:44,478 INFO httpx — HTTP Request: POST http://localhost:11434/v1/chat/completions "HTTP/1.1 200 OK"
2026-04-27 01:12:46,905 INFO httpx — HTTP Request: POST http://localhost:11434/v1/chat/completions "HTTP/1.1 200 OK"
2026-04-27 01:12:49,371 INFO httpx — HTTP Request: POST http://localhost:11434/v1/chat/completions "HTTP/1.1 200 OK"
2026-04-27 01:12:51,322 INFO httpx — HTTP Request: POST http://localhost:11434/v1/chat/completions "HTTP/1.1 200 OK"
2026-04-27 01:12:53,674 INFO httpx — HTTP Request: POST http://localhost:11434/v1/chat/completions "HTTP/1.1 200 OK"
2026-04-27 01:12:55,525 INFO httpx — HTTP Request: POST http://localhost:11434/v1/chat/completions "HTTP/1.1 200 OK"
2026-04-27 01:12:57,838 INFO httpx — HTTP Request: POST http://localhost:11434/v1/chat/completions "HTTP/1.1 200 OK"
2026-04-27 01:13:00,118 INFO httpx — HTTP Request: POST http://localhost:11434/v1/chat/completions "HTTP/1.1 200 OK"
2026-04-27 01:13:02,240 INFO httpx — HTTP Request: POST http://localhost:11434/v1/chat/completions "HTTP/1.1 200 OK"
2026-04-27 01:13:04,228 INFO httpx — HTTP Request: POST http://localhost:11434/v1/chat/completions "HTTP/1.1 200 OK"
2026-04-27 01:13:06,318 INFO httpx — HTTP Request: POST http://localhost:11434/v1/chat/completions "HTTP/1.1 200 OK"
2026-04-27 01:13:08,907 INFO httpx — HTTP Request: POST http://localhost:11434/v1/chat/completions "HTTP/1.1 200 OK"
2026-04-27 01:13:11,092 INFO httpx — HTTP Request: POST http://localhost:11434/v1/chat/completions "HTTP/1.1 200 OK"
2026-04-27 01:13:13,208 INFO httpx — HTTP Request: POST http://localhost:11434/v1/chat/completions "HTTP/1.1 200 OK"
2026-04-27 01:13:15,822 INFO httpx — HTTP Request: POST http://localhost:11434/v1/chat/completions "HTTP/1.1 200 OK"
2026-04-27 01:13:18,274 INFO httpx — HTTP Request: POST http://localhost:11434/v1/chat/completions "HTTP/1.1 200 OK"
2026-04-27 01:13:20,320 INFO httpx — HTTP Request: POST http://localhost:11434/v1/chat/completions "HTTP/1.1 200 OK"
2026-04-27 01:13:22,259 INFO httpx — HTTP Request: POST http://localhost:11434/v1/chat/completions "HTTP/1.1 200 OK"
2026-04-27 01:13:24,349 INFO httpx — HTTP Request: POST http://localhost:11434/v1/chat/completions "HTTP/1.1 200 OK"
2026-04-27 01:13:26,316 INFO httpx — HTTP Request: POST http://localhost:11434/v1/chat/completions "HTTP/1.1 200 OK"
2026-04-27 01:13:28,799 INFO httpx — HTTP Request: POST http://localhost:11434/v1/chat/completions "HTTP/1.1 200 OK"
2026-04-27 01:13:31,209 INFO httpx — HTTP Request: POST http://localhost:11434/v1/chat/completions "HTTP/1.1 200 OK"
2026-04-27 01:13:33,191 INFO httpx — HTTP Request: POST http://localhost:11434/v1/chat/completions "HTTP/1.1 200 OK"
2026-04-27 01:13:35,413 INFO httpx — HTTP Request: POST http://localhost:11434/v1/chat/completions "HTTP/1.1 200 OK"
2026-04-27 01:13:37,904 INFO httpx — HTTP Request: POST http://localhost:11434/v1/chat/completions "HTTP/1.1 200 OK"
2026-04-27 01:13:40,845 INFO httpx — HTTP Request: POST http://localhost:11434/v1/chat/completions "HTTP/1.1 200 OK"
2026-04-27 01:13:42,677 INFO httpx — HTTP Request: POST http://localhost:11434/v1/chat/completions "HTTP/1.1 200 OK"
2026-04-27 01:13:44,817 INFO httpx — HTTP Request: POST http://localhost:11434/v1/chat/completions "HTTP/1.1 200 OK"
2026-04-27 01:13:46,607 INFO httpx — HTTP Request: POST http://localhost:11434/v1/chat/completions "HTTP/1.1 200 OK"
2026-04-27 01:13:48,997 INFO httpx — HTTP Request: POST http://localhost:11434/v1/chat/completions "HTTP/1.1 200 OK"
2026-04-27 01:13:51,656 INFO httpx — HTTP Request: POST http://localhost:11434/v1/chat/completions "HTTP/1.1 200 OK"
2026-04-27 01:13:54,107 INFO httpx — HTTP Request: POST http://localhost:11434/v1/chat/completions "HTTP/1.1 200 OK"
2026-04-27 01:13:56,329 INFO httpx — HTTP Request: POST http://localhost:11434/v1/chat/completions "HTTP/1.1 200 OK"
2026-04-27 01:13:58,639 INFO httpx — HTTP Request: POST http://localhost:11434/v1/chat/completions "HTTP/1.1 200 OK"
2026-04-27 01:14:00,514 INFO httpx — HTTP Request: POST http://localhost:11434/v1/chat/completions "HTTP/1.1 200 OK"
2026-04-27 01:14:02,921 INFO httpx — HTTP Request: POST http://localhost:11434/v1/chat/completions "HTTP/1.1 200 OK"
2026-04-27 01:14:04,713 INFO httpx — HTTP Request: POST http://localhost:11434/v1/chat/completions "HTTP/1.1 200 OK"
2026-04-27 01:14:06,604 INFO httpx — HTTP Request: POST http://localhost:11434/v1/chat/completions "HTTP/1.1 200 OK"
2026-04-27 01:14:09,137 INFO httpx — HTTP Request: POST http://localhost:11434/v1/chat/completions "HTTP/1.1 200 OK"
2026-04-27 01:14:11,470 INFO httpx — HTTP Request: POST http://localhost:11434/v1/chat/completions "HTTP/1.1 200 OK"
2026-04-27 01:14:13,234 INFO httpx — HTTP Request: POST http://localhost:11434/v1/chat/completions "HTTP/1.1 200 OK"
2026-04-27 01:14:15,410 INFO httpx — HTTP Request: POST http://localhost:11434/v1/chat/completions "HTTP/1.1 200 OK"
2026-04-27 01:14:18,591 INFO httpx — HTTP Request: POST http://localhost:11434/v1/chat/completions "HTTP/1.1 200 OK"
2026-04-27 01:14:20,704 INFO httpx — HTTP Request: POST http://localhost:11434/v1/chat/completions "HTTP/1.1 200 OK"
2026-04-27 01:14:22,491 INFO httpx — HTTP Request: POST http://localhost:11434/v1/chat/completions "HTTP/1.1 200 OK"
2026-04-27 01:14:25,017 INFO httpx — HTTP Request: POST http://localhost:11434/v1/chat/completions "HTTP/1.1 200 OK"
2026-04-27 01:14:27,139 INFO httpx — HTTP Request: POST http://localhost:11434/v1/chat/completions "HTTP/1.1 200 OK"
2026-04-27 01:14:29,787 INFO httpx — HTTP Request: POST http://localhost:11434/v1/chat/completions "HTTP/1.1 200 OK"
2026-04-27 01:14:31,854 INFO httpx — HTTP Request: POST http://localhost:11434/v1/chat/completions "HTTP/1.1 200 OK"
2026-04-27 01:14:33,813 INFO httpx — HTTP Request: POST http://localhost:11434/v1/chat/completions "HTTP/1.1 200 OK"
2026-04-27 01:14:35,768 INFO httpx — HTTP Request: POST http://localhost:11434/v1/chat/completions "HTTP/1.1 200 OK"
2026-04-27 01:14:37,577 INFO httpx — HTTP Request: POST http://localhost:11434/v1/chat/completions "HTTP/1.1 200 OK"
2026-04-27 01:14:41,117 INFO httpx — HTTP Request: POST http://localhost:11434/v1/chat/completions "HTTP/1.1 200 OK"
2026-04-27 01:14:42,911 INFO httpx — HTTP Request: POST http://localhost:11434/v1/chat/completions "HTTP/1.1 200 OK"
2026-04-27 01:14:44,932 INFO httpx — HTTP Request: POST http://localhost:11434/v1/chat/completions "HTTP/1.1 200 OK"
2026-04-27 01:14:47,206 INFO httpx — HTTP Request: POST http://localhost:11434/v1/chat/completions "HTTP/1.1 200 OK"
2026-04-27 01:14:49,080 INFO httpx — HTTP Request: POST http://localhost:11434/v1/chat/completions "HTTP/1.1 200 OK"
2026-04-27 01:14:51,538 INFO httpx — HTTP Request: POST http://localhost:11434/v1/chat/completions "HTTP/1.1 200 OK"
2026-04-27 01:14:53,680 INFO httpx — HTTP Request: POST http://localhost:11434/v1/chat/completions "HTTP/1.1 200 OK"
2026-04-27 01:14:56,620 INFO httpx — HTTP Request: POST http://localhost:11434/v1/chat/completions "HTTP/1.1 200 OK"
2026-04-27 01:14:59,145 INFO httpx — HTTP Request: POST http://localhost:11434/v1/chat/completions "HTTP/1.1 200 OK"
2026-04-27 01:15:01,088 INFO httpx — HTTP Request: POST http://localhost:11434/v1/chat/completions "HTTP/1.1 200 OK"
2026-04-27 01:15:03,614 INFO httpx — HTTP Request: POST http://localhost:11434/v1/chat/completions "HTTP/1.1 200 OK"
2026-04-27 01:15:05,794 INFO httpx — HTTP Request: POST http://localhost:11434/v1/chat/completions "HTTP/1.1 200 OK"
2026-04-27 01:15:07,511 INFO httpx — HTTP Request: POST http://localhost:11434/v1/chat/completions "HTTP/1.1 200 OK"
2026-04-27 01:15:09,392 INFO __main__ — Condition no_events_context: completed 1/5 (attempt 1, replacements: 0)
2026-04-27 01:15:09,609 INFO httpx — HTTP Request: POST http://localhost:11434/v1/chat/completions "HTTP/1.1 200 OK"
2026-04-27 01:15:11,966 INFO httpx — HTTP Request: POST http://localhost:11434/v1/chat/completions "HTTP/1.1 200 OK"
2026-04-27 01:15:14,464 INFO httpx — HTTP Request: POST http://localhost:11434/v1/chat/completions "HTTP/1.1 200 OK"
2026-04-27 01:15:16,411 INFO httpx — HTTP Request: POST http://localhost:11434/v1/chat/completions "HTTP/1.1 200 OK"
2026-04-27 01:15:18,554 INFO httpx — HTTP Request: POST http://localhost:11434/v1/chat/completions "HTTP/1.1 200 OK"
2026-04-27 01:15:20,858 INFO httpx — HTTP Request: POST http://localhost:11434/v1/chat/completions "HTTP/1.1 200 OK"
2026-04-27 01:15:23,240 INFO httpx — HTTP Request: POST http://localhost:11434/v1/chat/completions "HTTP/1.1 200 OK"
2026-04-27 01:15:25,550 INFO httpx — HTTP Request: POST http://localhost:11434/v1/chat/completions "HTTP/1.1 200 OK"
2026-04-27 01:15:27,132 INFO httpx — HTTP Request: POST http://localhost:11434/v1/chat/completions "HTTP/1.1 200 OK"
2026-04-27 01:15:28,820 INFO httpx — HTTP Request: POST http://localhost:11434/v1/chat/completions "HTTP/1.1 200 OK"
2026-04-27 01:15:31,897 INFO httpx — HTTP Request: POST http://localhost:11434/v1/chat/completions "HTTP/1.1 200 OK"
2026-04-27 01:15:33,946 INFO httpx — HTTP Request: POST http://localhost:11434/v1/chat/completions "HTTP/1.1 200 OK"
2026-04-27 01:15:36,261 INFO httpx — HTTP Request: POST http://localhost:11434/v1/chat/completions "HTTP/1.1 200 OK"
2026-04-27 01:15:38,655 INFO httpx — HTTP Request: POST http://localhost:11434/v1/chat/completions "HTTP/1.1 200 OK"
2026-04-27 01:15:40,333 INFO httpx — HTTP Request: POST http://localhost:11434/v1/chat/completions "HTTP/1.1 200 OK"
2026-04-27 01:15:42,588 INFO httpx — HTTP Request: POST http://localhost:11434/v1/chat/completions "HTTP/1.1 200 OK"
2026-04-27 01:15:44,867 INFO httpx — HTTP Request: POST http://localhost:11434/v1/chat/completions "HTTP/1.1 200 OK"
2026-04-27 01:15:46,913 INFO httpx — HTTP Request: POST http://localhost:11434/v1/chat/completions "HTTP/1.1 200 OK"
2026-04-27 01:15:49,081 INFO httpx — HTTP Request: POST http://localhost:11434/v1/chat/completions "HTTP/1.1 200 OK"
2026-04-27 01:15:51,418 INFO httpx — HTTP Request: POST http://localhost:11434/v1/chat/completions "HTTP/1.1 200 OK"
2026-04-27 01:15:53,357 INFO httpx — HTTP Request: POST http://localhost:11434/v1/chat/completions "HTTP/1.1 200 OK"
2026-04-27 01:15:55,565 INFO httpx — HTTP Request: POST http://localhost:11434/v1/chat/completions "HTTP/1.1 200 OK"
2026-04-27 01:15:57,842 INFO httpx — HTTP Request: POST http://localhost:11434/v1/chat/completions "HTTP/1.1 200 OK"
2026-04-27 01:16:00,012 INFO httpx — HTTP Request: POST http://localhost:11434/v1/chat/completions "HTTP/1.1 200 OK"
2026-04-27 01:16:01,944 INFO httpx — HTTP Request: POST http://localhost:11434/v1/chat/completions "HTTP/1.1 200 OK"
2026-04-27 01:16:04,083 INFO httpx — HTTP Request: POST http://localhost:11434/v1/chat/completions "HTTP/1.1 200 OK"
2026-04-27 01:16:05,677 INFO httpx — HTTP Request: POST http://localhost:11434/v1/chat/completions "HTTP/1.1 200 OK"
2026-04-27 01:16:07,349 INFO httpx — HTTP Request: POST http://localhost:11434/v1/chat/completions "HTTP/1.1 200 OK"
2026-04-27 01:16:09,791 INFO httpx — HTTP Request: POST http://localhost:11434/v1/chat/completions "HTTP/1.1 200 OK"
2026-04-27 01:16:11,366 INFO httpx — HTTP Request: POST http://localhost:11434/v1/chat/completions "HTTP/1.1 200 OK"
2026-04-27 01:16:13,783 INFO httpx — HTTP Request: POST http://localhost:11434/v1/chat/completions "HTTP/1.1 200 OK"
2026-04-27 01:16:16,153 INFO httpx — HTTP Request: POST http://localhost:11434/v1/chat/completions "HTTP/1.1 200 OK"
2026-04-27 01:16:18,365 INFO httpx — HTTP Request: POST http://localhost:11434/v1/chat/completions "HTTP/1.1 200 OK"
2026-04-27 01:16:20,904 INFO httpx — HTTP Request: POST http://localhost:11434/v1/chat/completions "HTTP/1.1 200 OK"
2026-04-27 01:16:23,341 INFO httpx — HTTP Request: POST http://localhost:11434/v1/chat/completions "HTTP/1.1 200 OK"
2026-04-27 01:16:25,356 INFO httpx — HTTP Request: POST http://localhost:11434/v1/chat/completions "HTTP/1.1 200 OK"
2026-04-27 01:16:27,702 INFO httpx — HTTP Request: POST http://localhost:11434/v1/chat/completions "HTTP/1.1 200 OK"
2026-04-27 01:16:30,187 INFO httpx — HTTP Request: POST http://localhost:11434/v1/chat/completions "HTTP/1.1 200 OK"
2026-04-27 01:16:33,070 INFO httpx — HTTP Request: POST http://localhost:11434/v1/chat/completions "HTTP/1.1 200 OK"
2026-04-27 01:16:34,807 INFO httpx — HTTP Request: POST http://localhost:11434/v1/chat/completions "HTTP/1.1 200 OK"
2026-04-27 01:16:37,216 INFO httpx — HTTP Request: POST http://localhost:11434/v1/chat/completions "HTTP/1.1 200 OK"
2026-04-27 01:16:39,789 INFO httpx — HTTP Request: POST http://localhost:11434/v1/chat/completions "HTTP/1.1 200 OK"
2026-04-27 01:16:41,724 INFO httpx — HTTP Request: POST http://localhost:11434/v1/chat/completions "HTTP/1.1 200 OK"
2026-04-27 01:16:44,199 INFO httpx — HTTP Request: POST http://localhost:11434/v1/chat/completions "HTTP/1.1 200 OK"
2026-04-27 01:16:47,465 INFO httpx — HTTP Request: POST http://localhost:11434/v1/chat/completions "HTTP/1.1 200 OK"
2026-04-27 01:16:49,428 INFO httpx — HTTP Request: POST http://localhost:11434/v1/chat/completions "HTTP/1.1 200 OK"
2026-04-27 01:16:51,747 INFO httpx — HTTP Request: POST http://localhost:11434/v1/chat/completions "HTTP/1.1 200 OK"
2026-04-27 01:16:54,359 INFO httpx — HTTP Request: POST http://localhost:11434/v1/chat/completions "HTTP/1.1 200 OK"
2026-04-27 01:16:56,200 INFO httpx — HTTP Request: POST http://localhost:11434/v1/chat/completions "HTTP/1.1 200 OK"
2026-04-27 01:16:58,958 INFO httpx — HTTP Request: POST http://localhost:11434/v1/chat/completions "HTTP/1.1 200 OK"
2026-04-27 01:17:01,440 INFO httpx — HTTP Request: POST http://localhost:11434/v1/chat/completions "HTTP/1.1 200 OK"
2026-04-27 01:17:03,338 INFO httpx — HTTP Request: POST http://localhost:11434/v1/chat/completions "HTTP/1.1 200 OK"
2026-04-27 01:17:05,852 INFO httpx — HTTP Request: POST http://localhost:11434/v1/chat/completions "HTTP/1.1 200 OK"
2026-04-27 01:17:08,107 INFO httpx — HTTP Request: POST http://localhost:11434/v1/chat/completions "HTTP/1.1 200 OK"
2026-04-27 01:17:10,489 INFO httpx — HTTP Request: POST http://localhost:11434/v1/chat/completions "HTTP/1.1 200 OK"
2026-04-27 01:17:12,344 INFO httpx — HTTP Request: POST http://localhost:11434/v1/chat/completions "HTTP/1.1 200 OK"
2026-04-27 01:17:14,807 INFO httpx — HTTP Request: POST http://localhost:11434/v1/chat/completions "HTTP/1.1 200 OK"
2026-04-27 01:17:16,802 INFO httpx — HTTP Request: POST http://localhost:11434/v1/chat/completions "HTTP/1.1 200 OK"
2026-04-27 01:17:18,718 INFO httpx — HTTP Request: POST http://localhost:11434/v1/chat/completions "HTTP/1.1 200 OK"
2026-04-27 01:17:21,203 INFO httpx — HTTP Request: POST http://localhost:11434/v1/chat/completions "HTTP/1.1 200 OK"
2026-04-27 01:17:23,801 INFO httpx — HTTP Request: POST http://localhost:11434/v1/chat/completions "HTTP/1.1 200 OK"
2026-04-27 01:17:26,571 INFO httpx — HTTP Request: POST http://localhost:11434/v1/chat/completions "HTTP/1.1 200 OK"
2026-04-27 01:17:28,416 INFO httpx — HTTP Request: POST http://localhost:11434/v1/chat/completions "HTTP/1.1 200 OK"
2026-04-27 01:17:30,096 INFO httpx — HTTP Request: POST http://localhost:11434/v1/chat/completions "HTTP/1.1 200 OK"
2026-04-27 01:17:32,301 INFO httpx — HTTP Request: POST http://localhost:11434/v1/chat/completions "HTTP/1.1 200 OK"
2026-04-27 01:17:34,261 INFO httpx — HTTP Request: POST http://localhost:11434/v1/chat/completions "HTTP/1.1 200 OK"
2026-04-27 01:17:36,417 INFO httpx — HTTP Request: POST http://localhost:11434/v1/chat/completions "HTTP/1.1 200 OK"
2026-04-27 01:17:38,644 INFO httpx — HTTP Request: POST http://localhost:11434/v1/chat/completions "HTTP/1.1 200 OK"
2026-04-27 01:17:41,233 INFO httpx — HTTP Request: POST http://localhost:11434/v1/chat/completions "HTTP/1.1 200 OK"
2026-04-27 01:17:43,145 INFO httpx — HTTP Request: POST http://localhost:11434/v1/chat/completions "HTTP/1.1 200 OK"
2026-04-27 01:17:45,038 INFO httpx — HTTP Request: POST http://localhost:11434/v1/chat/completions "HTTP/1.1 200 OK"
2026-04-27 01:17:47,738 INFO httpx — HTTP Request: POST http://localhost:11434/v1/chat/completions "HTTP/1.1 200 OK"
2026-04-27 01:17:49,421 INFO httpx — HTTP Request: POST http://localhost:11434/v1/chat/completions "HTTP/1.1 200 OK"
2026-04-27 01:17:51,947 INFO httpx — HTTP Request: POST http://localhost:11434/v1/chat/completions "HTTP/1.1 200 OK"
2026-04-27 01:17:55,158 INFO httpx — HTTP Request: POST http://localhost:11434/v1/chat/completions "HTTP/1.1 200 OK"
2026-04-27 01:17:57,243 INFO httpx — HTTP Request: POST http://localhost:11434/v1/chat/completions "HTTP/1.1 200 OK"
2026-04-27 01:17:59,510 INFO httpx — HTTP Request: POST http://localhost:11434/v1/chat/completions "HTTP/1.1 200 OK"
2026-04-27 01:18:01,511 INFO httpx — HTTP Request: POST http://localhost:11434/v1/chat/completions "HTTP/1.1 200 OK"
2026-04-27 01:18:03,472 INFO httpx — HTTP Request: POST http://localhost:11434/v1/chat/completions "HTTP/1.1 200 OK"
2026-04-27 01:18:05,967 INFO httpx — HTTP Request: POST http://localhost:11434/v1/chat/completions "HTTP/1.1 200 OK"
2026-04-27 01:18:08,498 INFO httpx — HTTP Request: POST http://localhost:11434/v1/chat/completions "HTTP/1.1 200 OK"
2026-04-27 01:18:10,377 INFO httpx — HTTP Request: POST http://localhost:11434/v1/chat/completions "HTTP/1.1 200 OK"
2026-04-27 01:18:13,085 INFO httpx — HTTP Request: POST http://localhost:11434/v1/chat/completions "HTTP/1.1 200 OK"
2026-04-27 01:18:15,041 INFO httpx — HTTP Request: POST http://localhost:11434/v1/chat/completions "HTTP/1.1 200 OK"
2026-04-27 01:18:17,485 INFO httpx — HTTP Request: POST http://localhost:11434/v1/chat/completions "HTTP/1.1 200 OK"
2026-04-27 01:18:21,446 INFO httpx — HTTP Request: POST http://localhost:11434/v1/chat/completions "HTTP/1.1 200 OK"
2026-04-27 01:18:23,400 INFO httpx — HTTP Request: POST http://localhost:11434/v1/chat/completions "HTTP/1.1 200 OK"
2026-04-27 01:18:25,343 INFO httpx — HTTP Request: POST http://localhost:11434/v1/chat/completions "HTTP/1.1 200 OK"
2026-04-27 01:18:27,502 INFO httpx — HTTP Request: POST http://localhost:11434/v1/chat/completions "HTTP/1.1 200 OK"
2026-04-27 01:18:29,322 INFO httpx — HTTP Request: POST http://localhost:11434/v1/chat/completions "HTTP/1.1 200 OK"
2026-04-27 01:18:30,850 INFO httpx — HTTP Request: POST http://localhost:11434/v1/chat/completions "HTTP/1.1 200 OK"
2026-04-27 01:18:33,310 INFO httpx — HTTP Request: POST http://localhost:11434/v1/chat/completions "HTTP/1.1 200 OK"
2026-04-27 01:18:34,925 INFO httpx — HTTP Request: POST http://localhost:11434/v1/chat/completions "HTTP/1.1 200 OK"
2026-04-27 01:18:36,795 INFO httpx — HTTP Request: POST http://localhost:11434/v1/chat/completions "HTTP/1.1 200 OK"
2026-04-27 01:18:38,888 INFO httpx — HTTP Request: POST http://localhost:11434/v1/chat/completions "HTTP/1.1 200 OK"
2026-04-27 01:18:41,006 INFO httpx — HTTP Request: POST http://localhost:11434/v1/chat/completions "HTTP/1.1 200 OK"
2026-04-27 01:18:42,918 INFO httpx — HTTP Request: POST http://localhost:11434/v1/chat/completions "HTTP/1.1 200 OK"
2026-04-27 01:18:44,731 INFO httpx — HTTP Request: POST http://localhost:11434/v1/chat/completions "HTTP/1.1 200 OK"
2026-04-27 01:18:46,592 INFO httpx — HTTP Request: POST http://localhost:11434/v1/chat/completions "HTTP/1.1 200 OK"
2026-04-27 01:18:48,286 INFO httpx — HTTP Request: POST http://localhost:11434/v1/chat/completions "HTTP/1.1 200 OK"
2026-04-27 01:18:50,022 INFO httpx — HTTP Request: POST http://localhost:11434/v1/chat/completions "HTTP/1.1 200 OK"
2026-04-27 01:18:52,077 INFO httpx — HTTP Request: POST http://localhost:11434/v1/chat/completions "HTTP/1.1 200 OK"
2026-04-27 01:18:53,782 INFO httpx — HTTP Request: POST http://localhost:11434/v1/chat/completions "HTTP/1.1 200 OK"
2026-04-27 01:18:55,955 INFO httpx — HTTP Request: POST http://localhost:11434/v1/chat/completions "HTTP/1.1 200 OK"
2026-04-27 01:18:57,949 INFO httpx — HTTP Request: POST http://localhost:11434/v1/chat/completions "HTTP/1.1 200 OK"
2026-04-27 01:19:00,246 INFO __main__ — Condition no_events_context: completed 2/5 (attempt 2, replacements: 0)
2026-04-27 01:19:00,471 INFO httpx — HTTP Request: POST http://localhost:11434/v1/chat/completions "HTTP/1.1 200 OK"
2026-04-27 01:19:03,518 INFO httpx — HTTP Request: POST http://localhost:11434/v1/chat/completions "HTTP/1.1 200 OK"
2026-04-27 01:19:06,382 INFO httpx — HTTP Request: POST http://localhost:11434/v1/chat/completions "HTTP/1.1 200 OK"
2026-04-27 01:19:08,702 INFO httpx — HTTP Request: POST http://localhost:11434/v1/chat/completions "HTTP/1.1 200 OK"
2026-04-27 01:19:11,658 INFO httpx — HTTP Request: POST http://localhost:11434/v1/chat/completions "HTTP/1.1 200 OK"
2026-04-27 01:19:14,701 INFO httpx — HTTP Request: POST http://localhost:11434/v1/chat/completions "HTTP/1.1 200 OK"
2026-04-27 01:19:16,686 INFO httpx — HTTP Request: POST http://localhost:11434/v1/chat/completions "HTTP/1.1 200 OK"
2026-04-27 01:19:19,323 INFO httpx — HTTP Request: POST http://localhost:11434/v1/chat/completions "HTTP/1.1 200 OK"
2026-04-27 01:19:21,162 INFO httpx — HTTP Request: POST http://localhost:11434/v1/chat/completions "HTTP/1.1 200 OK"
2026-04-27 01:19:24,370 INFO httpx — HTTP Request: POST http://localhost:11434/v1/chat/completions "HTTP/1.1 200 OK"
2026-04-27 01:19:27,337 INFO httpx — HTTP Request: POST http://localhost:11434/v1/chat/completions "HTTP/1.1 200 OK"
2026-04-27 01:19:29,821 INFO httpx — HTTP Request: POST http://localhost:11434/v1/chat/completions "HTTP/1.1 200 OK"
2026-04-27 01:19:32,346 INFO httpx — HTTP Request: POST http://localhost:11434/v1/chat/completions "HTTP/1.1 200 OK"
2026-04-27 01:19:35,915 INFO httpx — HTTP Request: POST http://localhost:11434/v1/chat/completions "HTTP/1.1 200 OK"
2026-04-27 01:19:39,556 INFO httpx — HTTP Request: POST http://localhost:11434/v1/chat/completions "HTTP/1.1 200 OK"
2026-04-27 01:19:41,401 INFO httpx — HTTP Request: POST http://localhost:11434/v1/chat/completions "HTTP/1.1 200 OK"
2026-04-27 01:19:43,996 INFO httpx — HTTP Request: POST http://localhost:11434/v1/chat/completions "HTTP/1.1 200 OK"
2026-04-27 01:19:46,803 INFO httpx — HTTP Request: POST http://localhost:11434/v1/chat/completions "HTTP/1.1 200 OK"
2026-04-27 01:19:48,726 INFO httpx — HTTP Request: POST http://localhost:11434/v1/chat/completions "HTTP/1.1 200 OK"
2026-04-27 01:19:51,663 INFO httpx — HTTP Request: POST http://localhost:11434/v1/chat/completions "HTTP/1.1 200 OK"
2026-04-27 01:19:54,517 INFO httpx — HTTP Request: POST http://localhost:11434/v1/chat/completions "HTTP/1.1 200 OK"
2026-04-27 01:19:57,083 INFO httpx — HTTP Request: POST http://localhost:11434/v1/chat/completions "HTTP/1.1 200 OK"
2026-04-27 01:19:59,254 INFO httpx — HTTP Request: POST http://localhost:11434/v1/chat/completions "HTTP/1.1 200 OK"
2026-04-27 01:20:02,116 INFO httpx — HTTP Request: POST http://localhost:11434/v1/chat/completions "HTTP/1.1 200 OK"
2026-04-27 01:20:04,632 INFO httpx — HTTP Request: POST http://localhost:11434/v1/chat/completions "HTTP/1.1 200 OK"
2026-04-27 01:20:06,671 INFO httpx — HTTP Request: POST http://localhost:11434/v1/chat/completions "HTTP/1.1 200 OK"
2026-04-27 01:20:08,929 INFO httpx — HTTP Request: POST http://localhost:11434/v1/chat/completions "HTTP/1.1 200 OK"
2026-04-27 01:20:10,628 INFO httpx — HTTP Request: POST http://localhost:11434/v1/chat/completions "HTTP/1.1 200 OK"
2026-04-27 01:20:13,645 INFO httpx — HTTP Request: POST http://localhost:11434/v1/chat/completions "HTTP/1.1 200 OK"
2026-04-27 01:20:15,370 INFO httpx — HTTP Request: POST http://localhost:11434/v1/chat/completions "HTTP/1.1 200 OK"
2026-04-27 01:20:17,790 INFO httpx — HTTP Request: POST http://localhost:11434/v1/chat/completions "HTTP/1.1 200 OK"
2026-04-27 01:20:20,280 INFO httpx — HTTP Request: POST http://localhost:11434/v1/chat/completions "HTTP/1.1 200 OK"
2026-04-27 01:20:22,761 INFO httpx — HTTP Request: POST http://localhost:11434/v1/chat/completions "HTTP/1.1 200 OK"
2026-04-27 01:20:24,660 INFO httpx — HTTP Request: POST http://localhost:11434/v1/chat/completions "HTTP/1.1 200 OK"
2026-04-27 01:20:27,168 INFO httpx — HTTP Request: POST http://localhost:11434/v1/chat/completions "HTTP/1.1 200 OK"
2026-04-27 01:20:29,255 INFO httpx — HTTP Request: POST http://localhost:11434/v1/chat/completions "HTTP/1.1 200 OK"
2026-04-27 01:20:30,976 INFO httpx — HTTP Request: POST http://localhost:11434/v1/chat/completions "HTTP/1.1 200 OK"
2026-04-27 01:20:33,250 INFO httpx — HTTP Request: POST http://localhost:11434/v1/chat/completions "HTTP/1.1 200 OK"
2026-04-27 01:20:36,686 INFO httpx — HTTP Request: POST http://localhost:11434/v1/chat/completions "HTTP/1.1 200 OK"
2026-04-27 01:20:39,125 INFO httpx — HTTP Request: POST http://localhost:11434/v1/chat/completions "HTTP/1.1 200 OK"
2026-04-27 01:20:41,276 INFO httpx — HTTP Request: POST http://localhost:11434/v1/chat/completions "HTTP/1.1 200 OK"
2026-04-27 01:20:43,544 INFO httpx — HTTP Request: POST http://localhost:11434/v1/chat/completions "HTTP/1.1 200 OK"
2026-04-27 01:20:45,284 INFO httpx — HTTP Request: POST http://localhost:11434/v1/chat/completions "HTTP/1.1 200 OK"
2026-04-27 01:20:47,785 INFO httpx — HTTP Request: POST http://localhost:11434/v1/chat/completions "HTTP/1.1 200 OK"
2026-04-27 01:20:49,789 INFO httpx — HTTP Request: POST http://localhost:11434/v1/chat/completions "HTTP/1.1 200 OK"
2026-04-27 01:20:51,759 INFO httpx — HTTP Request: POST http://localhost:11434/v1/chat/completions "HTTP/1.1 200 OK"
2026-04-27 01:20:54,184 INFO httpx — HTTP Request: POST http://localhost:11434/v1/chat/completions "HTTP/1.1 200 OK"
2026-04-27 01:20:56,873 INFO httpx — HTTP Request: POST http://localhost:11434/v1/chat/completions "HTTP/1.1 200 OK"
2026-04-27 01:20:58,643 INFO httpx — HTTP Request: POST http://localhost:11434/v1/chat/completions "HTTP/1.1 200 OK"
2026-04-27 01:21:00,833 INFO httpx — HTTP Request: POST http://localhost:11434/v1/chat/completions "HTTP/1.1 200 OK"
2026-04-27 01:21:03,413 INFO httpx — HTTP Request: POST http://localhost:11434/v1/chat/completions "HTTP/1.1 200 OK"
2026-04-27 01:21:05,090 INFO httpx — HTTP Request: POST http://localhost:11434/v1/chat/completions "HTTP/1.1 200 OK"
2026-04-27 01:21:07,558 INFO httpx — HTTP Request: POST http://localhost:11434/v1/chat/completions "HTTP/1.1 200 OK"
2026-04-27 01:21:09,545 INFO httpx — HTTP Request: POST http://localhost:11434/v1/chat/completions "HTTP/1.1 200 OK"
2026-04-27 01:21:12,022 INFO httpx — HTTP Request: POST http://localhost:11434/v1/chat/completions "HTTP/1.1 200 OK"
2026-04-27 01:21:14,991 INFO httpx — HTTP Request: POST http://localhost:11434/v1/chat/completions "HTTP/1.1 200 OK"
2026-04-27 01:21:17,015 INFO httpx — HTTP Request: POST http://localhost:11434/v1/chat/completions "HTTP/1.1 200 OK"
2026-04-27 01:21:19,110 INFO httpx — HTTP Request: POST http://localhost:11434/v1/chat/completions "HTTP/1.1 200 OK"
2026-04-27 01:21:21,239 INFO httpx — HTTP Request: POST http://localhost:11434/v1/chat/completions "HTTP/1.1 200 OK"
2026-04-27 01:21:23,644 INFO httpx — HTTP Request: POST http://localhost:11434/v1/chat/completions "HTTP/1.1 200 OK"
2026-04-27 01:21:26,069 INFO httpx — HTTP Request: POST http://localhost:11434/v1/chat/completions "HTTP/1.1 200 OK"
2026-04-27 01:21:28,542 INFO httpx — HTTP Request: POST http://localhost:11434/v1/chat/completions "HTTP/1.1 200 OK"
2026-04-27 01:21:30,255 INFO httpx — HTTP Request: POST http://localhost:11434/v1/chat/completions "HTTP/1.1 200 OK"
2026-04-27 01:21:31,933 INFO httpx — HTTP Request: POST http://localhost:11434/v1/chat/completions "HTTP/1.1 200 OK"
2026-04-27 01:21:33,887 INFO httpx — HTTP Request: POST http://localhost:11434/v1/chat/completions "HTTP/1.1 200 OK"
2026-04-27 01:21:36,413 INFO httpx — HTTP Request: POST http://localhost:11434/v1/chat/completions "HTTP/1.1 200 OK"
2026-04-27 01:21:37,981 INFO httpx — HTTP Request: POST http://localhost:11434/v1/chat/completions "HTTP/1.1 200 OK"
2026-04-27 01:21:40,569 INFO httpx — HTTP Request: POST http://localhost:11434/v1/chat/completions "HTTP/1.1 200 OK"
2026-04-27 01:21:42,598 INFO httpx — HTTP Request: POST http://localhost:11434/v1/chat/completions "HTTP/1.1 200 OK"
2026-04-27 01:21:44,565 INFO httpx — HTTP Request: POST http://localhost:11434/v1/chat/completions "HTTP/1.1 200 OK"
2026-04-27 01:21:46,776 INFO httpx — HTTP Request: POST http://localhost:11434/v1/chat/completions "HTTP/1.1 200 OK"
2026-04-27 01:21:48,567 INFO httpx — HTTP Request: POST http://localhost:11434/v1/chat/completions "HTTP/1.1 200 OK"
2026-04-27 01:21:50,461 INFO httpx — HTTP Request: POST http://localhost:11434/v1/chat/completions "HTTP/1.1 200 OK"
2026-04-27 01:21:52,990 INFO httpx — HTTP Request: POST http://localhost:11434/v1/chat/completions "HTTP/1.1 200 OK"
2026-04-27 01:21:55,520 INFO httpx — HTTP Request: POST http://localhost:11434/v1/chat/completions "HTTP/1.1 200 OK"
2026-04-27 01:21:57,489 INFO httpx — HTTP Request: POST http://localhost:11434/v1/chat/completions "HTTP/1.1 200 OK"
2026-04-27 01:22:00,664 INFO httpx — HTTP Request: POST http://localhost:11434/v1/chat/completions "HTTP/1.1 200 OK"
2026-04-27 01:22:02,625 INFO httpx — HTTP Request: POST http://localhost:11434/v1/chat/completions "HTTP/1.1 200 OK"
2026-04-27 01:22:04,619 INFO httpx — HTTP Request: POST http://localhost:11434/v1/chat/completions "HTTP/1.1 200 OK"
2026-04-27 01:22:07,381 INFO httpx — HTTP Request: POST http://localhost:11434/v1/chat/completions "HTTP/1.1 200 OK"
2026-04-27 01:22:08,874 INFO httpx — HTTP Request: POST http://localhost:11434/v1/chat/completions "HTTP/1.1 200 OK"
2026-04-27 01:22:10,781 INFO httpx — HTTP Request: POST http://localhost:11434/v1/chat/completions "HTTP/1.1 200 OK"
2026-04-27 01:22:13,003 INFO httpx — HTTP Request: POST http://localhost:11434/v1/chat/completions "HTTP/1.1 200 OK"
2026-04-27 01:22:14,851 INFO httpx — HTTP Request: POST http://localhost:11434/v1/chat/completions "HTTP/1.1 200 OK"
2026-04-27 01:22:17,153 INFO httpx — HTTP Request: POST http://localhost:11434/v1/chat/completions "HTTP/1.1 200 OK"
2026-04-27 01:22:20,123 INFO httpx — HTTP Request: POST http://localhost:11434/v1/chat/completions "HTTP/1.1 200 OK"
2026-04-27 01:22:22,456 INFO httpx — HTTP Request: POST http://localhost:11434/v1/chat/completions "HTTP/1.1 200 OK"
2026-04-27 01:22:24,439 INFO httpx — HTTP Request: POST http://localhost:11434/v1/chat/completions "HTTP/1.1 200 OK"
2026-04-27 01:22:26,949 INFO httpx — HTTP Request: POST http://localhost:11434/v1/chat/completions "HTTP/1.1 200 OK"
2026-04-27 01:22:28,944 INFO httpx — HTTP Request: POST http://localhost:11434/v1/chat/completions "HTTP/1.1 200 OK"
2026-04-27 01:22:31,049 INFO httpx — HTTP Request: POST http://localhost:11434/v1/chat/completions "HTTP/1.1 200 OK"
2026-04-27 01:22:33,572 INFO httpx — HTTP Request: POST http://localhost:11434/v1/chat/completions "HTTP/1.1 200 OK"
2026-04-27 01:22:35,264 INFO httpx — HTTP Request: POST http://localhost:11434/v1/chat/completions "HTTP/1.1 200 OK"
2026-04-27 01:22:37,119 INFO httpx — HTTP Request: POST http://localhost:11434/v1/chat/completions "HTTP/1.1 200 OK"
2026-04-27 01:22:39,490 INFO httpx — HTTP Request: POST http://localhost:11434/v1/chat/completions "HTTP/1.1 200 OK"
2026-04-27 01:22:41,675 INFO httpx — HTTP Request: POST http://localhost:11434/v1/chat/completions "HTTP/1.1 200 OK"
2026-04-27 01:22:44,198 INFO httpx — HTTP Request: POST http://localhost:11434/v1/chat/completions "HTTP/1.1 200 OK"
2026-04-27 01:22:46,956 INFO httpx — HTTP Request: POST http://localhost:11434/v1/chat/completions "HTTP/1.1 200 OK"
2026-04-27 01:22:49,010 INFO httpx — HTTP Request: POST http://localhost:11434/v1/chat/completions "HTTP/1.1 200 OK"
2026-04-27 01:22:50,904 INFO httpx — HTTP Request: POST http://localhost:11434/v1/chat/completions "HTTP/1.1 200 OK"
2026-04-27 01:22:54,152 INFO httpx — HTTP Request: POST http://localhost:11434/v1/chat/completions "HTTP/1.1 200 OK"
2026-04-27 01:22:56,688 INFO httpx — HTTP Request: POST http://localhost:11434/v1/chat/completions "HTTP/1.1 200 OK"
2026-04-27 01:22:59,004 INFO httpx — HTTP Request: POST http://localhost:11434/v1/chat/completions "HTTP/1.1 200 OK"
2026-04-27 01:23:01,227 INFO httpx — HTTP Request: POST http://localhost:11434/v1/chat/completions "HTTP/1.1 200 OK"
2026-04-27 01:23:03,464 INFO httpx — HTTP Request: POST http://localhost:11434/v1/chat/completions "HTTP/1.1 200 OK"
2026-04-27 01:23:05,135 INFO __main__ — Condition no_events_context: completed 3/5 (attempt 3, replacements: 0)
2026-04-27 01:23:05,370 INFO httpx — HTTP Request: POST http://localhost:11434/v1/chat/completions "HTTP/1.1 200 OK"
2026-04-27 01:23:07,916 INFO httpx — HTTP Request: POST http://localhost:11434/v1/chat/completions "HTTP/1.1 200 OK"
2026-04-27 01:23:09,850 INFO httpx — HTTP Request: POST http://localhost:11434/v1/chat/completions "HTTP/1.1 200 OK"
2026-04-27 01:23:11,433 INFO httpx — HTTP Request: POST http://localhost:11434/v1/chat/completions "HTTP/1.1 200 OK"
2026-04-27 01:23:13,975 INFO httpx — HTTP Request: POST http://localhost:11434/v1/chat/completions "HTTP/1.1 200 OK"
2026-04-27 01:23:15,532 INFO httpx — HTTP Request: POST http://localhost:11434/v1/chat/completions "HTTP/1.1 200 OK"
2026-04-27 01:23:17,477 INFO httpx — HTTP Request: POST http://localhost:11434/v1/chat/completions "HTTP/1.1 200 OK"
2026-04-27 01:23:19,635 INFO httpx — HTTP Request: POST http://localhost:11434/v1/chat/completions "HTTP/1.1 200 OK"
2026-04-27 01:23:22,056 INFO httpx — HTTP Request: POST http://localhost:11434/v1/chat/completions "HTTP/1.1 200 OK"
2026-04-27 01:23:24,169 INFO httpx — HTTP Request: POST http://localhost:11434/v1/chat/completions "HTTP/1.1 200 OK"
2026-04-27 01:23:26,545 INFO httpx — HTTP Request: POST http://localhost:11434/v1/chat/completions "HTTP/1.1 200 OK"
2026-04-27 01:23:29,713 INFO httpx — HTTP Request: POST http://localhost:11434/v1/chat/completions "HTTP/1.1 200 OK"
2026-04-27 01:23:32,147 INFO httpx — HTTP Request: POST http://localhost:11434/v1/chat/completions "HTTP/1.1 200 OK"
2026-04-27 01:23:34,644 INFO httpx — HTTP Request: POST http://localhost:11434/v1/chat/completions "HTTP/1.1 200 OK"
2026-04-27 01:23:36,537 INFO httpx — HTTP Request: POST http://localhost:11434/v1/chat/completions "HTTP/1.1 200 OK"
2026-04-27 01:23:39,100 INFO httpx — HTTP Request: POST http://localhost:11434/v1/chat/completions "HTTP/1.1 200 OK"
2026-04-27 01:23:41,838 INFO httpx — HTTP Request: POST http://localhost:11434/v1/chat/completions "HTTP/1.1 200 OK"
2026-04-27 01:23:43,636 INFO httpx — HTTP Request: POST http://localhost:11434/v1/chat/completions "HTTP/1.1 200 OK"
2026-04-27 01:23:46,162 INFO httpx — HTTP Request: POST http://localhost:11434/v1/chat/completions "HTTP/1.1 200 OK"
2026-04-27 01:23:48,083 INFO httpx — HTTP Request: POST http://localhost:11434/v1/chat/completions "HTTP/1.1 200 OK"
2026-04-27 01:23:51,082 INFO httpx — HTTP Request: POST http://localhost:11434/v1/chat/completions "HTTP/1.1 200 OK"
2026-04-27 01:23:53,542 INFO httpx — HTTP Request: POST http://localhost:11434/v1/chat/completions "HTTP/1.1 200 OK"
2026-04-27 01:23:55,939 INFO httpx — HTTP Request: POST http://localhost:11434/v1/chat/completions "HTTP/1.1 200 OK"
2026-04-27 01:23:58,198 INFO httpx — HTTP Request: POST http://localhost:11434/v1/chat/completions "HTTP/1.1 200 OK"
2026-04-27 01:24:00,314 INFO httpx — HTTP Request: POST http://localhost:11434/v1/chat/completions "HTTP/1.1 200 OK"
2026-04-27 01:24:03,126 INFO httpx — HTTP Request: POST http://localhost:11434/v1/chat/completions "HTTP/1.1 200 OK"
2026-04-27 01:24:05,818 INFO httpx — HTTP Request: POST http://localhost:11434/v1/chat/completions "HTTP/1.1 200 OK"
2026-04-27 01:24:08,294 INFO httpx — HTTP Request: POST http://localhost:11434/v1/chat/completions "HTTP/1.1 200 OK"
2026-04-27 01:24:10,816 INFO httpx — HTTP Request: POST http://localhost:11434/v1/chat/completions "HTTP/1.1 200 OK"
2026-04-27 01:24:13,016 INFO httpx — HTTP Request: POST http://localhost:11434/v1/chat/completions "HTTP/1.1 200 OK"
2026-04-27 01:24:15,158 INFO httpx — HTTP Request: POST http://localhost:11434/v1/chat/completions "HTTP/1.1 200 OK"
2026-04-27 01:24:18,285 INFO httpx — HTTP Request: POST http://localhost:11434/v1/chat/completions "HTTP/1.1 200 OK"
2026-04-27 01:24:21,019 INFO httpx — HTTP Request: POST http://localhost:11434/v1/chat/completions "HTTP/1.1 200 OK"
2026-04-27 01:24:23,123 INFO httpx — HTTP Request: POST http://localhost:11434/v1/chat/completions "HTTP/1.1 200 OK"
2026-04-27 01:24:25,003 INFO httpx — HTTP Request: POST http://localhost:11434/v1/chat/completions "HTTP/1.1 200 OK"
2026-04-27 01:24:27,177 INFO httpx — HTTP Request: POST http://localhost:11434/v1/chat/completions "HTTP/1.1 200 OK"
2026-04-27 01:24:29,049 INFO httpx — HTTP Request: POST http://localhost:11434/v1/chat/completions "HTTP/1.1 200 OK"
2026-04-27 01:24:31,130 INFO httpx — HTTP Request: POST http://localhost:11434/v1/chat/completions "HTTP/1.1 200 OK"
2026-04-27 01:24:33,354 INFO httpx — HTTP Request: POST http://localhost:11434/v1/chat/completions "HTTP/1.1 200 OK"
2026-04-27 01:24:35,881 INFO httpx — HTTP Request: POST http://localhost:11434/v1/chat/completions "HTTP/1.1 200 OK"
2026-04-27 01:24:38,187 INFO httpx — HTTP Request: POST http://localhost:11434/v1/chat/completions "HTTP/1.1 200 OK"
2026-04-27 01:24:40,413 INFO httpx — HTTP Request: POST http://localhost:11434/v1/chat/completions "HTTP/1.1 200 OK"
2026-04-27 01:24:42,222 INFO httpx — HTTP Request: POST http://localhost:11434/v1/chat/completions "HTTP/1.1 200 OK"
2026-04-27 01:24:44,451 INFO httpx — HTTP Request: POST http://localhost:11434/v1/chat/completions "HTTP/1.1 200 OK"
2026-04-27 01:24:46,811 INFO httpx — HTTP Request: POST http://localhost:11434/v1/chat/completions "HTTP/1.1 200 OK"
2026-04-27 01:24:49,362 INFO httpx — HTTP Request: POST http://localhost:11434/v1/chat/completions "HTTP/1.1 200 OK"
2026-04-27 01:24:51,469 INFO httpx — HTTP Request: POST http://localhost:11434/v1/chat/completions "HTTP/1.1 200 OK"
2026-04-27 01:24:53,582 INFO httpx — HTTP Request: POST http://localhost:11434/v1/chat/completions "HTTP/1.1 200 OK"
2026-04-27 01:24:56,037 INFO httpx — HTTP Request: POST http://localhost:11434/v1/chat/completions "HTTP/1.1 200 OK"
2026-04-27 01:24:58,419 INFO httpx — HTTP Request: POST http://localhost:11434/v1/chat/completions "HTTP/1.1 200 OK"
2026-04-27 01:25:00,147 INFO httpx — HTTP Request: POST http://localhost:11434/v1/chat/completions "HTTP/1.1 200 OK"
2026-04-27 01:25:02,046 INFO httpx — HTTP Request: POST http://localhost:11434/v1/chat/completions "HTTP/1.1 200 OK"
2026-04-27 01:25:04,543 INFO httpx — HTTP Request: POST http://localhost:11434/v1/chat/completions "HTTP/1.1 200 OK"
2026-04-27 01:25:06,956 INFO httpx — HTTP Request: POST http://localhost:11434/v1/chat/completions "HTTP/1.1 200 OK"
2026-04-27 01:25:08,912 INFO httpx — HTTP Request: POST http://localhost:11434/v1/chat/completions "HTTP/1.1 200 OK"
2026-04-27 01:25:11,059 INFO httpx — HTTP Request: POST http://localhost:11434/v1/chat/completions "HTTP/1.1 200 OK"
2026-04-27 01:25:13,556 INFO httpx — HTTP Request: POST http://localhost:11434/v1/chat/completions "HTTP/1.1 200 OK"
2026-04-27 01:25:15,713 INFO httpx — HTTP Request: POST http://localhost:11434/v1/chat/completions "HTTP/1.1 200 OK"
2026-04-27 01:25:19,002 INFO httpx — HTTP Request: POST http://localhost:11434/v1/chat/completions "HTTP/1.1 200 OK"
2026-04-27 01:25:20,884 INFO httpx — HTTP Request: POST http://localhost:11434/v1/chat/completions "HTTP/1.1 200 OK"
2026-04-27 01:25:22,771 INFO httpx — HTTP Request: POST http://localhost:11434/v1/chat/completions "HTTP/1.1 200 OK"
2026-04-27 01:25:25,085 INFO httpx — HTTP Request: POST http://localhost:11434/v1/chat/completions "HTTP/1.1 200 OK"
2026-04-27 01:25:27,557 INFO httpx — HTTP Request: POST http://localhost:11434/v1/chat/completions "HTTP/1.1 200 OK"
2026-04-27 01:25:29,567 INFO httpx — HTTP Request: POST http://localhost:11434/v1/chat/completions "HTTP/1.1 200 OK"
2026-04-27 01:25:31,830 INFO httpx — HTTP Request: POST http://localhost:11434/v1/chat/completions "HTTP/1.1 200 OK"
2026-04-27 01:25:33,973 INFO httpx — HTTP Request: POST http://localhost:11434/v1/chat/completions "HTTP/1.1 200 OK"
2026-04-27 01:25:35,758 INFO httpx — HTTP Request: POST http://localhost:11434/v1/chat/completions "HTTP/1.1 200 OK"
2026-04-27 01:25:38,330 INFO httpx — HTTP Request: POST http://localhost:11434/v1/chat/completions "HTTP/1.1 200 OK"
2026-04-27 01:25:40,391 INFO httpx — HTTP Request: POST http://localhost:11434/v1/chat/completions "HTTP/1.1 200 OK"
2026-04-27 01:25:42,414 INFO httpx — HTTP Request: POST http://localhost:11434/v1/chat/completions "HTTP/1.1 200 OK"
2026-04-27 01:25:44,856 INFO httpx — HTTP Request: POST http://localhost:11434/v1/chat/completions "HTTP/1.1 200 OK"
2026-04-27 01:25:47,641 INFO httpx — HTTP Request: POST http://localhost:11434/v1/chat/completions "HTTP/1.1 200 OK"
2026-04-27 01:25:50,289 INFO httpx — HTTP Request: POST http://localhost:11434/v1/chat/completions "HTTP/1.1 200 OK"
2026-04-27 01:25:52,662 INFO httpx — HTTP Request: POST http://localhost:11434/v1/chat/completions "HTTP/1.1 200 OK"
2026-04-27 01:25:54,619 INFO httpx — HTTP Request: POST http://localhost:11434/v1/chat/completions "HTTP/1.1 200 OK"
2026-04-27 01:25:56,415 INFO httpx — HTTP Request: POST http://localhost:11434/v1/chat/completions "HTTP/1.1 200 OK"
2026-04-27 01:25:58,921 INFO httpx — HTTP Request: POST http://localhost:11434/v1/chat/completions "HTTP/1.1 200 OK"
2026-04-27 01:26:00,965 INFO httpx — HTTP Request: POST http://localhost:11434/v1/chat/completions "HTTP/1.1 200 OK"
2026-04-27 01:26:03,390 INFO httpx — HTTP Request: POST http://localhost:11434/v1/chat/completions "HTTP/1.1 200 OK"
2026-04-27 01:26:06,224 INFO httpx — HTTP Request: POST http://localhost:11434/v1/chat/completions "HTTP/1.1 200 OK"
2026-04-27 01:26:08,060 INFO httpx — HTTP Request: POST http://localhost:11434/v1/chat/completions "HTTP/1.1 200 OK"
2026-04-27 01:26:10,320 INFO httpx — HTTP Request: POST http://localhost:11434/v1/chat/completions "HTTP/1.1 200 OK"
2026-04-27 01:26:12,424 INFO httpx — HTTP Request: POST http://localhost:11434/v1/chat/completions "HTTP/1.1 200 OK"
2026-04-27 01:26:14,353 INFO httpx — HTTP Request: POST http://localhost:11434/v1/chat/completions "HTTP/1.1 200 OK"
2026-04-27 01:26:17,033 INFO httpx — HTTP Request: POST http://localhost:11434/v1/chat/completions "HTTP/1.1 200 OK"
2026-04-27 01:26:19,854 INFO httpx — HTTP Request: POST http://localhost:11434/v1/chat/completions "HTTP/1.1 200 OK"
2026-04-27 01:26:21,959 INFO httpx — HTTP Request: POST http://localhost:11434/v1/chat/completions "HTTP/1.1 200 OK"
2026-04-27 01:26:24,062 INFO httpx — HTTP Request: POST http://localhost:11434/v1/chat/completions "HTTP/1.1 200 OK"
2026-04-27 01:26:26,508 INFO httpx — HTTP Request: POST http://localhost:11434/v1/chat/completions "HTTP/1.1 200 OK"
2026-04-27 01:26:29,296 INFO httpx — HTTP Request: POST http://localhost:11434/v1/chat/completions "HTTP/1.1 200 OK"
2026-04-27 01:26:31,236 INFO httpx — HTTP Request: POST http://localhost:11434/v1/chat/completions "HTTP/1.1 200 OK"
2026-04-27 01:26:33,518 INFO httpx — HTTP Request: POST http://localhost:11434/v1/chat/completions "HTTP/1.1 200 OK"
2026-04-27 01:26:35,426 INFO httpx — HTTP Request: POST http://localhost:11434/v1/chat/completions "HTTP/1.1 200 OK"
2026-04-27 01:26:37,403 INFO httpx — HTTP Request: POST http://localhost:11434/v1/chat/completions "HTTP/1.1 200 OK"
2026-04-27 01:26:40,503 INFO httpx — HTTP Request: POST http://localhost:11434/v1/chat/completions "HTTP/1.1 200 OK"
2026-04-27 01:26:42,554 INFO httpx — HTTP Request: POST http://localhost:11434/v1/chat/completions "HTTP/1.1 200 OK"
2026-04-27 01:26:44,454 INFO httpx — HTTP Request: POST http://localhost:11434/v1/chat/completions "HTTP/1.1 200 OK"
2026-04-27 01:26:47,092 INFO httpx — HTTP Request: POST http://localhost:11434/v1/chat/completions "HTTP/1.1 200 OK"
2026-04-27 01:26:49,020 INFO httpx — HTTP Request: POST http://localhost:11434/v1/chat/completions "HTTP/1.1 200 OK"
2026-04-27 01:26:50,815 INFO httpx — HTTP Request: POST http://localhost:11434/v1/chat/completions "HTTP/1.1 200 OK"
2026-04-27 01:26:53,581 INFO httpx — HTTP Request: POST http://localhost:11434/v1/chat/completions "HTTP/1.1 200 OK"
2026-04-27 01:26:56,178 INFO httpx — HTTP Request: POST http://localhost:11434/v1/chat/completions "HTTP/1.1 200 OK"
2026-04-27 01:26:58,123 INFO httpx — HTTP Request: POST http://localhost:11434/v1/chat/completions "HTTP/1.1 200 OK"
2026-04-27 01:27:00,337 INFO httpx — HTTP Request: POST http://localhost:11434/v1/chat/completions "HTTP/1.1 200 OK"
2026-04-27 01:27:02,761 INFO httpx — HTTP Request: POST http://localhost:11434/v1/chat/completions "HTTP/1.1 200 OK"
2026-04-27 01:27:04,729 INFO __main__ — Condition no_events_context: completed 4/5 (attempt 4, replacements: 0)
2026-04-27 01:27:04,950 INFO httpx — HTTP Request: POST http://localhost:11434/v1/chat/completions "HTTP/1.1 200 OK"
2026-04-27 01:27:07,367 INFO httpx — HTTP Request: POST http://localhost:11434/v1/chat/completions "HTTP/1.1 200 OK"
2026-04-27 01:27:11,319 INFO httpx — HTTP Request: POST http://localhost:11434/v1/chat/completions "HTTP/1.1 200 OK"
2026-04-27 01:27:13,841 INFO httpx — HTTP Request: POST http://localhost:11434/v1/chat/completions "HTTP/1.1 200 OK"
2026-04-27 01:27:16,366 INFO httpx — HTTP Request: POST http://localhost:11434/v1/chat/completions "HTTP/1.1 200 OK"
2026-04-27 01:27:18,570 INFO httpx — HTTP Request: POST http://localhost:11434/v1/chat/completions "HTTP/1.1 200 OK"
2026-04-27 01:27:20,312 INFO httpx — HTTP Request: POST http://localhost:11434/v1/chat/completions "HTTP/1.1 200 OK"
2026-04-27 01:27:22,839 INFO httpx — HTTP Request: POST http://localhost:11434/v1/chat/completions "HTTP/1.1 200 OK"
2026-04-27 01:27:24,723 INFO httpx — HTTP Request: POST http://localhost:11434/v1/chat/completions "HTTP/1.1 200 OK"
2026-04-27 01:27:27,087 INFO httpx — HTTP Request: POST http://localhost:11434/v1/chat/completions "HTTP/1.1 200 OK"
2026-04-27 01:27:30,127 INFO httpx — HTTP Request: POST http://localhost:11434/v1/chat/completions "HTTP/1.1 200 OK"
2026-04-27 01:27:33,089 INFO httpx — HTTP Request: POST http://localhost:11434/v1/chat/completions "HTTP/1.1 200 OK"
2026-04-27 01:27:35,461 INFO httpx — HTTP Request: POST http://localhost:11434/v1/chat/completions "HTTP/1.1 200 OK"
2026-04-27 01:27:37,981 INFO httpx — HTTP Request: POST http://localhost:11434/v1/chat/completions "HTTP/1.1 200 OK"
2026-04-27 01:27:39,942 INFO httpx — HTTP Request: POST http://localhost:11434/v1/chat/completions "HTTP/1.1 200 OK"
2026-04-27 01:27:42,215 INFO httpx — HTTP Request: POST http://localhost:11434/v1/chat/completions "HTTP/1.1 200 OK"
2026-04-27 01:27:44,758 INFO httpx — HTTP Request: POST http://localhost:11434/v1/chat/completions "HTTP/1.1 200 OK"
2026-04-27 01:27:46,684 INFO httpx — HTTP Request: POST http://localhost:11434/v1/chat/completions "HTTP/1.1 200 OK"
2026-04-27 01:27:49,162 INFO httpx — HTTP Request: POST http://localhost:11434/v1/chat/completions "HTTP/1.1 200 OK"
2026-04-27 01:27:51,623 INFO httpx — HTTP Request: POST http://localhost:11434/v1/chat/completions "HTTP/1.1 200 OK"
2026-04-27 01:27:54,830 INFO httpx — HTTP Request: POST http://localhost:11434/v1/chat/completions "HTTP/1.1 200 OK"
2026-04-27 01:27:56,404 INFO httpx — HTTP Request: POST http://localhost:11434/v1/chat/completions "HTTP/1.1 200 OK"
2026-04-27 01:27:58,256 INFO httpx — HTTP Request: POST http://localhost:11434/v1/chat/completions "HTTP/1.1 200 OK"
2026-04-27 01:28:00,827 INFO httpx — HTTP Request: POST http://localhost:11434/v1/chat/completions "HTTP/1.1 200 OK"
2026-04-27 01:28:03,954 INFO httpx — HTTP Request: POST http://localhost:11434/v1/chat/completions "HTTP/1.1 200 OK"
2026-04-27 01:28:06,430 INFO httpx — HTTP Request: POST http://localhost:11434/v1/chat/completions "HTTP/1.1 200 OK"
2026-04-27 01:28:09,158 INFO httpx — HTTP Request: POST http://localhost:11434/v1/chat/completions "HTTP/1.1 200 OK"
2026-04-27 01:28:11,639 INFO httpx — HTTP Request: POST http://localhost:11434/v1/chat/completions "HTTP/1.1 200 OK"
2026-04-27 01:28:13,539 INFO httpx — HTTP Request: POST http://localhost:11434/v1/chat/completions "HTTP/1.1 200 OK"
2026-04-27 01:28:15,831 INFO httpx — HTTP Request: POST http://localhost:11434/v1/chat/completions "HTTP/1.1 200 OK"
2026-04-27 01:28:18,087 INFO httpx — HTTP Request: POST http://localhost:11434/v1/chat/completions "HTTP/1.1 200 OK"
2026-04-27 01:28:20,573 INFO httpx — HTTP Request: POST http://localhost:11434/v1/chat/completions "HTTP/1.1 200 OK"
2026-04-27 01:28:23,048 INFO httpx — HTTP Request: POST http://localhost:11434/v1/chat/completions "HTTP/1.1 200 OK"
2026-04-27 01:28:26,044 INFO httpx — HTTP Request: POST http://localhost:11434/v1/chat/completions "HTTP/1.1 200 OK"
2026-04-27 01:28:28,548 INFO httpx — HTTP Request: POST http://localhost:11434/v1/chat/completions "HTTP/1.1 200 OK"
2026-04-27 01:28:30,482 INFO httpx — HTTP Request: POST http://localhost:11434/v1/chat/completions "HTTP/1.1 200 OK"
2026-04-27 01:28:32,283 INFO httpx — HTTP Request: POST http://localhost:11434/v1/chat/completions "HTTP/1.1 200 OK"
2026-04-27 01:28:34,478 INFO httpx — HTTP Request: POST http://localhost:11434/v1/chat/completions "HTTP/1.1 200 OK"
2026-04-27 01:28:36,586 INFO httpx — HTTP Request: POST http://localhost:11434/v1/chat/completions "HTTP/1.1 200 OK"
2026-04-27 01:28:38,793 INFO httpx — HTTP Request: POST http://localhost:11434/v1/chat/completions "HTTP/1.1 200 OK"
2026-04-27 01:28:40,733 INFO httpx — HTTP Request: POST http://localhost:11434/v1/chat/completions "HTTP/1.1 200 OK"
2026-04-27 01:28:43,312 INFO httpx — HTTP Request: POST http://localhost:11434/v1/chat/completions "HTTP/1.1 200 OK"
2026-04-27 01:28:45,559 INFO httpx — HTTP Request: POST http://localhost:11434/v1/chat/completions "HTTP/1.1 200 OK"
2026-04-27 01:28:47,908 INFO httpx — HTTP Request: POST http://localhost:11434/v1/chat/completions "HTTP/1.1 200 OK"
2026-04-27 01:28:50,328 INFO httpx — HTTP Request: POST http://localhost:11434/v1/chat/completions "HTTP/1.1 200 OK"
2026-04-27 01:28:52,076 INFO httpx — HTTP Request: POST http://localhost:11434/v1/chat/completions "HTTP/1.1 200 OK"
2026-04-27 01:28:55,149 INFO httpx — HTTP Request: POST http://localhost:11434/v1/chat/completions "HTTP/1.1 200 OK"
2026-04-27 01:28:57,128 INFO httpx — HTTP Request: POST http://localhost:11434/v1/chat/completions "HTTP/1.1 200 OK"
2026-04-27 01:28:59,552 INFO httpx — HTTP Request: POST http://localhost:11434/v1/chat/completions "HTTP/1.1 200 OK"
2026-04-27 01:29:02,411 INFO httpx — HTTP Request: POST http://localhost:11434/v1/chat/completions "HTTP/1.1 200 OK"
2026-04-27 01:29:04,412 INFO httpx — HTTP Request: POST http://localhost:11434/v1/chat/completions "HTTP/1.1 200 OK"
2026-04-27 01:29:06,670 INFO httpx — HTTP Request: POST http://localhost:11434/v1/chat/completions "HTTP/1.1 200 OK"
2026-04-27 01:29:10,926 INFO httpx — HTTP Request: POST http://localhost:11434/v1/chat/completions "HTTP/1.1 200 OK"
2026-04-27 01:29:12,640 INFO httpx — HTTP Request: POST http://localhost:11434/v1/chat/completions "HTTP/1.1 200 OK"
2026-04-27 01:29:14,533 INFO httpx — HTTP Request: POST http://localhost:11434/v1/chat/completions "HTTP/1.1 200 OK"
2026-04-27 01:29:17,096 INFO httpx — HTTP Request: POST http://localhost:11434/v1/chat/completions "HTTP/1.1 200 OK"
2026-04-27 01:29:18,624 INFO httpx — HTTP Request: POST http://localhost:11434/v1/chat/completions "HTTP/1.1 200 OK"
2026-04-27 01:29:20,520 INFO httpx — HTTP Request: POST http://localhost:11434/v1/chat/completions "HTTP/1.1 200 OK"
2026-04-27 01:29:22,998 INFO httpx — HTTP Request: POST http://localhost:11434/v1/chat/completions "HTTP/1.1 200 OK"
2026-04-27 01:29:25,071 INFO httpx — HTTP Request: POST http://localhost:11434/v1/chat/completions "HTTP/1.1 200 OK"
2026-04-27 01:29:26,944 INFO httpx — HTTP Request: POST http://localhost:11434/v1/chat/completions "HTTP/1.1 200 OK"
2026-04-27 01:29:29,483 INFO httpx — HTTP Request: POST http://localhost:11434/v1/chat/completions "HTTP/1.1 200 OK"
2026-04-27 01:29:31,997 INFO httpx — HTTP Request: POST http://localhost:11434/v1/chat/completions "HTTP/1.1 200 OK"
2026-04-27 01:29:34,526 INFO httpx — HTTP Request: POST http://localhost:11434/v1/chat/completions "HTTP/1.1 200 OK"
2026-04-27 01:29:36,887 INFO httpx — HTTP Request: POST http://localhost:11434/v1/chat/completions "HTTP/1.1 200 OK"
2026-04-27 01:29:38,937 INFO httpx — HTTP Request: POST http://localhost:11434/v1/chat/completions "HTTP/1.1 200 OK"
2026-04-27 01:29:41,159 INFO httpx — HTTP Request: POST http://localhost:11434/v1/chat/completions "HTTP/1.1 200 OK"
2026-04-27 01:29:44,382 INFO httpx — HTTP Request: POST http://localhost:11434/v1/chat/completions "HTTP/1.1 200 OK"
2026-04-27 01:29:46,642 INFO httpx — HTTP Request: POST http://localhost:11434/v1/chat/completions "HTTP/1.1 200 OK"
2026-04-27 01:29:48,628 INFO httpx — HTTP Request: POST http://localhost:11434/v1/chat/completions "HTTP/1.1 200 OK"
2026-04-27 01:29:50,983 INFO httpx — HTTP Request: POST http://localhost:11434/v1/chat/completions "HTTP/1.1 200 OK"
2026-04-27 01:29:53,086 INFO httpx — HTTP Request: POST http://localhost:11434/v1/chat/completions "HTTP/1.1 200 OK"
2026-04-27 01:29:54,845 INFO httpx — HTTP Request: POST http://localhost:11434/v1/chat/completions "HTTP/1.1 200 OK"
2026-04-27 01:29:57,154 INFO httpx — HTTP Request: POST http://localhost:11434/v1/chat/completions "HTTP/1.1 200 OK"
2026-04-27 01:29:59,283 INFO httpx — HTTP Request: POST http://localhost:11434/v1/chat/completions "HTTP/1.1 200 OK"
2026-04-27 01:30:01,181 INFO httpx — HTTP Request: POST http://localhost:11434/v1/chat/completions "HTTP/1.1 200 OK"
2026-04-27 01:30:03,217 INFO httpx — HTTP Request: POST http://localhost:11434/v1/chat/completions "HTTP/1.1 200 OK"
2026-04-27 01:30:05,171 INFO httpx — HTTP Request: POST http://localhost:11434/v1/chat/completions "HTTP/1.1 200 OK"
2026-04-27 01:30:07,320 INFO httpx — HTTP Request: POST http://localhost:11434/v1/chat/completions "HTTP/1.1 200 OK"
2026-04-27 01:30:10,192 INFO httpx — HTTP Request: POST http://localhost:11434/v1/chat/completions "HTTP/1.1 200 OK"
2026-04-27 01:30:12,475 INFO httpx — HTTP Request: POST http://localhost:11434/v1/chat/completions "HTTP/1.1 200 OK"
2026-04-27 01:30:14,066 INFO httpx — HTTP Request: POST http://localhost:11434/v1/chat/completions "HTTP/1.1 200 OK"
2026-04-27 01:30:16,552 INFO httpx — HTTP Request: POST http://localhost:11434/v1/chat/completions "HTTP/1.1 200 OK"
2026-04-27 01:30:18,990 INFO httpx — HTTP Request: POST http://localhost:11434/v1/chat/completions "HTTP/1.1 200 OK"
2026-04-27 01:30:21,077 INFO httpx — HTTP Request: POST http://localhost:11434/v1/chat/completions "HTTP/1.1 200 OK"
2026-04-27 01:30:23,271 INFO httpx — HTTP Request: POST http://localhost:11434/v1/chat/completions "HTTP/1.1 200 OK"
2026-04-27 01:30:25,576 INFO httpx — HTTP Request: POST http://localhost:11434/v1/chat/completions "HTTP/1.1 200 OK"
2026-04-27 01:30:28,122 INFO httpx — HTTP Request: POST http://localhost:11434/v1/chat/completions "HTTP/1.1 200 OK"
2026-04-27 01:30:30,600 INFO httpx — HTTP Request: POST http://localhost:11434/v1/chat/completions "HTTP/1.1 200 OK"
2026-04-27 01:30:32,859 INFO httpx — HTTP Request: POST http://localhost:11434/v1/chat/completions "HTTP/1.1 200 OK"
2026-04-27 01:30:34,951 INFO httpx — HTTP Request: POST http://localhost:11434/v1/chat/completions "HTTP/1.1 200 OK"
2026-04-27 01:30:36,895 INFO httpx — HTTP Request: POST http://localhost:11434/v1/chat/completions "HTTP/1.1 200 OK"
2026-04-27 01:30:39,266 INFO httpx — HTTP Request: POST http://localhost:11434/v1/chat/completions "HTTP/1.1 200 OK"
2026-04-27 01:30:41,053 INFO httpx — HTTP Request: POST http://localhost:11434/v1/chat/completions "HTTP/1.1 200 OK"
2026-04-27 01:30:42,959 INFO httpx — HTTP Request: POST http://localhost:11434/v1/chat/completions "HTTP/1.1 200 OK"
2026-04-27 01:30:44,970 INFO httpx — HTTP Request: POST http://localhost:11434/v1/chat/completions "HTTP/1.1 200 OK"
2026-04-27 01:30:46,874 INFO httpx — HTTP Request: POST http://localhost:11434/v1/chat/completions "HTTP/1.1 200 OK"
2026-04-27 01:30:49,022 INFO httpx — HTTP Request: POST http://localhost:11434/v1/chat/completions "HTTP/1.1 200 OK"
2026-04-27 01:30:51,853 INFO httpx — HTTP Request: POST http://localhost:11434/v1/chat/completions "HTTP/1.1 200 OK"
2026-04-27 01:30:53,702 INFO httpx — HTTP Request: POST http://localhost:11434/v1/chat/completions "HTTP/1.1 200 OK"
2026-04-27 01:30:56,207 INFO httpx — HTTP Request: POST http://localhost:11434/v1/chat/completions "HTTP/1.1 200 OK"
2026-04-27 01:30:58,243 INFO httpx — HTTP Request: POST http://localhost:11434/v1/chat/completions "HTTP/1.1 200 OK"
2026-04-27 01:31:00,267 INFO httpx — HTTP Request: POST http://localhost:11434/v1/chat/completions "HTTP/1.1 200 OK"
2026-04-27 01:31:02,222 INFO httpx — HTTP Request: POST http://localhost:11434/v1/chat/completions "HTTP/1.1 200 OK"
2026-04-27 01:31:03,921 INFO httpx — HTTP Request: POST http://localhost:11434/v1/chat/completions "HTTP/1.1 200 OK"
2026-04-27 01:31:05,592 INFO __main__ — Condition no_events_context: completed 5/5 (attempt 5, replacements: 0)
2026-04-27 01:31:05,601 INFO __main__ — Condition no_events_context: finished — 5 valid runs in 5 attempts (0 replacement(s))
2026-04-27 01:31:05,605 INFO __main__ — Checkpoint written (1060 records so far)
2026-04-27 01:31:05,642 INFO __main__ — Results saved to results/E3/20260426T192229
2026-04-27 01:31:05,642 INFO __main__ — === E3 complete — results at results/E3/20260426T192229 ===
